challenge,bank_questions_B,independent_bank_clusters_ASSUMPTION,exposure_E_ASSUMPTION,questions_per_batch_k,windows,control,severity_level,positive_bank_probability_ASSUMPTION,exposure_feasible_probability,detection_probability_ASSUMPTION,monte_carlo_standard_error,mean_distinct_bank_clusters
battery_v3,25,1,2,4,1,edge_optimist,s1,0.58,0.0,,,
battery_v3,25,1,2,4,1,edge_optimist,s2,0.68,0.0,,,
battery_v3,25,1,2,4,1,edge_optimist,s3,0.78,0.0,,,
battery_v3,25,1,2,4,1,edge_optimist,s4,0.88,0.0,,,
battery_v3,25,1,2,4,1,over_cautious,s1,0.54,0.0,,,
battery_v3,25,1,2,4,1,over_cautious,s2,0.63,0.0,,,
battery_v3,25,1,2,4,1,over_cautious,s3,0.74,0.0,,,
battery_v3,25,1,2,4,1,over_cautious,s4,0.84,0.0,,,
battery_v3,25,1,2,4,1,localized_sign_error,s1,0.52,0.0,,,
battery_v3,25,1,2,4,1,localized_sign_error,s2,0.6,0.0,,,
battery_v3,25,1,2,4,1,localized_sign_error,s3,0.7,0.0,,,
battery_v3,25,1,2,4,1,localized_sign_error,s4,0.8,0.0,,,
battery_v3,25,1,2,4,1,path_aware,s1,0.56,0.0,,,
battery_v3,25,1,2,4,1,path_aware,s2,0.66,0.0,,,
battery_v3,25,1,2,4,1,path_aware,s3,0.77,0.0,,,
battery_v3,25,1,2,4,1,path_aware,s4,0.87,0.0,,,
battery_v3,25,1,2,4,2,edge_optimist,s1,0.58,0.0,,,
battery_v3,25,1,2,4,2,edge_optimist,s2,0.68,0.0,,,
battery_v3,25,1,2,4,2,edge_optimist,s3,0.78,0.0,,,
battery_v3,25,1,2,4,2,edge_optimist,s4,0.88,0.0,,,
battery_v3,25,1,2,4,2,over_cautious,s1,0.54,0.0,,,
battery_v3,25,1,2,4,2,over_cautious,s2,0.63,0.0,,,
battery_v3,25,1,2,4,2,over_cautious,s3,0.74,0.0,,,
battery_v3,25,1,2,4,2,over_cautious,s4,0.84,0.0,,,
battery_v3,25,1,2,4,2,localized_sign_error,s1,0.52,0.0,,,
battery_v3,25,1,2,4,2,localized_sign_error,s2,0.6,0.0,,,
battery_v3,25,1,2,4,2,localized_sign_error,s3,0.7,0.0,,,
battery_v3,25,1,2,4,2,localized_sign_error,s4,0.8,0.0,,,
battery_v3,25,1,2,4,2,path_aware,s1,0.56,0.0,,,
battery_v3,25,1,2,4,2,path_aware,s2,0.66,0.0,,,
battery_v3,25,1,2,4,2,path_aware,s3,0.77,0.0,,,
battery_v3,25,1,2,4,2,path_aware,s4,0.87,0.0,,,
battery_v3,25,1,2,4,3,edge_optimist,s1,0.58,0.0,,,
battery_v3,25,1,2,4,3,edge_optimist,s2,0.68,0.0,,,
battery_v3,25,1,2,4,3,edge_optimist,s3,0.78,0.0,,,
battery_v3,25,1,2,4,3,edge_optimist,s4,0.88,0.0,,,
battery_v3,25,1,2,4,3,over_cautious,s1,0.54,0.0,,,
battery_v3,25,1,2,4,3,over_cautious,s2,0.63,0.0,,,
battery_v3,25,1,2,4,3,over_cautious,s3,0.74,0.0,,,
battery_v3,25,1,2,4,3,over_cautious,s4,0.84,0.0,,,
battery_v3,25,1,2,4,3,localized_sign_error,s1,0.52,0.0,,,
battery_v3,25,1,2,4,3,localized_sign_error,s2,0.6,0.0,,,
battery_v3,25,1,2,4,3,localized_sign_error,s3,0.7,0.0,,,
battery_v3,25,1,2,4,3,localized_sign_error,s4,0.8,0.0,,,
battery_v3,25,1,2,4,3,path_aware,s1,0.56,0.0,,,
battery_v3,25,1,2,4,3,path_aware,s2,0.66,0.0,,,
battery_v3,25,1,2,4,3,path_aware,s3,0.77,0.0,,,
battery_v3,25,1,2,4,3,path_aware,s4,0.87,0.0,,,
battery_v3,25,1,2,4,5,edge_optimist,s1,0.58,0.0,,,
battery_v3,25,1,2,4,5,edge_optimist,s2,0.68,0.0,,,
battery_v3,25,1,2,4,5,edge_optimist,s3,0.78,0.0,,,
battery_v3,25,1,2,4,5,edge_optimist,s4,0.88,0.0,,,
battery_v3,25,1,2,4,5,over_cautious,s1,0.54,0.0,,,
battery_v3,25,1,2,4,5,over_cautious,s2,0.63,0.0,,,
battery_v3,25,1,2,4,5,over_cautious,s3,0.74,0.0,,,
battery_v3,25,1,2,4,5,over_cautious,s4,0.84,0.0,,,
battery_v3,25,1,2,4,5,localized_sign_error,s1,0.52,0.0,,,
battery_v3,25,1,2,4,5,localized_sign_error,s2,0.6,0.0,,,
battery_v3,25,1,2,4,5,localized_sign_error,s3,0.7,0.0,,,
battery_v3,25,1,2,4,5,localized_sign_error,s4,0.8,0.0,,,
battery_v3,25,1,2,4,5,path_aware,s1,0.56,0.0,,,
battery_v3,25,1,2,4,5,path_aware,s2,0.66,0.0,,,
battery_v3,25,1,2,4,5,path_aware,s3,0.77,0.0,,,
battery_v3,25,1,2,4,5,path_aware,s4,0.87,0.0,,,
battery_v3,25,1,2,8,1,edge_optimist,s1,0.58,0.0,,,
battery_v3,25,1,2,8,1,edge_optimist,s2,0.68,0.0,,,
battery_v3,25,1,2,8,1,edge_optimist,s3,0.78,0.0,,,
battery_v3,25,1,2,8,1,edge_optimist,s4,0.88,0.0,,,
battery_v3,25,1,2,8,1,over_cautious,s1,0.54,0.0,,,
battery_v3,25,1,2,8,1,over_cautious,s2,0.63,0.0,,,
battery_v3,25,1,2,8,1,over_cautious,s3,0.74,0.0,,,
battery_v3,25,1,2,8,1,over_cautious,s4,0.84,0.0,,,
battery_v3,25,1,2,8,1,localized_sign_error,s1,0.52,0.0,,,
battery_v3,25,1,2,8,1,localized_sign_error,s2,0.6,0.0,,,
battery_v3,25,1,2,8,1,localized_sign_error,s3,0.7,0.0,,,
battery_v3,25,1,2,8,1,localized_sign_error,s4,0.8,0.0,,,
battery_v3,25,1,2,8,1,path_aware,s1,0.56,0.0,,,
battery_v3,25,1,2,8,1,path_aware,s2,0.66,0.0,,,
battery_v3,25,1,2,8,1,path_aware,s3,0.77,0.0,,,
battery_v3,25,1,2,8,1,path_aware,s4,0.87,0.0,,,
battery_v3,25,1,2,8,2,edge_optimist,s1,0.58,0.0,,,
battery_v3,25,1,2,8,2,edge_optimist,s2,0.68,0.0,,,
battery_v3,25,1,2,8,2,edge_optimist,s3,0.78,0.0,,,
battery_v3,25,1,2,8,2,edge_optimist,s4,0.88,0.0,,,
battery_v3,25,1,2,8,2,over_cautious,s1,0.54,0.0,,,
battery_v3,25,1,2,8,2,over_cautious,s2,0.63,0.0,,,
battery_v3,25,1,2,8,2,over_cautious,s3,0.74,0.0,,,
battery_v3,25,1,2,8,2,over_cautious,s4,0.84,0.0,,,
battery_v3,25,1,2,8,2,localized_sign_error,s1,0.52,0.0,,,
battery_v3,25,1,2,8,2,localized_sign_error,s2,0.6,0.0,,,
battery_v3,25,1,2,8,2,localized_sign_error,s3,0.7,0.0,,,
battery_v3,25,1,2,8,2,localized_sign_error,s4,0.8,0.0,,,
battery_v3,25,1,2,8,2,path_aware,s1,0.56,0.0,,,
battery_v3,25,1,2,8,2,path_aware,s2,0.66,0.0,,,
battery_v3,25,1,2,8,2,path_aware,s3,0.77,0.0,,,
battery_v3,25,1,2,8,2,path_aware,s4,0.87,0.0,,,
battery_v3,25,1,2,8,3,edge_optimist,s1,0.58,0.0,,,
battery_v3,25,1,2,8,3,edge_optimist,s2,0.68,0.0,,,
battery_v3,25,1,2,8,3,edge_optimist,s3,0.78,0.0,,,
battery_v3,25,1,2,8,3,edge_optimist,s4,0.88,0.0,,,
battery_v3,25,1,2,8,3,over_cautious,s1,0.54,0.0,,,
battery_v3,25,1,2,8,3,over_cautious,s2,0.63,0.0,,,
battery_v3,25,1,2,8,3,over_cautious,s3,0.74,0.0,,,
battery_v3,25,1,2,8,3,over_cautious,s4,0.84,0.0,,,
battery_v3,25,1,2,8,3,localized_sign_error,s1,0.52,0.0,,,
battery_v3,25,1,2,8,3,localized_sign_error,s2,0.6,0.0,,,
battery_v3,25,1,2,8,3,localized_sign_error,s3,0.7,0.0,,,
battery_v3,25,1,2,8,3,localized_sign_error,s4,0.8,0.0,,,
battery_v3,25,1,2,8,3,path_aware,s1,0.56,0.0,,,
battery_v3,25,1,2,8,3,path_aware,s2,0.66,0.0,,,
battery_v3,25,1,2,8,3,path_aware,s3,0.77,0.0,,,
battery_v3,25,1,2,8,3,path_aware,s4,0.87,0.0,,,
battery_v3,25,1,2,8,5,edge_optimist,s1,0.58,0.0,,,
battery_v3,25,1,2,8,5,edge_optimist,s2,0.68,0.0,,,
battery_v3,25,1,2,8,5,edge_optimist,s3,0.78,0.0,,,
battery_v3,25,1,2,8,5,edge_optimist,s4,0.88,0.0,,,
battery_v3,25,1,2,8,5,over_cautious,s1,0.54,0.0,,,
battery_v3,25,1,2,8,5,over_cautious,s2,0.63,0.0,,,
battery_v3,25,1,2,8,5,over_cautious,s3,0.74,0.0,,,
battery_v3,25,1,2,8,5,over_cautious,s4,0.84,0.0,,,
battery_v3,25,1,2,8,5,localized_sign_error,s1,0.52,0.0,,,
battery_v3,25,1,2,8,5,localized_sign_error,s2,0.6,0.0,,,
battery_v3,25,1,2,8,5,localized_sign_error,s3,0.7,0.0,,,
battery_v3,25,1,2,8,5,localized_sign_error,s4,0.8,0.0,,,
battery_v3,25,1,2,8,5,path_aware,s1,0.56,0.0,,,
battery_v3,25,1,2,8,5,path_aware,s2,0.66,0.0,,,
battery_v3,25,1,2,8,5,path_aware,s3,0.77,0.0,,,
battery_v3,25,1,2,8,5,path_aware,s4,0.87,0.0,,,
battery_v3,25,1,2,12,1,edge_optimist,s1,0.58,0.0,,,
battery_v3,25,1,2,12,1,edge_optimist,s2,0.68,0.0,,,
battery_v3,25,1,2,12,1,edge_optimist,s3,0.78,0.0,,,
battery_v3,25,1,2,12,1,edge_optimist,s4,0.88,0.0,,,
battery_v3,25,1,2,12,1,over_cautious,s1,0.54,0.0,,,
battery_v3,25,1,2,12,1,over_cautious,s2,0.63,0.0,,,
battery_v3,25,1,2,12,1,over_cautious,s3,0.74,0.0,,,
battery_v3,25,1,2,12,1,over_cautious,s4,0.84,0.0,,,
battery_v3,25,1,2,12,1,localized_sign_error,s1,0.52,0.0,,,
battery_v3,25,1,2,12,1,localized_sign_error,s2,0.6,0.0,,,
battery_v3,25,1,2,12,1,localized_sign_error,s3,0.7,0.0,,,
battery_v3,25,1,2,12,1,localized_sign_error,s4,0.8,0.0,,,
battery_v3,25,1,2,12,1,path_aware,s1,0.56,0.0,,,
battery_v3,25,1,2,12,1,path_aware,s2,0.66,0.0,,,
battery_v3,25,1,2,12,1,path_aware,s3,0.77,0.0,,,
battery_v3,25,1,2,12,1,path_aware,s4,0.87,0.0,,,
battery_v3,25,1,2,12,2,edge_optimist,s1,0.58,0.0,,,
battery_v3,25,1,2,12,2,edge_optimist,s2,0.68,0.0,,,
battery_v3,25,1,2,12,2,edge_optimist,s3,0.78,0.0,,,
battery_v3,25,1,2,12,2,edge_optimist,s4,0.88,0.0,,,
battery_v3,25,1,2,12,2,over_cautious,s1,0.54,0.0,,,
battery_v3,25,1,2,12,2,over_cautious,s2,0.63,0.0,,,
battery_v3,25,1,2,12,2,over_cautious,s3,0.74,0.0,,,
battery_v3,25,1,2,12,2,over_cautious,s4,0.84,0.0,,,
battery_v3,25,1,2,12,2,localized_sign_error,s1,0.52,0.0,,,
battery_v3,25,1,2,12,2,localized_sign_error,s2,0.6,0.0,,,
battery_v3,25,1,2,12,2,localized_sign_error,s3,0.7,0.0,,,
battery_v3,25,1,2,12,2,localized_sign_error,s4,0.8,0.0,,,
battery_v3,25,1,2,12,2,path_aware,s1,0.56,0.0,,,
battery_v3,25,1,2,12,2,path_aware,s2,0.66,0.0,,,
battery_v3,25,1,2,12,2,path_aware,s3,0.77,0.0,,,
battery_v3,25,1,2,12,2,path_aware,s4,0.87,0.0,,,
battery_v3,25,1,2,12,3,edge_optimist,s1,0.58,0.0,,,
battery_v3,25,1,2,12,3,edge_optimist,s2,0.68,0.0,,,
battery_v3,25,1,2,12,3,edge_optimist,s3,0.78,0.0,,,
battery_v3,25,1,2,12,3,edge_optimist,s4,0.88,0.0,,,
battery_v3,25,1,2,12,3,over_cautious,s1,0.54,0.0,,,
battery_v3,25,1,2,12,3,over_cautious,s2,0.63,0.0,,,
battery_v3,25,1,2,12,3,over_cautious,s3,0.74,0.0,,,
battery_v3,25,1,2,12,3,over_cautious,s4,0.84,0.0,,,
battery_v3,25,1,2,12,3,localized_sign_error,s1,0.52,0.0,,,
battery_v3,25,1,2,12,3,localized_sign_error,s2,0.6,0.0,,,
battery_v3,25,1,2,12,3,localized_sign_error,s3,0.7,0.0,,,
battery_v3,25,1,2,12,3,localized_sign_error,s4,0.8,0.0,,,
battery_v3,25,1,2,12,3,path_aware,s1,0.56,0.0,,,
battery_v3,25,1,2,12,3,path_aware,s2,0.66,0.0,,,
battery_v3,25,1,2,12,3,path_aware,s3,0.77,0.0,,,
battery_v3,25,1,2,12,3,path_aware,s4,0.87,0.0,,,
battery_v3,25,1,2,12,5,edge_optimist,s1,0.58,0.0,,,
battery_v3,25,1,2,12,5,edge_optimist,s2,0.68,0.0,,,
battery_v3,25,1,2,12,5,edge_optimist,s3,0.78,0.0,,,
battery_v3,25,1,2,12,5,edge_optimist,s4,0.88,0.0,,,
battery_v3,25,1,2,12,5,over_cautious,s1,0.54,0.0,,,
battery_v3,25,1,2,12,5,over_cautious,s2,0.63,0.0,,,
battery_v3,25,1,2,12,5,over_cautious,s3,0.74,0.0,,,
battery_v3,25,1,2,12,5,over_cautious,s4,0.84,0.0,,,
battery_v3,25,1,2,12,5,localized_sign_error,s1,0.52,0.0,,,
battery_v3,25,1,2,12,5,localized_sign_error,s2,0.6,0.0,,,
battery_v3,25,1,2,12,5,localized_sign_error,s3,0.7,0.0,,,
battery_v3,25,1,2,12,5,localized_sign_error,s4,0.8,0.0,,,
battery_v3,25,1,2,12,5,path_aware,s1,0.56,0.0,,,
battery_v3,25,1,2,12,5,path_aware,s2,0.66,0.0,,,
battery_v3,25,1,2,12,5,path_aware,s3,0.77,0.0,,,
battery_v3,25,1,2,12,5,path_aware,s4,0.87,0.0,,,
battery_v3,25,1,5,4,1,edge_optimist,s1,0.58,1.0,0.0,0.0,1.0
battery_v3,25,1,5,4,1,edge_optimist,s2,0.68,1.0,0.0,0.0,1.0
battery_v3,25,1,5,4,1,edge_optimist,s3,0.78,1.0,0.0,0.0,1.0
battery_v3,25,1,5,4,1,edge_optimist,s4,0.88,1.0,0.0,0.0,1.0
battery_v3,25,1,5,4,1,over_cautious,s1,0.54,1.0,0.0,0.0,1.0
battery_v3,25,1,5,4,1,over_cautious,s2,0.63,1.0,0.0,0.0,1.0
battery_v3,25,1,5,4,1,over_cautious,s3,0.74,1.0,0.0,0.0,1.0
battery_v3,25,1,5,4,1,over_cautious,s4,0.84,1.0,0.0,0.0,1.0
battery_v3,25,1,5,4,1,localized_sign_error,s1,0.52,1.0,0.0,0.0,1.0
battery_v3,25,1,5,4,1,localized_sign_error,s2,0.6,1.0,0.0,0.0,1.0
battery_v3,25,1,5,4,1,localized_sign_error,s3,0.7,1.0,0.0,0.0,1.0
battery_v3,25,1,5,4,1,localized_sign_error,s4,0.8,1.0,0.0,0.0,1.0
battery_v3,25,1,5,4,1,path_aware,s1,0.56,1.0,0.0,0.0,1.0
battery_v3,25,1,5,4,1,path_aware,s2,0.66,1.0,0.0,0.0,1.0
battery_v3,25,1,5,4,1,path_aware,s3,0.77,1.0,0.0,0.0,1.0
battery_v3,25,1,5,4,1,path_aware,s4,0.87,1.0,0.0,0.0,1.0
battery_v3,25,1,5,4,2,edge_optimist,s1,0.58,0.0,,,
battery_v3,25,1,5,4,2,edge_optimist,s2,0.68,0.0,,,
battery_v3,25,1,5,4,2,edge_optimist,s3,0.78,0.0,,,
battery_v3,25,1,5,4,2,edge_optimist,s4,0.88,0.0,,,
battery_v3,25,1,5,4,2,over_cautious,s1,0.54,0.0,,,
battery_v3,25,1,5,4,2,over_cautious,s2,0.63,0.0,,,
battery_v3,25,1,5,4,2,over_cautious,s3,0.74,0.0,,,
battery_v3,25,1,5,4,2,over_cautious,s4,0.84,0.0,,,
battery_v3,25,1,5,4,2,localized_sign_error,s1,0.52,0.0,,,
battery_v3,25,1,5,4,2,localized_sign_error,s2,0.6,0.0,,,
battery_v3,25,1,5,4,2,localized_sign_error,s3,0.7,0.0,,,
battery_v3,25,1,5,4,2,localized_sign_error,s4,0.8,0.0,,,
battery_v3,25,1,5,4,2,path_aware,s1,0.56,0.0,,,
battery_v3,25,1,5,4,2,path_aware,s2,0.66,0.0,,,
battery_v3,25,1,5,4,2,path_aware,s3,0.77,0.0,,,
battery_v3,25,1,5,4,2,path_aware,s4,0.87,0.0,,,
battery_v3,25,1,5,4,3,edge_optimist,s1,0.58,0.0,,,
battery_v3,25,1,5,4,3,edge_optimist,s2,0.68,0.0,,,
battery_v3,25,1,5,4,3,edge_optimist,s3,0.78,0.0,,,
battery_v3,25,1,5,4,3,edge_optimist,s4,0.88,0.0,,,
battery_v3,25,1,5,4,3,over_cautious,s1,0.54,0.0,,,
battery_v3,25,1,5,4,3,over_cautious,s2,0.63,0.0,,,
battery_v3,25,1,5,4,3,over_cautious,s3,0.74,0.0,,,
battery_v3,25,1,5,4,3,over_cautious,s4,0.84,0.0,,,
battery_v3,25,1,5,4,3,localized_sign_error,s1,0.52,0.0,,,
battery_v3,25,1,5,4,3,localized_sign_error,s2,0.6,0.0,,,
battery_v3,25,1,5,4,3,localized_sign_error,s3,0.7,0.0,,,
battery_v3,25,1,5,4,3,localized_sign_error,s4,0.8,0.0,,,
battery_v3,25,1,5,4,3,path_aware,s1,0.56,0.0,,,
battery_v3,25,1,5,4,3,path_aware,s2,0.66,0.0,,,
battery_v3,25,1,5,4,3,path_aware,s3,0.77,0.0,,,
battery_v3,25,1,5,4,3,path_aware,s4,0.87,0.0,,,
battery_v3,25,1,5,4,5,edge_optimist,s1,0.58,0.0,,,
battery_v3,25,1,5,4,5,edge_optimist,s2,0.68,0.0,,,
battery_v3,25,1,5,4,5,edge_optimist,s3,0.78,0.0,,,
battery_v3,25,1,5,4,5,edge_optimist,s4,0.88,0.0,,,
battery_v3,25,1,5,4,5,over_cautious,s1,0.54,0.0,,,
battery_v3,25,1,5,4,5,over_cautious,s2,0.63,0.0,,,
battery_v3,25,1,5,4,5,over_cautious,s3,0.74,0.0,,,
battery_v3,25,1,5,4,5,over_cautious,s4,0.84,0.0,,,
battery_v3,25,1,5,4,5,localized_sign_error,s1,0.52,0.0,,,
battery_v3,25,1,5,4,5,localized_sign_error,s2,0.6,0.0,,,
battery_v3,25,1,5,4,5,localized_sign_error,s3,0.7,0.0,,,
battery_v3,25,1,5,4,5,localized_sign_error,s4,0.8,0.0,,,
battery_v3,25,1,5,4,5,path_aware,s1,0.56,0.0,,,
battery_v3,25,1,5,4,5,path_aware,s2,0.66,0.0,,,
battery_v3,25,1,5,4,5,path_aware,s3,0.77,0.0,,,
battery_v3,25,1,5,4,5,path_aware,s4,0.87,0.0,,,
battery_v3,25,1,5,8,1,edge_optimist,s1,0.58,0.0,,,
battery_v3,25,1,5,8,1,edge_optimist,s2,0.68,0.0,,,
battery_v3,25,1,5,8,1,edge_optimist,s3,0.78,0.0,,,
battery_v3,25,1,5,8,1,edge_optimist,s4,0.88,0.0,,,
battery_v3,25,1,5,8,1,over_cautious,s1,0.54,0.0,,,
battery_v3,25,1,5,8,1,over_cautious,s2,0.63,0.0,,,
battery_v3,25,1,5,8,1,over_cautious,s3,0.74,0.0,,,
battery_v3,25,1,5,8,1,over_cautious,s4,0.84,0.0,,,
battery_v3,25,1,5,8,1,localized_sign_error,s1,0.52,0.0,,,
battery_v3,25,1,5,8,1,localized_sign_error,s2,0.6,0.0,,,
battery_v3,25,1,5,8,1,localized_sign_error,s3,0.7,0.0,,,
battery_v3,25,1,5,8,1,localized_sign_error,s4,0.8,0.0,,,
battery_v3,25,1,5,8,1,path_aware,s1,0.56,0.0,,,
battery_v3,25,1,5,8,1,path_aware,s2,0.66,0.0,,,
battery_v3,25,1,5,8,1,path_aware,s3,0.77,0.0,,,
battery_v3,25,1,5,8,1,path_aware,s4,0.87,0.0,,,
battery_v3,25,1,5,8,2,edge_optimist,s1,0.58,0.0,,,
battery_v3,25,1,5,8,2,edge_optimist,s2,0.68,0.0,,,
battery_v3,25,1,5,8,2,edge_optimist,s3,0.78,0.0,,,
battery_v3,25,1,5,8,2,edge_optimist,s4,0.88,0.0,,,
battery_v3,25,1,5,8,2,over_cautious,s1,0.54,0.0,,,
battery_v3,25,1,5,8,2,over_cautious,s2,0.63,0.0,,,
battery_v3,25,1,5,8,2,over_cautious,s3,0.74,0.0,,,
battery_v3,25,1,5,8,2,over_cautious,s4,0.84,0.0,,,
battery_v3,25,1,5,8,2,localized_sign_error,s1,0.52,0.0,,,
battery_v3,25,1,5,8,2,localized_sign_error,s2,0.6,0.0,,,
battery_v3,25,1,5,8,2,localized_sign_error,s3,0.7,0.0,,,
battery_v3,25,1,5,8,2,localized_sign_error,s4,0.8,0.0,,,
battery_v3,25,1,5,8,2,path_aware,s1,0.56,0.0,,,
battery_v3,25,1,5,8,2,path_aware,s2,0.66,0.0,,,
battery_v3,25,1,5,8,2,path_aware,s3,0.77,0.0,,,
battery_v3,25,1,5,8,2,path_aware,s4,0.87,0.0,,,
battery_v3,25,1,5,8,3,edge_optimist,s1,0.58,0.0,,,
battery_v3,25,1,5,8,3,edge_optimist,s2,0.68,0.0,,,
battery_v3,25,1,5,8,3,edge_optimist,s3,0.78,0.0,,,
battery_v3,25,1,5,8,3,edge_optimist,s4,0.88,0.0,,,
battery_v3,25,1,5,8,3,over_cautious,s1,0.54,0.0,,,
battery_v3,25,1,5,8,3,over_cautious,s2,0.63,0.0,,,
battery_v3,25,1,5,8,3,over_cautious,s3,0.74,0.0,,,
battery_v3,25,1,5,8,3,over_cautious,s4,0.84,0.0,,,
battery_v3,25,1,5,8,3,localized_sign_error,s1,0.52,0.0,,,
battery_v3,25,1,5,8,3,localized_sign_error,s2,0.6,0.0,,,
battery_v3,25,1,5,8,3,localized_sign_error,s3,0.7,0.0,,,
battery_v3,25,1,5,8,3,localized_sign_error,s4,0.8,0.0,,,
battery_v3,25,1,5,8,3,path_aware,s1,0.56,0.0,,,
battery_v3,25,1,5,8,3,path_aware,s2,0.66,0.0,,,
battery_v3,25,1,5,8,3,path_aware,s3,0.77,0.0,,,
battery_v3,25,1,5,8,3,path_aware,s4,0.87,0.0,,,
battery_v3,25,1,5,8,5,edge_optimist,s1,0.58,0.0,,,
battery_v3,25,1,5,8,5,edge_optimist,s2,0.68,0.0,,,
battery_v3,25,1,5,8,5,edge_optimist,s3,0.78,0.0,,,
battery_v3,25,1,5,8,5,edge_optimist,s4,0.88,0.0,,,
battery_v3,25,1,5,8,5,over_cautious,s1,0.54,0.0,,,
battery_v3,25,1,5,8,5,over_cautious,s2,0.63,0.0,,,
battery_v3,25,1,5,8,5,over_cautious,s3,0.74,0.0,,,
battery_v3,25,1,5,8,5,over_cautious,s4,0.84,0.0,,,
battery_v3,25,1,5,8,5,localized_sign_error,s1,0.52,0.0,,,
battery_v3,25,1,5,8,5,localized_sign_error,s2,0.6,0.0,,,
battery_v3,25,1,5,8,5,localized_sign_error,s3,0.7,0.0,,,
battery_v3,25,1,5,8,5,localized_sign_error,s4,0.8,0.0,,,
battery_v3,25,1,5,8,5,path_aware,s1,0.56,0.0,,,
battery_v3,25,1,5,8,5,path_aware,s2,0.66,0.0,,,
battery_v3,25,1,5,8,5,path_aware,s3,0.77,0.0,,,
battery_v3,25,1,5,8,5,path_aware,s4,0.87,0.0,,,
battery_v3,25,1,5,12,1,edge_optimist,s1,0.58,0.0,,,
battery_v3,25,1,5,12,1,edge_optimist,s2,0.68,0.0,,,
battery_v3,25,1,5,12,1,edge_optimist,s3,0.78,0.0,,,
battery_v3,25,1,5,12,1,edge_optimist,s4,0.88,0.0,,,
battery_v3,25,1,5,12,1,over_cautious,s1,0.54,0.0,,,
battery_v3,25,1,5,12,1,over_cautious,s2,0.63,0.0,,,
battery_v3,25,1,5,12,1,over_cautious,s3,0.74,0.0,,,
battery_v3,25,1,5,12,1,over_cautious,s4,0.84,0.0,,,
battery_v3,25,1,5,12,1,localized_sign_error,s1,0.52,0.0,,,
battery_v3,25,1,5,12,1,localized_sign_error,s2,0.6,0.0,,,
battery_v3,25,1,5,12,1,localized_sign_error,s3,0.7,0.0,,,
battery_v3,25,1,5,12,1,localized_sign_error,s4,0.8,0.0,,,
battery_v3,25,1,5,12,1,path_aware,s1,0.56,0.0,,,
battery_v3,25,1,5,12,1,path_aware,s2,0.66,0.0,,,
battery_v3,25,1,5,12,1,path_aware,s3,0.77,0.0,,,
battery_v3,25,1,5,12,1,path_aware,s4,0.87,0.0,,,
battery_v3,25,1,5,12,2,edge_optimist,s1,0.58,0.0,,,
battery_v3,25,1,5,12,2,edge_optimist,s2,0.68,0.0,,,
battery_v3,25,1,5,12,2,edge_optimist,s3,0.78,0.0,,,
battery_v3,25,1,5,12,2,edge_optimist,s4,0.88,0.0,,,
battery_v3,25,1,5,12,2,over_cautious,s1,0.54,0.0,,,
battery_v3,25,1,5,12,2,over_cautious,s2,0.63,0.0,,,
battery_v3,25,1,5,12,2,over_cautious,s3,0.74,0.0,,,
battery_v3,25,1,5,12,2,over_cautious,s4,0.84,0.0,,,
battery_v3,25,1,5,12,2,localized_sign_error,s1,0.52,0.0,,,
battery_v3,25,1,5,12,2,localized_sign_error,s2,0.6,0.0,,,
battery_v3,25,1,5,12,2,localized_sign_error,s3,0.7,0.0,,,
battery_v3,25,1,5,12,2,localized_sign_error,s4,0.8,0.0,,,
battery_v3,25,1,5,12,2,path_aware,s1,0.56,0.0,,,
battery_v3,25,1,5,12,2,path_aware,s2,0.66,0.0,,,
battery_v3,25,1,5,12,2,path_aware,s3,0.77,0.0,,,
battery_v3,25,1,5,12,2,path_aware,s4,0.87,0.0,,,
battery_v3,25,1,5,12,3,edge_optimist,s1,0.58,0.0,,,
battery_v3,25,1,5,12,3,edge_optimist,s2,0.68,0.0,,,
battery_v3,25,1,5,12,3,edge_optimist,s3,0.78,0.0,,,
battery_v3,25,1,5,12,3,edge_optimist,s4,0.88,0.0,,,
battery_v3,25,1,5,12,3,over_cautious,s1,0.54,0.0,,,
battery_v3,25,1,5,12,3,over_cautious,s2,0.63,0.0,,,
battery_v3,25,1,5,12,3,over_cautious,s3,0.74,0.0,,,
battery_v3,25,1,5,12,3,over_cautious,s4,0.84,0.0,,,
battery_v3,25,1,5,12,3,localized_sign_error,s1,0.52,0.0,,,
battery_v3,25,1,5,12,3,localized_sign_error,s2,0.6,0.0,,,
battery_v3,25,1,5,12,3,localized_sign_error,s3,0.7,0.0,,,
battery_v3,25,1,5,12,3,localized_sign_error,s4,0.8,0.0,,,
battery_v3,25,1,5,12,3,path_aware,s1,0.56,0.0,,,
battery_v3,25,1,5,12,3,path_aware,s2,0.66,0.0,,,
battery_v3,25,1,5,12,3,path_aware,s3,0.77,0.0,,,
battery_v3,25,1,5,12,3,path_aware,s4,0.87,0.0,,,
battery_v3,25,1,5,12,5,edge_optimist,s1,0.58,0.0,,,
battery_v3,25,1,5,12,5,edge_optimist,s2,0.68,0.0,,,
battery_v3,25,1,5,12,5,edge_optimist,s3,0.78,0.0,,,
battery_v3,25,1,5,12,5,edge_optimist,s4,0.88,0.0,,,
battery_v3,25,1,5,12,5,over_cautious,s1,0.54,0.0,,,
battery_v3,25,1,5,12,5,over_cautious,s2,0.63,0.0,,,
battery_v3,25,1,5,12,5,over_cautious,s3,0.74,0.0,,,
battery_v3,25,1,5,12,5,over_cautious,s4,0.84,0.0,,,
battery_v3,25,1,5,12,5,localized_sign_error,s1,0.52,0.0,,,
battery_v3,25,1,5,12,5,localized_sign_error,s2,0.6,0.0,,,
battery_v3,25,1,5,12,5,localized_sign_error,s3,0.7,0.0,,,
battery_v3,25,1,5,12,5,localized_sign_error,s4,0.8,0.0,,,
battery_v3,25,1,5,12,5,path_aware,s1,0.56,0.0,,,
battery_v3,25,1,5,12,5,path_aware,s2,0.66,0.0,,,
battery_v3,25,1,5,12,5,path_aware,s3,0.77,0.0,,,
battery_v3,25,1,5,12,5,path_aware,s4,0.87,0.0,,,
battery_v3,25,1,10,4,1,edge_optimist,s1,0.58,1.0,0.0,0.0,1.0
battery_v3,25,1,10,4,1,edge_optimist,s2,0.68,1.0,0.0,0.0,1.0
battery_v3,25,1,10,4,1,edge_optimist,s3,0.78,1.0,0.0,0.0,1.0
battery_v3,25,1,10,4,1,edge_optimist,s4,0.88,1.0,0.0,0.0,1.0
battery_v3,25,1,10,4,1,over_cautious,s1,0.54,1.0,0.0,0.0,1.0
battery_v3,25,1,10,4,1,over_cautious,s2,0.63,1.0,0.0,0.0,1.0
battery_v3,25,1,10,4,1,over_cautious,s3,0.74,1.0,0.0,0.0,1.0
battery_v3,25,1,10,4,1,over_cautious,s4,0.84,1.0,0.0,0.0,1.0
battery_v3,25,1,10,4,1,localized_sign_error,s1,0.52,1.0,0.0,0.0,1.0
battery_v3,25,1,10,4,1,localized_sign_error,s2,0.6,1.0,0.0,0.0,1.0
battery_v3,25,1,10,4,1,localized_sign_error,s3,0.7,1.0,0.0,0.0,1.0
battery_v3,25,1,10,4,1,localized_sign_error,s4,0.8,1.0,0.0,0.0,1.0
battery_v3,25,1,10,4,1,path_aware,s1,0.56,1.0,0.0,0.0,1.0
battery_v3,25,1,10,4,1,path_aware,s2,0.66,1.0,0.0,0.0,1.0
battery_v3,25,1,10,4,1,path_aware,s3,0.77,1.0,0.0,0.0,1.0
battery_v3,25,1,10,4,1,path_aware,s4,0.87,1.0,0.0,0.0,1.0
battery_v3,25,1,10,4,2,edge_optimist,s1,0.58,1.0,0.0,0.0,1.0
battery_v3,25,1,10,4,2,edge_optimist,s2,0.68,1.0,0.0,0.0,1.0
battery_v3,25,1,10,4,2,edge_optimist,s3,0.78,1.0,0.0,0.0,1.0
battery_v3,25,1,10,4,2,edge_optimist,s4,0.88,1.0,0.0,0.0,1.0
battery_v3,25,1,10,4,2,over_cautious,s1,0.54,1.0,0.0,0.0,1.0
battery_v3,25,1,10,4,2,over_cautious,s2,0.63,1.0,0.0,0.0,1.0
battery_v3,25,1,10,4,2,over_cautious,s3,0.74,1.0,0.0,0.0,1.0
battery_v3,25,1,10,4,2,over_cautious,s4,0.84,1.0,0.0,0.0,1.0
battery_v3,25,1,10,4,2,localized_sign_error,s1,0.52,1.0,0.0,0.0,1.0
battery_v3,25,1,10,4,2,localized_sign_error,s2,0.6,1.0,0.0,0.0,1.0
battery_v3,25,1,10,4,2,localized_sign_error,s3,0.7,1.0,0.0,0.0,1.0
battery_v3,25,1,10,4,2,localized_sign_error,s4,0.8,1.0,0.0,0.0,1.0
battery_v3,25,1,10,4,2,path_aware,s1,0.56,1.0,0.0,0.0,1.0
battery_v3,25,1,10,4,2,path_aware,s2,0.66,1.0,0.0,0.0,1.0
battery_v3,25,1,10,4,2,path_aware,s3,0.77,1.0,0.0,0.0,1.0
battery_v3,25,1,10,4,2,path_aware,s4,0.87,1.0,0.0,0.0,1.0
battery_v3,25,1,10,4,3,edge_optimist,s1,0.58,0.0,,,
battery_v3,25,1,10,4,3,edge_optimist,s2,0.68,0.0,,,
battery_v3,25,1,10,4,3,edge_optimist,s3,0.78,0.0,,,
battery_v3,25,1,10,4,3,edge_optimist,s4,0.88,0.0,,,
battery_v3,25,1,10,4,3,over_cautious,s1,0.54,0.0,,,
battery_v3,25,1,10,4,3,over_cautious,s2,0.63,0.0,,,
battery_v3,25,1,10,4,3,over_cautious,s3,0.74,0.0,,,
battery_v3,25,1,10,4,3,over_cautious,s4,0.84,0.0,,,
battery_v3,25,1,10,4,3,localized_sign_error,s1,0.52,0.0,,,
battery_v3,25,1,10,4,3,localized_sign_error,s2,0.6,0.0,,,
battery_v3,25,1,10,4,3,localized_sign_error,s3,0.7,0.0,,,
battery_v3,25,1,10,4,3,localized_sign_error,s4,0.8,0.0,,,
battery_v3,25,1,10,4,3,path_aware,s1,0.56,0.0,,,
battery_v3,25,1,10,4,3,path_aware,s2,0.66,0.0,,,
battery_v3,25,1,10,4,3,path_aware,s3,0.77,0.0,,,
battery_v3,25,1,10,4,3,path_aware,s4,0.87,0.0,,,
battery_v3,25,1,10,4,5,edge_optimist,s1,0.58,0.0,,,
battery_v3,25,1,10,4,5,edge_optimist,s2,0.68,0.0,,,
battery_v3,25,1,10,4,5,edge_optimist,s3,0.78,0.0,,,
battery_v3,25,1,10,4,5,edge_optimist,s4,0.88,0.0,,,
battery_v3,25,1,10,4,5,over_cautious,s1,0.54,0.0,,,
battery_v3,25,1,10,4,5,over_cautious,s2,0.63,0.0,,,
battery_v3,25,1,10,4,5,over_cautious,s3,0.74,0.0,,,
battery_v3,25,1,10,4,5,over_cautious,s4,0.84,0.0,,,
battery_v3,25,1,10,4,5,localized_sign_error,s1,0.52,0.0,,,
battery_v3,25,1,10,4,5,localized_sign_error,s2,0.6,0.0,,,
battery_v3,25,1,10,4,5,localized_sign_error,s3,0.7,0.0,,,
battery_v3,25,1,10,4,5,localized_sign_error,s4,0.8,0.0,,,
battery_v3,25,1,10,4,5,path_aware,s1,0.56,0.0,,,
battery_v3,25,1,10,4,5,path_aware,s2,0.66,0.0,,,
battery_v3,25,1,10,4,5,path_aware,s3,0.77,0.0,,,
battery_v3,25,1,10,4,5,path_aware,s4,0.87,0.0,,,
battery_v3,25,1,10,8,1,edge_optimist,s1,0.58,1.0,0.0,0.0,1.0
battery_v3,25,1,10,8,1,edge_optimist,s2,0.68,1.0,0.0,0.0,1.0
battery_v3,25,1,10,8,1,edge_optimist,s3,0.78,1.0,0.0,0.0,1.0
battery_v3,25,1,10,8,1,edge_optimist,s4,0.88,1.0,0.0,0.0,1.0
battery_v3,25,1,10,8,1,over_cautious,s1,0.54,1.0,0.0,0.0,1.0
battery_v3,25,1,10,8,1,over_cautious,s2,0.63,1.0,0.0,0.0,1.0
battery_v3,25,1,10,8,1,over_cautious,s3,0.74,1.0,0.0,0.0,1.0
battery_v3,25,1,10,8,1,over_cautious,s4,0.84,1.0,0.0,0.0,1.0
battery_v3,25,1,10,8,1,localized_sign_error,s1,0.52,1.0,0.0,0.0,1.0
battery_v3,25,1,10,8,1,localized_sign_error,s2,0.6,1.0,0.0,0.0,1.0
battery_v3,25,1,10,8,1,localized_sign_error,s3,0.7,1.0,0.0,0.0,1.0
battery_v3,25,1,10,8,1,localized_sign_error,s4,0.8,1.0,0.0,0.0,1.0
battery_v3,25,1,10,8,1,path_aware,s1,0.56,1.0,0.0,0.0,1.0
battery_v3,25,1,10,8,1,path_aware,s2,0.66,1.0,0.0,0.0,1.0
battery_v3,25,1,10,8,1,path_aware,s3,0.77,1.0,0.0,0.0,1.0
battery_v3,25,1,10,8,1,path_aware,s4,0.87,1.0,0.0,0.0,1.0
battery_v3,25,1,10,8,2,edge_optimist,s1,0.58,0.0,,,
battery_v3,25,1,10,8,2,edge_optimist,s2,0.68,0.0,,,
battery_v3,25,1,10,8,2,edge_optimist,s3,0.78,0.0,,,
battery_v3,25,1,10,8,2,edge_optimist,s4,0.88,0.0,,,
battery_v3,25,1,10,8,2,over_cautious,s1,0.54,0.0,,,
battery_v3,25,1,10,8,2,over_cautious,s2,0.63,0.0,,,
battery_v3,25,1,10,8,2,over_cautious,s3,0.74,0.0,,,
battery_v3,25,1,10,8,2,over_cautious,s4,0.84,0.0,,,
battery_v3,25,1,10,8,2,localized_sign_error,s1,0.52,0.0,,,
battery_v3,25,1,10,8,2,localized_sign_error,s2,0.6,0.0,,,
battery_v3,25,1,10,8,2,localized_sign_error,s3,0.7,0.0,,,
battery_v3,25,1,10,8,2,localized_sign_error,s4,0.8,0.0,,,
battery_v3,25,1,10,8,2,path_aware,s1,0.56,0.0,,,
battery_v3,25,1,10,8,2,path_aware,s2,0.66,0.0,,,
battery_v3,25,1,10,8,2,path_aware,s3,0.77,0.0,,,
battery_v3,25,1,10,8,2,path_aware,s4,0.87,0.0,,,
battery_v3,25,1,10,8,3,edge_optimist,s1,0.58,0.0,,,
battery_v3,25,1,10,8,3,edge_optimist,s2,0.68,0.0,,,
battery_v3,25,1,10,8,3,edge_optimist,s3,0.78,0.0,,,
battery_v3,25,1,10,8,3,edge_optimist,s4,0.88,0.0,,,
battery_v3,25,1,10,8,3,over_cautious,s1,0.54,0.0,,,
battery_v3,25,1,10,8,3,over_cautious,s2,0.63,0.0,,,
battery_v3,25,1,10,8,3,over_cautious,s3,0.74,0.0,,,
battery_v3,25,1,10,8,3,over_cautious,s4,0.84,0.0,,,
battery_v3,25,1,10,8,3,localized_sign_error,s1,0.52,0.0,,,
battery_v3,25,1,10,8,3,localized_sign_error,s2,0.6,0.0,,,
battery_v3,25,1,10,8,3,localized_sign_error,s3,0.7,0.0,,,
battery_v3,25,1,10,8,3,localized_sign_error,s4,0.8,0.0,,,
battery_v3,25,1,10,8,3,path_aware,s1,0.56,0.0,,,
battery_v3,25,1,10,8,3,path_aware,s2,0.66,0.0,,,
battery_v3,25,1,10,8,3,path_aware,s3,0.77,0.0,,,
battery_v3,25,1,10,8,3,path_aware,s4,0.87,0.0,,,
battery_v3,25,1,10,8,5,edge_optimist,s1,0.58,0.0,,,
battery_v3,25,1,10,8,5,edge_optimist,s2,0.68,0.0,,,
battery_v3,25,1,10,8,5,edge_optimist,s3,0.78,0.0,,,
battery_v3,25,1,10,8,5,edge_optimist,s4,0.88,0.0,,,
battery_v3,25,1,10,8,5,over_cautious,s1,0.54,0.0,,,
battery_v3,25,1,10,8,5,over_cautious,s2,0.63,0.0,,,
battery_v3,25,1,10,8,5,over_cautious,s3,0.74,0.0,,,
battery_v3,25,1,10,8,5,over_cautious,s4,0.84,0.0,,,
battery_v3,25,1,10,8,5,localized_sign_error,s1,0.52,0.0,,,
battery_v3,25,1,10,8,5,localized_sign_error,s2,0.6,0.0,,,
battery_v3,25,1,10,8,5,localized_sign_error,s3,0.7,0.0,,,
battery_v3,25,1,10,8,5,localized_sign_error,s4,0.8,0.0,,,
battery_v3,25,1,10,8,5,path_aware,s1,0.56,0.0,,,
battery_v3,25,1,10,8,5,path_aware,s2,0.66,0.0,,,
battery_v3,25,1,10,8,5,path_aware,s3,0.77,0.0,,,
battery_v3,25,1,10,8,5,path_aware,s4,0.87,0.0,,,
battery_v3,25,1,10,12,1,edge_optimist,s1,0.58,0.0,,,
battery_v3,25,1,10,12,1,edge_optimist,s2,0.68,0.0,,,
battery_v3,25,1,10,12,1,edge_optimist,s3,0.78,0.0,,,
battery_v3,25,1,10,12,1,edge_optimist,s4,0.88,0.0,,,
battery_v3,25,1,10,12,1,over_cautious,s1,0.54,0.0,,,
battery_v3,25,1,10,12,1,over_cautious,s2,0.63,0.0,,,
battery_v3,25,1,10,12,1,over_cautious,s3,0.74,0.0,,,
battery_v3,25,1,10,12,1,over_cautious,s4,0.84,0.0,,,
battery_v3,25,1,10,12,1,localized_sign_error,s1,0.52,0.0,,,
battery_v3,25,1,10,12,1,localized_sign_error,s2,0.6,0.0,,,
battery_v3,25,1,10,12,1,localized_sign_error,s3,0.7,0.0,,,
battery_v3,25,1,10,12,1,localized_sign_error,s4,0.8,0.0,,,
battery_v3,25,1,10,12,1,path_aware,s1,0.56,0.0,,,
battery_v3,25,1,10,12,1,path_aware,s2,0.66,0.0,,,
battery_v3,25,1,10,12,1,path_aware,s3,0.77,0.0,,,
battery_v3,25,1,10,12,1,path_aware,s4,0.87,0.0,,,
battery_v3,25,1,10,12,2,edge_optimist,s1,0.58,0.0,,,
battery_v3,25,1,10,12,2,edge_optimist,s2,0.68,0.0,,,
battery_v3,25,1,10,12,2,edge_optimist,s3,0.78,0.0,,,
battery_v3,25,1,10,12,2,edge_optimist,s4,0.88,0.0,,,
battery_v3,25,1,10,12,2,over_cautious,s1,0.54,0.0,,,
battery_v3,25,1,10,12,2,over_cautious,s2,0.63,0.0,,,
battery_v3,25,1,10,12,2,over_cautious,s3,0.74,0.0,,,
battery_v3,25,1,10,12,2,over_cautious,s4,0.84,0.0,,,
battery_v3,25,1,10,12,2,localized_sign_error,s1,0.52,0.0,,,
battery_v3,25,1,10,12,2,localized_sign_error,s2,0.6,0.0,,,
battery_v3,25,1,10,12,2,localized_sign_error,s3,0.7,0.0,,,
battery_v3,25,1,10,12,2,localized_sign_error,s4,0.8,0.0,,,
battery_v3,25,1,10,12,2,path_aware,s1,0.56,0.0,,,
battery_v3,25,1,10,12,2,path_aware,s2,0.66,0.0,,,
battery_v3,25,1,10,12,2,path_aware,s3,0.77,0.0,,,
battery_v3,25,1,10,12,2,path_aware,s4,0.87,0.0,,,
battery_v3,25,1,10,12,3,edge_optimist,s1,0.58,0.0,,,
battery_v3,25,1,10,12,3,edge_optimist,s2,0.68,0.0,,,
battery_v3,25,1,10,12,3,edge_optimist,s3,0.78,0.0,,,
battery_v3,25,1,10,12,3,edge_optimist,s4,0.88,0.0,,,
battery_v3,25,1,10,12,3,over_cautious,s1,0.54,0.0,,,
battery_v3,25,1,10,12,3,over_cautious,s2,0.63,0.0,,,
battery_v3,25,1,10,12,3,over_cautious,s3,0.74,0.0,,,
battery_v3,25,1,10,12,3,over_cautious,s4,0.84,0.0,,,
battery_v3,25,1,10,12,3,localized_sign_error,s1,0.52,0.0,,,
battery_v3,25,1,10,12,3,localized_sign_error,s2,0.6,0.0,,,
battery_v3,25,1,10,12,3,localized_sign_error,s3,0.7,0.0,,,
battery_v3,25,1,10,12,3,localized_sign_error,s4,0.8,0.0,,,
battery_v3,25,1,10,12,3,path_aware,s1,0.56,0.0,,,
battery_v3,25,1,10,12,3,path_aware,s2,0.66,0.0,,,
battery_v3,25,1,10,12,3,path_aware,s3,0.77,0.0,,,
battery_v3,25,1,10,12,3,path_aware,s4,0.87,0.0,,,
battery_v3,25,1,10,12,5,edge_optimist,s1,0.58,0.0,,,
battery_v3,25,1,10,12,5,edge_optimist,s2,0.68,0.0,,,
battery_v3,25,1,10,12,5,edge_optimist,s3,0.78,0.0,,,
battery_v3,25,1,10,12,5,edge_optimist,s4,0.88,0.0,,,
battery_v3,25,1,10,12,5,over_cautious,s1,0.54,0.0,,,
battery_v3,25,1,10,12,5,over_cautious,s2,0.63,0.0,,,
battery_v3,25,1,10,12,5,over_cautious,s3,0.74,0.0,,,
battery_v3,25,1,10,12,5,over_cautious,s4,0.84,0.0,,,
battery_v3,25,1,10,12,5,localized_sign_error,s1,0.52,0.0,,,
battery_v3,25,1,10,12,5,localized_sign_error,s2,0.6,0.0,,,
battery_v3,25,1,10,12,5,localized_sign_error,s3,0.7,0.0,,,
battery_v3,25,1,10,12,5,localized_sign_error,s4,0.8,0.0,,,
battery_v3,25,1,10,12,5,path_aware,s1,0.56,0.0,,,
battery_v3,25,1,10,12,5,path_aware,s2,0.66,0.0,,,
battery_v3,25,1,10,12,5,path_aware,s3,0.77,0.0,,,
battery_v3,25,1,10,12,5,path_aware,s4,0.87,0.0,,,
battery_v3,25,8,2,4,1,edge_optimist,s1,0.58,1.0,0.0,0.0,3.522
battery_v3,25,8,2,4,1,edge_optimist,s2,0.68,1.0,0.0,0.0,3.522
battery_v3,25,8,2,4,1,edge_optimist,s3,0.78,1.0,0.0,0.0,3.522
battery_v3,25,8,2,4,1,edge_optimist,s4,0.88,1.0,0.0,0.0,3.522
battery_v3,25,8,2,4,1,over_cautious,s1,0.54,1.0,0.0,0.0,3.522
battery_v3,25,8,2,4,1,over_cautious,s2,0.63,1.0,0.0,0.0,3.522
battery_v3,25,8,2,4,1,over_cautious,s3,0.74,1.0,0.0,0.0,3.522
battery_v3,25,8,2,4,1,over_cautious,s4,0.84,1.0,0.0,0.0,3.522
battery_v3,25,8,2,4,1,localized_sign_error,s1,0.52,1.0,0.0,0.0,3.522
battery_v3,25,8,2,4,1,localized_sign_error,s2,0.6,1.0,0.0,0.0,3.522
battery_v3,25,8,2,4,1,localized_sign_error,s3,0.7,1.0,0.0,0.0,3.522
battery_v3,25,8,2,4,1,localized_sign_error,s4,0.8,1.0,0.0,0.0,3.522
battery_v3,25,8,2,4,1,path_aware,s1,0.56,1.0,0.0,0.0,3.522
battery_v3,25,8,2,4,1,path_aware,s2,0.66,1.0,0.0,0.0,3.522
battery_v3,25,8,2,4,1,path_aware,s3,0.77,1.0,0.0,0.0,3.522
battery_v3,25,8,2,4,1,path_aware,s4,0.87,1.0,0.0,0.0,3.522
battery_v3,25,8,2,4,2,edge_optimist,s1,0.58,1.0,0.04615167573372037,0.0007469028101285167,5.698
battery_v3,25,8,2,4,2,edge_optimist,s2,0.68,1.0,0.11146592632652476,0.0013910228409627378,5.698
battery_v3,25,8,2,4,2,edge_optimist,s3,0.78,1.0,0.24021899127142834,0.002265937785303762,5.698
battery_v3,25,8,2,4,2,edge_optimist,s4,0.88,1.0,0.47452397534508284,0.0034040425001687696,5.698
battery_v3,25,8,2,4,2,over_cautious,s1,0.54,1.0,0.031144736738113965,0.0005560521827170595,5.698
battery_v3,25,8,2,4,2,over_cautious,s2,0.63,1.0,0.0729104564042911,0.0010389578729620506,5.698
battery_v3,25,8,2,4,2,over_cautious,s3,0.74,1.0,0.17877517046685218,0.0018895180176025604,5.698
battery_v3,25,8,2,4,2,over_cautious,s4,0.84,1.0,0.3647248698916621,0.0029046279390298785,5.698
battery_v3,25,8,2,4,2,localized_sign_error,s1,0.52,1.0,0.025320839073012243,0.00047431185903991943,5.698
battery_v3,25,8,2,4,2,localized_sign_error,s2,0.6,1.0,0.055652520959999834,0.0008564974069611406,5.698
battery_v3,25,8,2,4,2,localized_sign_error,s3,0.7,1.0,0.13102367446,0.0015482215871135858,5.698
battery_v3,25,8,2,4,2,localized_sign_error,s4,0.8,1.0,0.27699183616000167,0.0024678692575424116,5.698
battery_v3,25,8,2,4,2,path_aware,s1,0.56,1.0,0.038037974026918386,0.000646821875623817,5.698
battery_v3,25,8,2,4,2,path_aware,s2,0.66,1.0,0.09440061117207924,0.0012430842318191966,5.698
battery_v3,25,8,2,4,2,path_aware,s3,0.77,1.0,0.22341859716491716,0.0021685009412003857,5.698
battery_v3,25,8,2,4,2,path_aware,s4,0.87,1.0,0.4447822358591642,0.003271358992494479,5.698
battery_v3,25,8,2,4,3,edge_optimist,s1,0.58,1.0,0.043252917549596016,0.0013095466320145492,7.214
battery_v3,25,8,2,4,3,edge_optimist,s2,0.68,1.0,0.11585813634188573,0.0030426971107719364,7.214
battery_v3,25,8,2,4,3,edge_optimist,s3,0.78,1.0,0.262349607794214,0.005473646016179003,7.214
battery_v3,25,8,2,4,3,edge_optimist,s4,0.88,1.0,0.5180505607962106,0.0069556143181132585,7.214
battery_v3,25,8,2,4,3,over_cautious,s1,0.54,1.0,0.02752223252298581,0.0008692374550324152,7.214
battery_v3,25,8,2,4,3,over_cautious,s2,0.63,1.0,0.07248579697577523,0.0020596573724104682,7.214
battery_v3,25,8,2,4,3,over_cautious,s3,0.74,1.0,0.1925858380949443,0.00447234681220471,7.214
battery_v3,25,8,2,4,3,over_cautious,s4,0.84,1.0,0.4006213994085869,0.006693065981241967,7.214
battery_v3,25,8,2,4,3,localized_sign_error,s1,0.52,1.0,0.02163594296106672,0.0006962639973016977,7.214
battery_v3,25,8,2,4,3,localized_sign_error,s2,0.6,1.0,0.053501368319999534,0.0015817088006964098,7.214
battery_v3,25,8,2,4,3,localized_sign_error,s3,0.7,1.0,0.13810580812,0.0034953199665223394,7.214
battery_v3,25,8,2,4,3,localized_sign_error,s4,0.8,1.0,0.303688581120001,0.005942563107814193,7.214
battery_v3,25,8,2,4,3,path_aware,s1,0.56,1.0,0.03466338577699329,0.0010727934444382096,7.214
battery_v3,25,8,2,4,3,path_aware,s2,0.66,1.0,0.09654999658532945,0.0026223973580003783,7.214
battery_v3,25,8,2,4,3,path_aware,s3,0.77,1.0,0.2433474682136595,0.0052274839865105345,7.214
battery_v3,25,8,2,4,3,path_aware,s4,0.87,1.0,0.48669198788464,0.006955019015644417,7.214
battery_v3,25,8,2,4,5,edge_optimist,s1,0.58,0.0,,,
battery_v3,25,8,2,4,5,edge_optimist,s2,0.68,0.0,,,
battery_v3,25,8,2,4,5,edge_optimist,s3,0.78,0.0,,,
battery_v3,25,8,2,4,5,edge_optimist,s4,0.88,0.0,,,
battery_v3,25,8,2,4,5,over_cautious,s1,0.54,0.0,,,
battery_v3,25,8,2,4,5,over_cautious,s2,0.63,0.0,,,
battery_v3,25,8,2,4,5,over_cautious,s3,0.74,0.0,,,
battery_v3,25,8,2,4,5,over_cautious,s4,0.84,0.0,,,
battery_v3,25,8,2,4,5,localized_sign_error,s1,0.52,0.0,,,
battery_v3,25,8,2,4,5,localized_sign_error,s2,0.6,0.0,,,
battery_v3,25,8,2,4,5,localized_sign_error,s3,0.7,0.0,,,
battery_v3,25,8,2,4,5,localized_sign_error,s4,0.8,0.0,,,
battery_v3,25,8,2,4,5,path_aware,s1,0.56,0.0,,,
battery_v3,25,8,2,4,5,path_aware,s2,0.66,0.0,,,
battery_v3,25,8,2,4,5,path_aware,s3,0.77,0.0,,,
battery_v3,25,8,2,4,5,path_aware,s4,0.87,0.0,,,
battery_v3,25,8,2,8,1,edge_optimist,s1,0.58,1.0,0.04439747878265948,0.000733862582133708,5.834
battery_v3,25,8,2,8,1,edge_optimist,s2,0.68,1.0,0.10890581218446585,0.001377849176673514,5.834
battery_v3,25,8,2,8,1,edge_optimist,s3,0.78,1.0,0.23768552117064265,0.0022070634095669693,5.834
battery_v3,25,8,2,8,1,edge_optimist,s4,0.88,1.0,0.4742271620276533,0.0030240626513095307,5.834
battery_v3,25,8,2,8,1,over_cautious,s1,0.54,1.0,0.029749885962870763,0.0005437345961856877,5.834
battery_v3,25,8,2,8,1,over_cautious,s2,0.63,1.0,0.07071194825224808,0.0010262709095246818,5.834
battery_v3,25,8,2,8,1,over_cautious,s3,0.74,1.0,0.17605632283716688,0.0018629078181260205,5.834
battery_v3,25,8,2,8,1,over_cautious,s4,0.84,1.0,0.36315597957385604,0.0027132657689686395,5.834
battery_v3,25,8,2,8,1,localized_sign_error,s1,0.52,1.0,0.02409680838741206,0.0004627153350647422,5.834
battery_v3,25,8,2,8,1,localized_sign_error,s2,0.6,1.0,0.05371660799999982,0.0008434753113472027,5.834
battery_v3,25,8,2,8,1,localized_sign_error,s3,0.7,1.0,0.12836682389999995,0.0015331523735169195,5.834
battery_v3,25,8,2,8,1,localized_sign_error,s4,0.8,1.0,0.27467448320000193,0.0023793533940254193,5.834
battery_v3,25,8,2,8,1,path_aware,s1,0.56,1.0,0.036465387197431906,0.0006340138677982095,5.834
battery_v3,25,8,2,8,1,path_aware,s2,0.66,1.0,0.09196860936173686,0.0012305328313840054,5.834
battery_v3,25,8,2,8,1,path_aware,s3,0.77,1.0,0.22081038109435117,0.002120548322978697,5.834
battery_v3,25,8,2,8,1,path_aware,s4,0.87,1.0,0.44411127756518765,0.0029484559495922217,5.834
battery_v3,25,8,2,8,2,edge_optimist,s1,0.58,1.0,0.08699457620154813,2.857773480031811e-17,8.0
battery_v3,25,8,2,8,2,edge_optimist,s2,0.68,1.0,0.2178248377171986,7.703563293998795e-17,8.0
battery_v3,25,8,2,8,2,edge_optimist,s3,0.78,1.0,0.44616544891476745,1.1679595961869142e-16,8.0
battery_v3,25,8,2,8,2,edge_optimist,s4,0.88,1.0,0.7519630973206451,3.4293281760381737e-16,8.0
battery_v3,25,8,2,8,2,over_cautious,s1,0.54,1.0,0.056502643861325134,1.3978239847981685e-17,8.0
battery_v3,25,8,2,8,2,over_cautious,s2,0.63,1.0,0.14140940494609494,1.615263271322328e-17,8.0
battery_v3,25,8,2,8,2,over_cautious,s3,0.74,1.0,0.34266610369927825,6.461053085289312e-17,8.0
battery_v3,25,8,2,8,2,over_cautious,s4,0.84,1.0,0.6255915347017728,4.970040834837932e-18,8.0
battery_v3,25,8,2,8,2,localized_sign_error,s1,0.52,1.0,0.04482392623022115,1.5220750056691167e-17,8.0
battery_v3,25,8,2,8,2,localized_sign_error,s2,0.6,1.0,0.10637567999999943,2.422894906983492e-17,8.0
battery_v3,25,8,2,8,2,localized_sign_error,s3,0.7,1.0,0.2552983300000015,7.206559210515002e-17,8.0
battery_v3,25,8,2,8,2,localized_sign_error,s4,0.8,1.0,0.5033164799999966,1.5904130671481383e-16,8.0
battery_v3,25,8,2,8,2,path_aware,s1,0.56,1.0,0.07046546986106941,2.6092714382899145e-17,8.0
battery_v3,25,8,2,8,2,path_aware,s2,0.66,1.0,0.1843844316956914,6.461053085289312e-17,8.0
battery_v3,25,8,2,8,2,path_aware,s3,0.77,1.0,0.418866457264867,1.6401134754965177e-16,8.0
battery_v3,25,8,2,8,2,path_aware,s4,0.87,1.0,0.7205566582166522,1.4413118421030004e-16,8.0
battery_v3,25,8,2,8,3,edge_optimist,s1,0.58,0.0,,,
battery_v3,25,8,2,8,3,edge_optimist,s2,0.68,0.0,,,
battery_v3,25,8,2,8,3,edge_optimist,s3,0.78,0.0,,,
battery_v3,25,8,2,8,3,edge_optimist,s4,0.88,0.0,,,
battery_v3,25,8,2,8,3,over_cautious,s1,0.54,0.0,,,
battery_v3,25,8,2,8,3,over_cautious,s2,0.63,0.0,,,
battery_v3,25,8,2,8,3,over_cautious,s3,0.74,0.0,,,
battery_v3,25,8,2,8,3,over_cautious,s4,0.84,0.0,,,
battery_v3,25,8,2,8,3,localized_sign_error,s1,0.52,0.0,,,
battery_v3,25,8,2,8,3,localized_sign_error,s2,0.6,0.0,,,
battery_v3,25,8,2,8,3,localized_sign_error,s3,0.7,0.0,,,
battery_v3,25,8,2,8,3,localized_sign_error,s4,0.8,0.0,,,
battery_v3,25,8,2,8,3,path_aware,s1,0.56,0.0,,,
battery_v3,25,8,2,8,3,path_aware,s2,0.66,0.0,,,
battery_v3,25,8,2,8,3,path_aware,s3,0.77,0.0,,,
battery_v3,25,8,2,8,3,path_aware,s4,0.87,0.0,,,
battery_v3,25,8,2,8,5,edge_optimist,s1,0.58,0.0,,,
battery_v3,25,8,2,8,5,edge_optimist,s2,0.68,0.0,,,
battery_v3,25,8,2,8,5,edge_optimist,s3,0.78,0.0,,,
battery_v3,25,8,2,8,5,edge_optimist,s4,0.88,0.0,,,
battery_v3,25,8,2,8,5,over_cautious,s1,0.54,0.0,,,
battery_v3,25,8,2,8,5,over_cautious,s2,0.63,0.0,,,
battery_v3,25,8,2,8,5,over_cautious,s3,0.74,0.0,,,
battery_v3,25,8,2,8,5,over_cautious,s4,0.84,0.0,,,
battery_v3,25,8,2,8,5,localized_sign_error,s1,0.52,0.0,,,
battery_v3,25,8,2,8,5,localized_sign_error,s2,0.6,0.0,,,
battery_v3,25,8,2,8,5,localized_sign_error,s3,0.7,0.0,,,
battery_v3,25,8,2,8,5,localized_sign_error,s4,0.8,0.0,,,
battery_v3,25,8,2,8,5,path_aware,s1,0.56,0.0,,,
battery_v3,25,8,2,8,5,path_aware,s2,0.66,0.0,,,
battery_v3,25,8,2,8,5,path_aware,s3,0.77,0.0,,,
battery_v3,25,8,2,8,5,path_aware,s4,0.87,0.0,,,
battery_v3,25,8,2,12,1,edge_optimist,s1,0.58,1.0,0.05430185305375028,0.0014344935934128985,7.454
battery_v3,25,8,2,12,1,edge_optimist,s2,0.68,1.0,0.1417959017673129,0.003332362367685483,7.454
battery_v3,25,8,2,12,1,edge_optimist,s3,0.78,1.0,0.30934894462081985,0.0059925184678081556,7.454
battery_v3,25,8,2,12,1,edge_optimist,s4,0.88,1.0,0.5780946655079547,0.0076117947271391135,7.454
battery_v3,25,8,2,12,1,over_cautious,s1,0.54,1.0,0.03481637969211416,0.0009521395917025408,7.454
battery_v3,25,8,2,12,1,over_cautious,s2,0.63,1.0,0.08996191614401891,0.0022560365186300034,7.454
battery_v3,25,8,2,12,1,over_cautious,s3,0.74,1.0,0.23088719897628424,0.004897077131691068,7.454
battery_v3,25,8,2,12,1,over_cautious,s4,0.84,1.0,0.45828598766386536,0.007325709567514744,7.454
battery_v3,25,8,2,12,1,localized_sign_error,s1,0.52,1.0,0.027460459467007495,0.0007626242468711163,7.454
battery_v3,25,8,2,12,1,localized_sign_error,s2,0.6,1.0,0.06687857663999947,0.001732600599927781,7.454
battery_v3,25,8,2,12,1,localized_sign_error,s3,0.7,1.0,0.16795100644000083,0.0038278227541686336,7.454
battery_v3,25,8,2,12,1,localized_sign_error,s4,0.8,1.0,0.35477520384000044,0.006505352974440319,7.454
battery_v3,25,8,2,12,1,path_aware,s1,0.56,1.0,0.04369125597448779,0.0011751441938566405,7.454
battery_v3,25,8,2,12,1,path_aware,s2,0.66,1.0,0.11886550511908907,0.0028722206786336735,7.454
battery_v3,25,8,2,12,1,path_aware,s3,0.77,1.0,0.28820513328383834,0.005723252907117442,7.454
battery_v3,25,8,2,12,1,path_aware,s4,0.87,1.0,0.5467027319956379,0.0076114630175640585,7.454
battery_v3,25,8,2,12,2,edge_optimist,s1,0.58,0.0,,,
battery_v3,25,8,2,12,2,edge_optimist,s2,0.68,0.0,,,
battery_v3,25,8,2,12,2,edge_optimist,s3,0.78,0.0,,,
battery_v3,25,8,2,12,2,edge_optimist,s4,0.88,0.0,,,
battery_v3,25,8,2,12,2,over_cautious,s1,0.54,0.0,,,
battery_v3,25,8,2,12,2,over_cautious,s2,0.63,0.0,,,
battery_v3,25,8,2,12,2,over_cautious,s3,0.74,0.0,,,
battery_v3,25,8,2,12,2,over_cautious,s4,0.84,0.0,,,
battery_v3,25,8,2,12,2,localized_sign_error,s1,0.52,0.0,,,
battery_v3,25,8,2,12,2,localized_sign_error,s2,0.6,0.0,,,
battery_v3,25,8,2,12,2,localized_sign_error,s3,0.7,0.0,,,
battery_v3,25,8,2,12,2,localized_sign_error,s4,0.8,0.0,,,
battery_v3,25,8,2,12,2,path_aware,s1,0.56,0.0,,,
battery_v3,25,8,2,12,2,path_aware,s2,0.66,0.0,,,
battery_v3,25,8,2,12,2,path_aware,s3,0.77,0.0,,,
battery_v3,25,8,2,12,2,path_aware,s4,0.87,0.0,,,
battery_v3,25,8,2,12,3,edge_optimist,s1,0.58,0.0,,,
battery_v3,25,8,2,12,3,edge_optimist,s2,0.68,0.0,,,
battery_v3,25,8,2,12,3,edge_optimist,s3,0.78,0.0,,,
battery_v3,25,8,2,12,3,edge_optimist,s4,0.88,0.0,,,
battery_v3,25,8,2,12,3,over_cautious,s1,0.54,0.0,,,
battery_v3,25,8,2,12,3,over_cautious,s2,0.63,0.0,,,
battery_v3,25,8,2,12,3,over_cautious,s3,0.74,0.0,,,
battery_v3,25,8,2,12,3,over_cautious,s4,0.84,0.0,,,
battery_v3,25,8,2,12,3,localized_sign_error,s1,0.52,0.0,,,
battery_v3,25,8,2,12,3,localized_sign_error,s2,0.6,0.0,,,
battery_v3,25,8,2,12,3,localized_sign_error,s3,0.7,0.0,,,
battery_v3,25,8,2,12,3,localized_sign_error,s4,0.8,0.0,,,
battery_v3,25,8,2,12,3,path_aware,s1,0.56,0.0,,,
battery_v3,25,8,2,12,3,path_aware,s2,0.66,0.0,,,
battery_v3,25,8,2,12,3,path_aware,s3,0.77,0.0,,,
battery_v3,25,8,2,12,3,path_aware,s4,0.87,0.0,,,
battery_v3,25,8,2,12,5,edge_optimist,s1,0.58,0.0,,,
battery_v3,25,8,2,12,5,edge_optimist,s2,0.68,0.0,,,
battery_v3,25,8,2,12,5,edge_optimist,s3,0.78,0.0,,,
battery_v3,25,8,2,12,5,edge_optimist,s4,0.88,0.0,,,
battery_v3,25,8,2,12,5,over_cautious,s1,0.54,0.0,,,
battery_v3,25,8,2,12,5,over_cautious,s2,0.63,0.0,,,
battery_v3,25,8,2,12,5,over_cautious,s3,0.74,0.0,,,
battery_v3,25,8,2,12,5,over_cautious,s4,0.84,0.0,,,
battery_v3,25,8,2,12,5,localized_sign_error,s1,0.52,0.0,,,
battery_v3,25,8,2,12,5,localized_sign_error,s2,0.6,0.0,,,
battery_v3,25,8,2,12,5,localized_sign_error,s3,0.7,0.0,,,
battery_v3,25,8,2,12,5,localized_sign_error,s4,0.8,0.0,,,
battery_v3,25,8,2,12,5,path_aware,s1,0.56,0.0,,,
battery_v3,25,8,2,12,5,path_aware,s2,0.66,0.0,,,
battery_v3,25,8,2,12,5,path_aware,s3,0.77,0.0,,,
battery_v3,25,8,2,12,5,path_aware,s4,0.87,0.0,,,
battery_v3,25,8,5,4,1,edge_optimist,s1,0.58,1.0,0.0,0.0,3.458
battery_v3,25,8,5,4,1,edge_optimist,s2,0.68,1.0,0.0,0.0,3.458
battery_v3,25,8,5,4,1,edge_optimist,s3,0.78,1.0,0.0,0.0,3.458
battery_v3,25,8,5,4,1,edge_optimist,s4,0.88,1.0,0.0,0.0,3.458
battery_v3,25,8,5,4,1,over_cautious,s1,0.54,1.0,0.0,0.0,3.458
battery_v3,25,8,5,4,1,over_cautious,s2,0.63,1.0,0.0,0.0,3.458
battery_v3,25,8,5,4,1,over_cautious,s3,0.74,1.0,0.0,0.0,3.458
battery_v3,25,8,5,4,1,over_cautious,s4,0.84,1.0,0.0,0.0,3.458
battery_v3,25,8,5,4,1,localized_sign_error,s1,0.52,1.0,0.0,0.0,3.458
battery_v3,25,8,5,4,1,localized_sign_error,s2,0.6,1.0,0.0,0.0,3.458
battery_v3,25,8,5,4,1,localized_sign_error,s3,0.7,1.0,0.0,0.0,3.458
battery_v3,25,8,5,4,1,localized_sign_error,s4,0.8,1.0,0.0,0.0,3.458
battery_v3,25,8,5,4,1,path_aware,s1,0.56,1.0,0.0,0.0,3.458
battery_v3,25,8,5,4,1,path_aware,s2,0.66,1.0,0.0,0.0,3.458
battery_v3,25,8,5,4,1,path_aware,s3,0.77,1.0,0.0,0.0,3.458
battery_v3,25,8,5,4,1,path_aware,s4,0.87,1.0,0.0,0.0,3.458
battery_v3,25,8,5,4,2,edge_optimist,s1,0.58,1.0,0.042133754698027145,0.001024348405821026,5.414
battery_v3,25,8,5,4,2,edge_optimist,s2,0.68,1.0,0.10063427478030933,0.0022070360405333548,5.414
battery_v3,25,8,5,4,2,edge_optimist,s3,0.78,1.0,0.2145416219316623,0.004324566320314207,5.414
battery_v3,25,8,5,4,2,edge_optimist,s4,0.88,1.0,0.4192289512618974,0.007942231350475103,5.414
battery_v3,25,8,5,4,2,over_cautious,s1,0.54,1.0,0.028565667040757064,0.0007273086748347503,5.414
battery_v3,25,8,5,4,2,over_cautious,s2,0.63,1.0,0.06618880537127257,0.0015249259456267534,5.414
battery_v3,25,8,5,4,2,over_cautious,s3,0.74,1.0,0.16035594916807525,0.003335311637800814,5.414
battery_v3,25,8,5,4,2,over_cautious,s4,0.84,1.0,0.32363271609243577,0.006265614429024586,5.414
battery_v3,25,8,5,4,2,localized_sign_error,s1,0.52,1.0,0.02327935876873595,0.0006071852791876435,5.414
battery_v3,25,8,5,4,2,localized_sign_error,s2,0.6,1.0,0.05069205503999996,0.0012055484870734574,5.414
battery_v3,25,8,5,4,2,localized_sign_error,s3,0.7,1.0,0.11803421644,0.002541383784544176,5.414
battery_v3,25,8,5,4,2,localized_sign_error,s4,0.8,1.0,0.24685051904000144,0.004904723484660432,5.414
battery_v3,25,8,5,4,2,path_aware,s1,0.56,1.0,0.03480655136596969,0.0008656778386785427,5.414
battery_v3,25,8,5,4,2,path_aware,s2,0.66,1.0,0.08541411906575412,0.0019094839055060003,5.414
battery_v3,25,8,5,4,2,path_aware,s3,0.77,1.0,0.1997523208988333,0.004056873744080653,5.414
battery_v3,25,8,5,4,2,path_aware,s4,0.87,1.0,0.3933831137160462,0.007489838939780627,5.414
battery_v3,25,8,5,4,3,edge_optimist,s1,0.58,1.0,0.04204649495369144,0.001014418669699829,6.526
battery_v3,25,8,5,4,3,edge_optimist,s2,0.68,1.0,0.10882753705375203,0.002275592755622785,6.526
battery_v3,25,8,5,4,3,edge_optimist,s3,0.78,1.0,0.2442344271876524,0.00406324511931008,6.526
battery_v3,25,8,5,4,3,edge_optimist,s4,0.88,1.0,0.48916232990894204,0.005301176624456792,6.526
battery_v3,25,8,5,4,3,over_cautious,s1,0.54,1.0,0.027359218654169366,0.0006914996266457048,6.526
battery_v3,25,8,5,4,3,over_cautious,s2,0.63,1.0,0.0690230566620103,0.0015607477242043672,6.526
battery_v3,25,8,5,4,3,over_cautious,s3,0.74,1.0,0.17942837500874492,0.003320762393731831,6.526
battery_v3,25,8,5,4,3,over_cautious,s4,0.84,1.0,0.3750836785923103,0.005011290633918126,6.526
battery_v3,25,8,5,4,3,localized_sign_error,s1,0.52,1.0,0.021797752930474368,0.0005635461304402661,6.526
battery_v3,25,8,5,4,3,localized_sign_error,s2,0.6,1.0,0.05153435135999962,0.0012129529184889884,6.526
battery_v3,25,8,5,4,3,localized_sign_error,s3,0.7,1.0,0.12924885525999982,0.0026053960198657916,6.526
battery_v3,25,8,5,4,3,localized_sign_error,s4,0.8,1.0,0.2829949337600018,0.004417591867632576,6.526
battery_v3,25,8,5,4,3,path_aware,s1,0.56,1.0,0.034051310411684424,0.0008411526736619985,6.526
battery_v3,25,8,5,4,3,path_aware,s2,0.66,1.0,0.09111613355299443,0.001969842296229968,6.526
battery_v3,25,8,5,4,3,path_aware,s3,0.77,1.0,0.22651122257636105,0.003879353308715398,6.526
battery_v3,25,8,5,4,3,path_aware,s4,0.87,1.0,0.45841048931493683,0.005268859384371571,6.526
battery_v3,25,8,5,4,5,edge_optimist,s1,0.58,1.0,0.06503996529702133,0.0013425111469818867,7.592
battery_v3,25,8,5,4,5,edge_optimist,s2,0.68,1.0,0.16658712077024648,0.0031272544203952393,7.592
battery_v3,25,8,5,4,5,edge_optimist,s3,0.78,1.0,0.3537204723467314,0.005635582285686884,7.592
battery_v3,25,8,5,4,5,edge_optimist,s4,0.88,1.0,0.6342466924491789,0.007170414277962381,7.592
battery_v3,25,8,5,4,5,over_cautious,s1,0.54,1.0,0.041965446876267375,0.0008898959739964473,7.592
battery_v3,25,8,5,4,5,over_cautious,s2,0.63,1.0,0.10679399322070814,0.0021144734655984005,7.592
battery_v3,25,8,5,4,5,over_cautious,s3,0.74,1.0,0.2672109882551373,0.004601777966698537,7.592
battery_v3,25,8,5,4,5,over_cautious,s4,0.84,1.0,0.5124027468382483,0.006896595630893695,7.592
battery_v3,25,8,5,4,5,localized_sign_error,s1,0.52,1.0,0.03319615057784991,0.0007122480377843283,7.592
battery_v3,25,8,5,4,5,localized_sign_error,s2,0.6,1.0,0.07983028223999958,0.0016224950759575485,7.592
battery_v3,25,8,5,4,5,localized_sign_error,s3,0.7,1.0,0.19639853464000134,0.0035938931004353405,7.592
battery_v3,25,8,5,4,5,localized_sign_error,s4,0.8,1.0,0.4029048422399994,0.006120107614169546,7.592
battery_v3,25,8,5,4,5,path_aware,s1,0.56,1.0,0.05250092007413534,0.0010990787424492122,7.592
battery_v3,25,8,5,4,5,path_aware,s2,0.66,1.0,0.1402570086148301,0.0026941122187834113,7.592
battery_v3,25,8,5,4,5,path_aware,s3,0.77,1.0,0.33060074646250204,0.005381336740731951,7.592
battery_v3,25,8,5,4,5,path_aware,s4,0.87,1.0,0.6028712010647345,0.007169014292392394,7.592
battery_v3,25,8,5,8,1,edge_optimist,s1,0.58,1.0,0.044282610047234446,0.0008218112170962479,5.664
battery_v3,25,8,5,8,1,edge_optimist,s2,0.68,1.0,0.10726713367528769,0.001639027647834625,5.664
battery_v3,25,8,5,8,1,edge_optimist,s3,0.78,1.0,0.23170398418251606,0.0029579270115265904,5.664
battery_v3,25,8,5,8,1,edge_optimist,s4,0.88,1.0,0.45848018202782426,0.005068327243451261,5.664
battery_v3,25,8,5,8,1,over_cautious,s1,0.54,1.0,0.02984274235467626,0.000599720186190926,5.664
battery_v3,25,8,5,8,1,over_cautious,s2,0.63,1.0,0.07006648479307676,0.001178619019178459,5.664
battery_v3,25,8,5,8,1,over_cautious,s3,0.74,1.0,0.17229204615555122,0.002356960833221537,5.664
battery_v3,25,8,5,8,1,over_cautious,s4,0.84,1.0,0.35217974283562026,0.004097754765779496,5.664
battery_v3,25,8,5,8,1,localized_sign_error,s1,0.52,1.0,0.02424481177968323,0.0005071266627844033,5.664
battery_v3,25,8,5,8,1,localized_sign_error,s2,0.6,1.0,0.05343293951999992,0.0009532176840351912,5.664
battery_v3,25,8,5,8,1,localized_sign_error,s3,0.7,1.0,0.12615266972,0.0018565141012622896,5.664
battery_v3,25,8,5,8,1,localized_sign_error,s4,0.8,1.0,0.26727677952000173,0.003302513697612444,5.664
battery_v3,25,8,5,8,1,path_aware,s1,0.56,1.0,0.03647313445147128,0.0007043026527628263,5.664
battery_v3,25,8,5,8,1,path_aware,s2,0.66,1.0,0.09079587905173163,0.0014412546941183874,5.664
battery_v3,25,8,5,8,1,path_aware,s3,0.77,1.0,0.21545543793569377,0.0027972191395794163,5.664
battery_v3,25,8,5,8,1,path_aware,s4,0.87,1.0,0.4296826528170635,0.004806468755754662,5.664
battery_v3,25,8,5,8,2,edge_optimist,s1,0.58,1.0,0.0521643532017149,0.0013806776971117534,7.3
battery_v3,25,8,5,8,2,edge_optimist,s2,0.68,1.0,0.136217709998506,0.0032143105052794513,7.3
battery_v3,25,8,5,8,2,edge_optimist,s3,0.78,1.0,0.29852738547801017,0.0057937344660323456,7.3
battery_v3,25,8,5,8,2,edge_optimist,s4,0.88,1.0,0.5635947202493788,0.007375067495110663,7.3
battery_v3,25,8,5,8,2,over_cautious,s1,0.54,1.0,0.03348847370804211,0.0009158856069038295,7.3
battery_v3,25,8,5,8,2,over_cautious,s2,0.63,1.0,0.08637430587651518,0.002173609781650241,7.3
battery_v3,25,8,5,8,2,over_cautious,s3,0.74,1.0,0.22227890539309908,0.004730276936652478,7.3
battery_v3,25,8,5,8,2,over_cautious,s4,0.84,1.0,0.44459850632291953,0.0070920214604452084,7.3
battery_v3,25,8,5,8,2,localized_sign_error,s1,0.52,1.0,0.02643806223361629,0.0007334726149564053,7.3
battery_v3,25,8,5,8,2,localized_sign_error,s2,0.6,1.0,0.06422353919999943,0.001668235764209581,7.3
battery_v3,25,8,5,8,2,localized_sign_error,s3,0.7,1.0,0.16142955430000067,0.003693963375492388,7.3
battery_v3,25,8,5,8,2,localized_sign_error,s4,0.8,1.0,0.3428843520000005,0.006292375275525442,7.3
battery_v3,25,8,5,8,2,path_aware,s1,0.56,1.0,0.041993994044965004,0.0011306871443457994,7.3
battery_v3,25,8,5,8,2,path_aware,s2,0.66,1.0,0.11414884193250217,0.0027691722371246228,7.3
battery_v3,25,8,5,8,2,path_aware,s3,0.77,1.0,0.27793553951514033,0.005532143804240617,7.3
battery_v3,25,8,5,8,2,path_aware,s4,0.87,1.0,0.532270265419057,0.007373253456737284,7.3
battery_v3,25,8,5,8,3,edge_optimist,s1,0.58,1.0,0.07469275434333984,0.001137509621854685,7.808
battery_v3,25,8,5,8,3,edge_optimist,s2,0.68,1.0,0.1892750724948302,0.0026396219097817946,7.808
battery_v3,25,8,5,8,3,edge_optimist,s3,0.78,1.0,0.3948676822696032,0.0047425060967015145,7.808
battery_v3,25,8,5,8,3,edge_optimist,s4,0.88,1.0,0.686849929120836,0.006019467692322217,7.808
battery_v3,25,8,5,8,3,over_cautious,s1,0.54,1.0,0.04833391074503536,0.0007553818860990078,7.808
battery_v3,25,8,5,8,3,over_cautious,s2,0.63,1.0,0.12207194861238928,0.001787964926049079,7.808
battery_v3,25,8,5,8,3,over_cautious,s3,0.74,1.0,0.3007323638900514,0.0038768901262551123,7.808
battery_v3,25,8,5,8,3,over_cautious,s4,0.84,1.0,0.5629087243244676,0.005794886451423017,7.808
battery_v3,25,8,5,8,3,localized_sign_error,s1,0.52,1.0,0.038279696266559624,0.0006051817864550373,7.808
battery_v3,25,8,5,8,3,localized_sign_error,s2,0.6,1.0,0.0915204095999996,0.0013735833723703174,7.808
battery_v3,25,8,5,8,3,localized_sign_error,s3,0.7,1.0,0.22250955370000153,0.0030314988578421125,7.808
battery_v3,25,8,5,8,3,localized_sign_error,s4,0.8,1.0,0.44763709439999816,0.0051475340193186305,7.808
battery_v3,25,8,5,8,3,path_aware,s1,0.56,1.0,0.06038565086350575,0.0009320748343113765,7.808
battery_v3,25,8,5,8,3,path_aware,s2,0.66,1.0,0.15977239969152754,0.0022755913971509918,7.808
battery_v3,25,8,5,8,3,path_aware,s3,0.77,1.0,0.36986989888640326,0.004529783832804411,7.808
battery_v3,25,8,5,8,3,path_aware,s4,0.87,1.0,0.6554420469945399,0.00601962478971366,7.808
battery_v3,25,8,5,8,5,edge_optimist,s1,0.58,0.834,,,
battery_v3,25,8,5,8,5,edge_optimist,s2,0.68,0.834,,,
battery_v3,25,8,5,8,5,edge_optimist,s3,0.78,0.834,,,
battery_v3,25,8,5,8,5,edge_optimist,s4,0.88,0.834,,,
battery_v3,25,8,5,8,5,over_cautious,s1,0.54,0.834,,,
battery_v3,25,8,5,8,5,over_cautious,s2,0.63,0.834,,,
battery_v3,25,8,5,8,5,over_cautious,s3,0.74,0.834,,,
battery_v3,25,8,5,8,5,over_cautious,s4,0.84,0.834,,,
battery_v3,25,8,5,8,5,localized_sign_error,s1,0.52,0.834,,,
battery_v3,25,8,5,8,5,localized_sign_error,s2,0.6,0.834,,,
battery_v3,25,8,5,8,5,localized_sign_error,s3,0.7,0.834,,,
battery_v3,25,8,5,8,5,localized_sign_error,s4,0.8,0.834,,,
battery_v3,25,8,5,8,5,path_aware,s1,0.56,0.834,,,
battery_v3,25,8,5,8,5,path_aware,s2,0.66,0.834,,,
battery_v3,25,8,5,8,5,path_aware,s3,0.77,0.834,,,
battery_v3,25,8,5,8,5,path_aware,s4,0.87,0.834,,,
battery_v3,25,8,5,12,1,edge_optimist,s1,0.58,1.0,0.04344251224051507,0.0012233774676095517,7.02
battery_v3,25,8,5,12,1,edge_optimist,s2,0.68,1.0,0.11527942890853513,0.00284099339876331,7.02
battery_v3,25,8,5,12,1,edge_optimist,s3,0.78,1.0,0.25999472213165686,0.0051170042612506995,7.02
battery_v3,25,8,5,12,1,edge_optimist,s4,0.88,1.0,0.5138056710191051,0.006513476396772809,7.02
battery_v3,25,8,5,12,1,over_cautious,s1,0.54,1.0,0.027799229517360146,0.0008131628106159757,7.02
battery_v3,25,8,5,12,1,over_cautious,s2,0.63,1.0,0.07240811916604198,0.0019229340377772074,7.02
battery_v3,25,8,5,12,1,over_cautious,s3,0.74,1.0,0.19105223468655488,0.004178495231110331,7.02
battery_v3,25,8,5,12,1,over_cautious,s4,0.84,1.0,0.39698064028839447,0.006263226753728598,7.02
battery_v3,25,8,5,12,1,localized_sign_error,s1,0.52,1.0,0.02192636287548121,0.0006520885381593202,7.02
battery_v3,25,8,5,12,1,localized_sign_error,s2,0.6,1.0,0.05360836607999957,0.0014770938226100726,7.02
battery_v3,25,8,5,12,1,localized_sign_error,s3,0.7,1.0,0.13725167637999997,0.0032641454878038667,7.02
battery_v3,25,8,5,12,1,localized_sign_error,s4,0.8,1.0,0.3008941260800014,0.005557156515956173,7.02
battery_v3,25,8,5,12,1,path_aware,s1,0.56,1.0,0.03490818913552324,0.0010027681354658194,7.02
battery_v3,25,8,5,12,1,path_aware,s2,0.66,1.0,0.09620299226024298,0.0024483088609591783,7.02
battery_v3,25,8,5,12,1,path_aware,s3,0.77,1.0,0.24120764111125942,0.0048861248492914,7.02
battery_v3,25,8,5,12,1,path_aware,s4,0.87,1.0,0.4825583828240642,0.006511771207137646,7.02
battery_v3,25,8,5,12,2,edge_optimist,s1,0.58,1.0,0.07998378487273715,0.0009019600821108917,7.892
battery_v3,25,8,5,12,2,edge_optimist,s2,0.68,1.0,0.20156058316764727,0.002092446869542314,7.892
battery_v3,25,8,5,12,2,edge_optimist,s3,0.78,1.0,0.41695039479527707,0.0037586074633543065,7.892
battery_v3,25,8,5,12,2,edge_optimist,s4,0.88,1.0,0.7148880472179668,0.004769820362140034,7.892
battery_v3,25,8,5,12,2,over_cautious,s1,0.54,1.0,0.05184639755108477,0.0005990405515357335,7.892
battery_v3,25,8,5,12,2,over_cautious,s2,0.63,1.0,0.13039128830221747,0.0014175149318707337,7.892
battery_v3,25,8,5,12,2,over_cautious,s3,0.74,1.0,0.3187815471946215,0.003072822387052157,7.892
battery_v3,25,8,5,12,2,over_cautious,s4,0.84,1.0,0.5898974063821852,0.0045921604851805065,7.892
battery_v3,25,8,5,12,2,localized_sign_error,s1,0.52,1.0,0.04109325963608743,0.000479961845925279,7.892
battery_v3,25,8,5,12,2,localized_sign_error,s2,0.6,1.0,0.09791041535999952,0.0010890825916337295,7.892
battery_v3,25,8,5,12,2,localized_sign_error,s3,0.7,1.0,0.23662037476000153,0.002402976961060228,7.892
battery_v3,25,8,5,12,2,localized_sign_error,s4,0.8,1.0,0.4716075417599975,0.004079453402223818,7.892
battery_v3,25,8,5,12,2,path_aware,s1,0.56,1.0,0.06472046155357271,0.0007391131645100772,7.892
battery_v3,25,8,5,12,2,path_aware,s2,0.66,1.0,0.1703624866296974,0.001803966789184623,7.892
battery_v3,25,8,5,12,2,path_aware,s3,0.77,1.0,0.3909612850084623,0.0035900870927751505,7.892
battery_v3,25,8,5,12,2,path_aware,s4,0.87,1.0,0.6834800569760602,0.004770019920850992,7.892
battery_v3,25,8,5,12,3,edge_optimist,s1,0.58,1.0,0.08699457620154813,2.857773480031811e-17,8.0
battery_v3,25,8,5,12,3,edge_optimist,s2,0.68,1.0,0.2178248377171986,7.703563293998795e-17,8.0
battery_v3,25,8,5,12,3,edge_optimist,s3,0.78,1.0,0.44616544891476745,1.1679595961869142e-16,8.0
battery_v3,25,8,5,12,3,edge_optimist,s4,0.88,1.0,0.7519630973206451,3.4293281760381737e-16,8.0
battery_v3,25,8,5,12,3,over_cautious,s1,0.54,1.0,0.056502643861325134,1.3978239847981685e-17,8.0
battery_v3,25,8,5,12,3,over_cautious,s2,0.63,1.0,0.14140940494609494,1.615263271322328e-17,8.0
battery_v3,25,8,5,12,3,over_cautious,s3,0.74,1.0,0.34266610369927825,6.461053085289312e-17,8.0
battery_v3,25,8,5,12,3,over_cautious,s4,0.84,1.0,0.6255915347017728,4.970040834837932e-18,8.0
battery_v3,25,8,5,12,3,localized_sign_error,s1,0.52,1.0,0.04482392623022115,1.5220750056691167e-17,8.0
battery_v3,25,8,5,12,3,localized_sign_error,s2,0.6,1.0,0.10637567999999943,2.422894906983492e-17,8.0
battery_v3,25,8,5,12,3,localized_sign_error,s3,0.7,1.0,0.2552983300000015,7.206559210515002e-17,8.0
battery_v3,25,8,5,12,3,localized_sign_error,s4,0.8,1.0,0.5033164799999966,1.5904130671481383e-16,8.0
battery_v3,25,8,5,12,3,path_aware,s1,0.56,1.0,0.07046546986106941,2.6092714382899145e-17,8.0
battery_v3,25,8,5,12,3,path_aware,s2,0.66,1.0,0.1843844316956914,6.461053085289312e-17,8.0
battery_v3,25,8,5,12,3,path_aware,s3,0.77,1.0,0.418866457264867,1.6401134754965177e-16,8.0
battery_v3,25,8,5,12,3,path_aware,s4,0.87,1.0,0.7205566582166522,1.4413118421030004e-16,8.0
battery_v3,25,8,5,12,5,edge_optimist,s1,0.58,0.0,,,
battery_v3,25,8,5,12,5,edge_optimist,s2,0.68,0.0,,,
battery_v3,25,8,5,12,5,edge_optimist,s3,0.78,0.0,,,
battery_v3,25,8,5,12,5,edge_optimist,s4,0.88,0.0,,,
battery_v3,25,8,5,12,5,over_cautious,s1,0.54,0.0,,,
battery_v3,25,8,5,12,5,over_cautious,s2,0.63,0.0,,,
battery_v3,25,8,5,12,5,over_cautious,s3,0.74,0.0,,,
battery_v3,25,8,5,12,5,over_cautious,s4,0.84,0.0,,,
battery_v3,25,8,5,12,5,localized_sign_error,s1,0.52,0.0,,,
battery_v3,25,8,5,12,5,localized_sign_error,s2,0.6,0.0,,,
battery_v3,25,8,5,12,5,localized_sign_error,s3,0.7,0.0,,,
battery_v3,25,8,5,12,5,localized_sign_error,s4,0.8,0.0,,,
battery_v3,25,8,5,12,5,path_aware,s1,0.56,0.0,,,
battery_v3,25,8,5,12,5,path_aware,s2,0.66,0.0,,,
battery_v3,25,8,5,12,5,path_aware,s3,0.77,0.0,,,
battery_v3,25,8,5,12,5,path_aware,s4,0.87,0.0,,,
battery_v3,25,8,10,4,1,edge_optimist,s1,0.58,1.0,0.0,0.0,3.472
battery_v3,25,8,10,4,1,edge_optimist,s2,0.68,1.0,0.0,0.0,3.472
battery_v3,25,8,10,4,1,edge_optimist,s3,0.78,1.0,0.0,0.0,3.472
battery_v3,25,8,10,4,1,edge_optimist,s4,0.88,1.0,0.0,0.0,3.472
battery_v3,25,8,10,4,1,over_cautious,s1,0.54,1.0,0.0,0.0,3.472
battery_v3,25,8,10,4,1,over_cautious,s2,0.63,1.0,0.0,0.0,3.472
battery_v3,25,8,10,4,1,over_cautious,s3,0.74,1.0,0.0,0.0,3.472
battery_v3,25,8,10,4,1,over_cautious,s4,0.84,1.0,0.0,0.0,3.472
battery_v3,25,8,10,4,1,localized_sign_error,s1,0.52,1.0,0.0,0.0,3.472
battery_v3,25,8,10,4,1,localized_sign_error,s2,0.6,1.0,0.0,0.0,3.472
battery_v3,25,8,10,4,1,localized_sign_error,s3,0.7,1.0,0.0,0.0,3.472
battery_v3,25,8,10,4,1,localized_sign_error,s4,0.8,1.0,0.0,0.0,3.472
battery_v3,25,8,10,4,1,path_aware,s1,0.56,1.0,0.0,0.0,3.472
battery_v3,25,8,10,4,1,path_aware,s2,0.66,1.0,0.0,0.0,3.472
battery_v3,25,8,10,4,1,path_aware,s3,0.77,1.0,0.0,0.0,3.472
battery_v3,25,8,10,4,1,path_aware,s4,0.87,1.0,0.0,0.0,3.472
battery_v3,25,8,10,4,2,edge_optimist,s1,0.58,1.0,0.04260038970443781,0.0010114460317752591,5.394
battery_v3,25,8,10,4,2,edge_optimist,s2,0.68,1.0,0.10132916662665245,0.0021514747000257084,5.394
battery_v3,25,8,10,4,2,edge_optimist,s3,0.78,1.0,0.21555043299219445,0.004189777207331856,5.394
battery_v3,25,8,10,4,2,edge_optimist,s4,0.88,1.0,0.42112331463786395,0.007726658023341586,5.394
battery_v3,25,8,10,4,2,over_cautious,s1,0.54,1.0,0.028944881516114143,0.0007220984380799176,5.394
battery_v3,25,8,10,4,2,over_cautious,s2,0.63,1.0,0.06676787542117912,0.0014954748739763918,5.394
battery_v3,25,8,10,4,2,over_cautious,s3,0.74,1.0,0.16121278395942942,0.0032355301345012833,5.394
battery_v3,25,8,10,4,2,over_cautious,s4,0.84,1.0,0.32503967474614426,0.006078476963191034,5.394
battery_v3,25,8,10,4,2,localized_sign_error,s1,0.52,1.0,0.023616571153776744,0.0006044176581287446,5.394
battery_v3,25,8,10,4,2,localized_sign_error,s2,0.6,1.0,0.05120340479999993,0.0011870666145479714,5.394
battery_v3,25,8,10,4,2,localized_sign_error,s3,0.7,1.0,0.11877843040000001,0.0024725383803815668,5.394
battery_v3,25,8,10,4,2,localized_sign_error,s4,0.8,1.0,0.2479620096000017,0.0047519236096851165,5.394
battery_v3,25,8,10,4,2,path_aware,s1,0.56,1.0,0.03522903401299984,0.0008571445342810751,5.394
battery_v3,25,8,10,4,2,path_aware,s2,0.66,1.0,0.08606189760841765,0.001865589320111335,5.394
battery_v3,25,8,10,4,2,path_aware,s3,0.77,1.0,0.20071757312178345,0.003931054717932828,5.394
battery_v3,25,8,10,4,2,path_aware,s4,0.87,1.0,0.3951317577247606,0.007280622304871007,5.394
battery_v3,25,8,10,4,3,edge_optimist,s1,0.58,1.0,0.03948404452595285,0.0009595499737478901,6.52
battery_v3,25,8,10,4,3,edge_optimist,s2,0.68,1.0,0.10309659153485033,0.002124168455415657,6.52
battery_v3,25,8,10,4,3,edge_optimist,s3,0.78,1.0,0.23420612959627787,0.0037616034556144616,6.52
battery_v3,25,8,10,4,3,edge_optimist,s4,0.88,1.0,0.4766825930901422,0.004899120485790049,6.52
battery_v3,25,8,10,4,3,over_cautious,s1,0.54,1.0,0.025624747387254638,0.0006585501643786973,6.52
battery_v3,25,8,10,4,3,over_cautious,s2,0.63,1.0,0.0650754346793763,0.0014656149859508447,6.52
battery_v3,25,8,10,4,3,over_cautious,s3,0.74,1.0,0.17115143059547663,0.003082648518531343,6.52
battery_v3,25,8,10,4,3,over_cautious,s4,0.84,1.0,0.362982003405816,0.004628586574581032,6.52
battery_v3,25,8,10,4,3,localized_sign_error,s1,0.52,1.0,0.02039307362192585,0.0005386758736948951,6.52
battery_v3,25,8,10,4,3,localized_sign_error,s2,0.6,1.0,0.048466252799999755,0.0011438231988877229,6.52
battery_v3,25,8,10,4,3,localized_sign_error,s3,0.7,1.0,0.12270622629999972,0.0024270709269843607,6.52
battery_v3,25,8,10,4,3,localized_sign_error,s4,0.8,1.0,0.27215790080000174,0.0040853716481732225,6.52
battery_v3,25,8,10,4,3,path_aware,s1,0.56,1.0,0.03193229191990502,0.0007982769628415832,6.52
battery_v3,25,8,10,4,3,path_aware,s2,0.66,1.0,0.08614396045745729,0.001842878895250929,6.52
battery_v3,25,8,10,4,3,path_aware,s3,0.77,1.0,0.21691074422720286,0.003593542531619881,6.52
battery_v3,25,8,10,4,3,path_aware,s4,0.87,1.0,0.4459086332473257,0.004867297696732822,6.52
battery_v3,25,8,10,4,5,edge_optimist,s1,0.58,1.0,0.06276890891966243,0.0013761800073349441,7.562
battery_v3,25,8,10,4,5,edge_optimist,s2,0.68,1.0,0.16134034210836998,0.0032032292838157987,7.562
battery_v3,25,8,10,4,5,edge_optimist,s3,0.78,1.0,0.3443249648456796,0.005769120008719478,7.562
battery_v3,25,8,10,4,5,edge_optimist,s4,0.88,1.0,0.6223520034551988,0.007336941000386029,7.562
battery_v3,25,8,10,4,5,over_cautious,s1,0.54,1.0,0.040453968919592215,0.000912556768345398,7.562
battery_v3,25,8,10,4,5,over_cautious,s2,0.63,1.0,0.10323279208658837,0.0021666135761561887,7.562
battery_v3,25,8,10,4,5,over_cautious,s3,0.74,1.0,0.2595210012724066,0.004711839149570362,7.562
battery_v3,25,8,10,4,5,over_cautious,s4,0.84,1.0,0.5009408757011065,0.007057976224720496,7.562
battery_v3,25,8,10,4,5,localized_sign_error,s1,0.52,1.0,0.03198372189432698,0.0007305361448808087,7.562
battery_v3,25,8,10,4,5,localized_sign_error,s2,0.6,1.0,0.07709064191999951,0.0016629006753169937,7.562
battery_v3,25,8,10,4,5,localized_sign_error,s3,0.7,1.0,0.19037725882000112,0.0036807289468840853,7.562
battery_v3,25,8,10,4,5,localized_sign_error,s4,0.8,1.0,0.39271268351999966,0.006264495570265492,7.562
battery_v3,25,8,10,4,5,path_aware,s1,0.56,1.0,0.050638026223858656,0.0011268477711710704,7.562
battery_v3,25,8,10,4,5,path_aware,s2,0.66,1.0,0.1357302832035137,0.002759940456938226,7.562
battery_v3,25,8,10,4,5,path_aware,s3,0.77,1.0,0.32162403623654495,0.005509137384420727,7.562
battery_v3,25,8,10,4,5,path_aware,s4,0.87,1.0,0.5909734520866903,0.00733581351418207,7.562
battery_v3,25,8,10,8,1,edge_optimist,s1,0.58,1.0,0.04169097432199279,0.0008253638643862788,5.784
battery_v3,25,8,10,8,1,edge_optimist,s2,0.68,1.0,0.10261750530328538,0.0016599967157105244,5.784
battery_v3,25,8,10,8,1,edge_optimist,s3,0.78,1.0,0.2249118117824766,0.003007148300183534,5.784
battery_v3,25,8,10,8,1,edge_optimist,s4,0.88,1.0,0.4509831126495251,0.005146294734803011,5.784
battery_v3,25,8,10,8,1,over_cautious,s1,0.54,1.0,0.027904932979205273,0.0005998651034144612,5.784
battery_v3,25,8,10,8,1,over_cautious,s2,0.63,1.0,0.06650797871963335,0.0011891923408169026,5.784
battery_v3,25,8,10,8,1,over_cautious,s3,0.74,1.0,0.16629728082205997,0.0023941951119336394,5.784
battery_v3,25,8,10,8,1,over_cautious,s4,0.84,1.0,0.344638438028006,0.0041643676739822515,5.784
battery_v3,25,8,10,8,1,localized_sign_error,s1,0.52,1.0,0.022590996023004427,0.0005061797093989928,5.784
battery_v3,25,8,10,8,1,localized_sign_error,s2,0.6,1.0,0.050473082879999805,0.0009591831932064238,5.784
battery_v3,25,8,10,8,1,localized_sign_error,s3,0.7,1.0,0.12104972837999994,0.0018825252044786943,5.784
battery_v3,25,8,10,8,1,localized_sign_error,s4,0.8,1.0,0.260156948480002,0.0033576953180835052,5.784
battery_v3,25,8,10,8,1,path_aware,s1,0.56,1.0,0.03422256772709103,0.000705930238177947,5.784
battery_v3,25,8,10,8,1,path_aware,s2,0.66,1.0,0.08659313307969262,0.0014576660486439372,5.784
battery_v3,25,8,10,8,1,path_aware,s3,0.77,1.0,0.20884789034797926,0.002843428746242399,5.784
battery_v3,25,8,10,8,1,path_aware,s4,0.87,1.0,0.4221192937801313,0.00488148023420766,5.784
battery_v3,25,8,10,8,2,edge_optimist,s1,0.58,1.0,0.055275518937672186,0.001403905090430866,7.396
battery_v3,25,8,10,8,2,edge_optimist,s2,0.68,1.0,0.1436904353637597,0.0032681050882068037,7.396
battery_v3,25,8,10,8,2,edge_optimist,s3,0.78,1.0,0.312278387221568,0.005888274282625189,7.396
battery_v3,25,8,10,8,2,edge_optimist,s4,0.88,1.0,0.5813573153103779,0.0074918253189711626,7.396
battery_v3,25,8,10,8,2,over_cautious,s1,0.54,1.0,0.03551677165312283,0.0009311031099195653,7.396
battery_v3,25,8,10,8,2,over_cautious,s2,0.63,1.0,0.09135801632651869,0.0022102387240555237,7.396
battery_v3,25,8,10,8,2,over_cautious,s3,0.74,1.0,0.23342343478725136,0.00480833408838999,7.396
battery_v3,25,8,10,8,2,over_cautious,s4,0.84,1.0,0.46158885830016455,0.007205682471359336,7.396
battery_v3,25,8,10,8,2,localized_sign_error,s1,0.52,1.0,0.028045912843642374,0.0007455123011425754,7.396
battery_v3,25,8,10,8,2,localized_sign_error,s2,0.6,1.0,0.06801076223999954,0.0016963592312669955,7.396
battery_v3,25,8,10,8,2,localized_sign_error,s3,0.7,1.0,0.17005860424000077,0.0037555268503941803,7.396
battery_v3,25,8,10,8,2,localized_sign_error,s4,0.8,1.0,0.35786850304,0.00639444810006918,7.396
battery_v3,25,8,10,8,2,path_aware,s1,0.56,1.0,0.044520966438938395,0.0011496217595123512,7.396
battery_v3,25,8,10,8,2,path_aware,s2,0.66,1.0,0.12055334887171883,0.002815678403111955,7.396
battery_v3,25,8,10,8,2,path_aware,s3,0.77,1.0,0.2910427633869877,0.005622676164282273,7.396
battery_v3,25,8,10,8,2,path_aware,s4,0.87,1.0,0.5500059668054843,0.007490340867231816,7.396
battery_v3,25,8,10,8,3,edge_optimist,s1,0.58,1.0,0.0749843909831809,0.0011256388624227734,7.81
battery_v3,25,8,10,8,3,edge_optimist,s2,0.68,1.0,0.1899407274818413,0.0026128357708000275,7.81
battery_v3,25,8,10,8,3,edge_optimist,s3,0.78,1.0,0.39604880913537577,0.004695448822771335,7.81
battery_v3,25,8,10,8,3,edge_optimist,s4,0.88,1.0,0.6883345361054668,0.005960826536830193,7.81
battery_v3,25,8,10,8,3,over_cautious,s1,0.54,1.0,0.04852917563047358,0.0007473942355722727,7.81
battery_v3,25,8,10,8,3,over_cautious,s2,0.63,1.0,0.12252629439824173,0.001769580299456255,7.81
battery_v3,25,8,10,8,3,over_cautious,s3,0.74,1.0,0.3017023644688191,0.003838096613917272,7.81
battery_v3,25,8,10,8,3,over_cautious,s4,0.84,1.0,0.5643431444471624,0.005738040770653537,7.81
battery_v3,25,8,10,8,3,localized_sign_error,s1,0.52,1.0,0.03843684888865683,0.000598736777627231,7.81
battery_v3,25,8,10,8,3,localized_sign_error,s2,0.6,1.0,0.09187126271999957,0.0013593366181924172,7.81
battery_v3,25,8,10,8,3,localized_sign_error,s3,0.7,1.0,0.22327191922000136,0.003000885771722782,7.81
battery_v3,25,8,10,8,3,localized_sign_error,s4,0.8,1.0,0.448916357119998,0.0050966598369878175,7.81
battery_v3,25,8,10,8,3,path_aware,s1,0.56,1.0,0.06062556901088993,0.0009222851564819248,7.81
battery_v3,25,8,10,8,3,path_aware,s2,0.66,1.0,0.16034793567627892,0.002252381315350807,7.81
battery_v3,25,8,10,8,3,path_aware,s3,0.77,1.0,0.3709992980796297,0.004484745447958409,7.81
battery_v3,25,8,10,8,3,path_aware,s4,0.87,1.0,0.656927997260157,0.00596088329180883,7.81
battery_v3,25,8,10,8,5,edge_optimist,s1,0.58,1.0,0.08582611098007964,0.00038635364063608577,7.982
battery_v3,25,8,10,8,5,edge_optimist,s2,0.68,1.0,0.2151141286256067,0.0008962973882317079,7.982
battery_v3,25,8,10,8,5,edge_optimist,s3,0.78,1.0,0.44129627322818576,0.0016099955042249217,7.982
battery_v3,25,8,10,8,5,edge_optimist,s4,0.88,1.0,0.7457839223035321,0.002043147472535647,7.982
battery_v3,25,8,10,8,5,over_cautious,s1,0.54,1.0,0.05572660280961842,0.00025659838230626084,7.982
battery_v3,25,8,10,8,5,over_cautious,s2,0.63,1.0,0.13957305217211538,0.0006071910114941524,7.982
battery_v3,25,8,10,8,5,over_cautious,s3,0.74,1.0,0.3386853442818355,0.0013162401971129373,7.982
battery_v3,25,8,10,8,5,over_cautious,s4,0.84,1.0,0.6196425133151747,0.0019670470534376744,7.982
battery_v3,25,8,10,8,5,localized_sign_error,s1,0.52,1.0,0.044202148464532194,0.000205591145570062,7.982
battery_v3,25,8,10,8,5,localized_sign_error,s2,0.6,1.0,0.10496480255999946,0.00046650736831537295,7.982
battery_v3,25,8,10,8,5,localized_sign_error,s3,0.7,1.0,0.25218533746000155,0.0010293126222365387,7.982
battery_v3,25,8,10,8,5,localized_sign_error,s4,0.8,1.0,0.4980316569599968,0.0017474295204570362,7.982
battery_v3,25,8,10,8,5,path_aware,s1,0.56,1.0,0.06950796847648663,0.0003165983369044644,7.982
battery_v3,25,8,10,8,5,path_aware,s2,0.66,1.0,0.18204744085135907,0.0007727272530253359,7.982
battery_v3,25,8,10,8,5,path_aware,s3,0.77,1.0,0.4142155952221329,0.0015378099829519507,7.982
battery_v3,25,8,10,8,5,path_aware,s4,0.87,1.0,0.7143772246765535,0.0020432329532969525,7.982
battery_v3,25,8,10,12,1,edge_optimist,s1,0.58,1.0,0.04508475468020093,0.0012757643654794557,7.098
battery_v3,25,8,10,12,1,edge_optimist,s2,0.68,1.0,0.11934229156577951,0.0029649893637203237,7.098
battery_v3,25,8,10,12,1,edge_optimist,s3,0.78,1.0,0.2676242813464328,0.005341262132789065,7.098
battery_v3,25,8,10,12,1,edge_optimist,s4,0.88,1.0,0.5238082257767362,0.006798440125268333,7.098
battery_v3,25,8,10,12,1,over_cautious,s1,0.54,1.0,0.0288528420707192,0.000847413339147918,7.098
battery_v3,25,8,10,12,1,over_cautious,s2,0.63,1.0,0.07508203657712595,0.0020063028262267807,7.098
battery_v3,25,8,10,12,1,over_cautious,s3,0.74,1.0,0.19719061767916182,0.004361506902423451,7.098
battery_v3,25,8,10,12,1,over_cautious,s4,0.84,1.0,0.4064965478376798,0.006537545766450707,7.098
battery_v3,25,8,10,12,1,localized_sign_error,s1,0.52,1.0,0.022753823114238292,0.0006792404328340467,7.098
battery_v3,25,8,10,12,1,localized_sign_error,s2,0.6,1.0,0.055621416959999496,0.0015407153145716374,7.098
battery_v3,25,8,10,12,1,localized_sign_error,s3,0.7,1.0,0.14196503146000014,0.0034068380638323918,7.098
battery_v3,25,8,10,12,1,localized_sign_error,s4,0.8,1.0,0.3092355481600012,0.005800695447838192,7.098
battery_v3,25,8,10,12,1,path_aware,s1,0.56,1.0,0.03623192626997509,0.0010453946168722122,7.098
battery_v3,25,8,10,12,1,path_aware,s2,0.66,1.0,0.09966772161352219,0.002554936394178909,7.098
battery_v3,25,8,10,12,1,path_aware,s3,0.77,1.0,0.24846736722868684,0.005100251074294883,7.098
battery_v3,25,8,10,12,1,path_aware,s4,0.87,1.0,0.4925328042196333,0.006796750203391808,7.098
battery_v3,25,8,10,12,2,edge_optimist,s1,0.58,1.0,0.07962627416731793,0.0009201103862037446,7.884
battery_v3,25,8,10,12,2,edge_optimist,s2,0.68,1.0,0.20072028865932934,0.0021355686399566576,7.884
battery_v3,25,8,10,12,2,edge_optimist,s3,0.78,1.0,0.41542642405739294,0.003837486123352251,7.884
battery_v3,25,8,10,12,2,edge_optimist,s4,0.88,1.0,0.7129397791930906,0.004871360733388581,7.884
battery_v3,25,8,10,12,2,over_cautious,s1,0.54,1.0,0.0516105285189082,0.0006109547664435981,7.884
battery_v3,25,8,10,12,2,over_cautious,s2,0.63,1.0,0.1298254381025256,0.0014464063090780443,7.884
battery_v3,25,8,10,12,2,over_cautious,s3,0.74,1.0,0.31754001476369886,0.003136877097799669,7.884
battery_v3,25,8,10,12,2,over_cautious,s4,0.84,1.0,0.5880268146234371,0.004689399126141829,7.884
battery_v3,25,8,10,12,2,localized_sign_error,s1,0.52,1.0,0.040904980166135224,0.0004894463948296686,7.884
battery_v3,25,8,10,12,2,localized_sign_error,s2,0.6,1.0,0.09747744767999955,0.0011111156303247884,7.884
battery_v3,25,8,10,12,2,localized_sign_error,s3,0.7,1.0,0.23565329998000148,0.0024526975346440094,7.884
battery_v3,25,8,10,12,2,localized_sign_error,s4,0.8,1.0,0.4699507916799975,0.004165333330257957,7.884
battery_v3,25,8,10,12,2,path_aware,s1,0.56,1.0,0.06442843448729973,0.0007539023394121498,7.884
battery_v3,25,8,10,12,2,path_aware,s2,0.66,1.0,0.1696396943675975,0.001840986212945669,7.884
battery_v3,25,8,10,12,2,path_aware,s3,0.77,1.0,0.3895068719557251,0.003665307260271967,7.884
battery_v3,25,8,10,12,2,path_aware,s4,0.87,1.0,0.6815329886082896,0.004871433715229997,7.884
battery_v3,25,8,10,12,3,edge_optimist,s1,0.58,1.0,0.08647525832533991,0.0002588772235210596,7.992
battery_v3,25,8,10,12,3,edge_optimist,s2,0.68,1.0,0.21662007812093553,0.0006005663074187481,7.992
battery_v3,25,8,10,12,3,edge_optimist,s3,0.78,1.0,0.44400137083184227,0.0010787815156314941,7.992
battery_v3,25,8,10,12,3,edge_optimist,s4,0.88,1.0,0.7492167973130394,0.0013690160756950503,7.992
battery_v3,25,8,10,12,3,over_cautious,s1,0.54,1.0,0.05615773672723325,0.00017193438804427068,7.992
battery_v3,25,8,10,12,3,over_cautious,s2,0.63,1.0,0.14059324815765958,0.00040684985637448915,7.992
battery_v3,25,8,10,12,3,over_cautious,s3,0.74,1.0,0.34089687729152585,0.0008819500371587648,7.992
battery_v3,25,8,10,12,3,over_cautious,s4,0.84,1.0,0.6229475251966181,0.0013180247994838692,7.992
battery_v3,25,8,10,12,3,localized_sign_error,s1,0.52,1.0,0.04454758055658161,0.00013775686145487778,7.992
battery_v3,25,8,10,12,3,localized_sign_error,s2,0.6,1.0,0.10574862335999943,0.0003125844292880758,7.992
battery_v3,25,8,10,12,3,localized_sign_error,s3,0.7,1.0,0.2539147777600015,0.0006896934977526769,7.992
battery_v3,25,8,10,12,3,localized_sign_error,s4,0.8,1.0,0.5009676697599967,0.0011708695220520858,7.992
battery_v3,25,8,10,12,3,path_aware,s1,0.56,1.0,0.07003991369014373,0.00021213750773585864,7.992
battery_v3,25,8,10,12,3,path_aware,s2,0.66,1.0,0.18334576909821035,0.0005177678291653056,7.992
battery_v3,25,8,10,12,3,path_aware,s3,0.77,1.0,0.4167994074680963,0.001030413426502573,7.992
battery_v3,25,8,10,12,3,path_aware,s4,0.87,1.0,0.7178102433099416,0.001369073352293035,7.992
battery_v3,25,8,10,12,5,edge_optimist,s1,0.58,1.0,0.08699457620154813,2.857773480031811e-17,8.0
battery_v3,25,8,10,12,5,edge_optimist,s2,0.68,1.0,0.2178248377171986,7.703563293998795e-17,8.0
battery_v3,25,8,10,12,5,edge_optimist,s3,0.78,1.0,0.44616544891476745,1.1679595961869142e-16,8.0
battery_v3,25,8,10,12,5,edge_optimist,s4,0.88,1.0,0.7519630973206451,3.4293281760381737e-16,8.0
battery_v3,25,8,10,12,5,over_cautious,s1,0.54,1.0,0.056502643861325134,1.3978239847981685e-17,8.0
battery_v3,25,8,10,12,5,over_cautious,s2,0.63,1.0,0.14140940494609494,1.615263271322328e-17,8.0
battery_v3,25,8,10,12,5,over_cautious,s3,0.74,1.0,0.34266610369927825,6.461053085289312e-17,8.0
battery_v3,25,8,10,12,5,over_cautious,s4,0.84,1.0,0.6255915347017728,4.970040834837932e-18,8.0
battery_v3,25,8,10,12,5,localized_sign_error,s1,0.52,1.0,0.04482392623022115,1.5220750056691167e-17,8.0
battery_v3,25,8,10,12,5,localized_sign_error,s2,0.6,1.0,0.10637567999999943,2.422894906983492e-17,8.0
battery_v3,25,8,10,12,5,localized_sign_error,s3,0.7,1.0,0.2552983300000015,7.206559210515002e-17,8.0
battery_v3,25,8,10,12,5,localized_sign_error,s4,0.8,1.0,0.5033164799999966,1.5904130671481383e-16,8.0
battery_v3,25,8,10,12,5,path_aware,s1,0.56,1.0,0.07046546986106941,2.6092714382899145e-17,8.0
battery_v3,25,8,10,12,5,path_aware,s2,0.66,1.0,0.1843844316956914,6.461053085289312e-17,8.0
battery_v3,25,8,10,12,5,path_aware,s3,0.77,1.0,0.418866457264867,1.6401134754965177e-16,8.0
battery_v3,25,8,10,12,5,path_aware,s4,0.87,1.0,0.7205566582166522,1.4413118421030004e-16,8.0
battery_v3,25,16,2,4,1,edge_optimist,s1,0.58,1.0,0.0,0.0,3.812
battery_v3,25,16,2,4,1,edge_optimist,s2,0.68,1.0,0.0,0.0,3.812
battery_v3,25,16,2,4,1,edge_optimist,s3,0.78,1.0,0.0,0.0,3.812
battery_v3,25,16,2,4,1,edge_optimist,s4,0.88,1.0,0.0,0.0,3.812
battery_v3,25,16,2,4,1,over_cautious,s1,0.54,1.0,0.0,0.0,3.812
battery_v3,25,16,2,4,1,over_cautious,s2,0.63,1.0,0.0,0.0,3.812
battery_v3,25,16,2,4,1,over_cautious,s3,0.74,1.0,0.0,0.0,3.812
battery_v3,25,16,2,4,1,over_cautious,s4,0.84,1.0,0.0,0.0,3.812
battery_v3,25,16,2,4,1,localized_sign_error,s1,0.52,1.0,0.0,0.0,3.812
battery_v3,25,16,2,4,1,localized_sign_error,s2,0.6,1.0,0.0,0.0,3.812
battery_v3,25,16,2,4,1,localized_sign_error,s3,0.7,1.0,0.0,0.0,3.812
battery_v3,25,16,2,4,1,localized_sign_error,s4,0.8,1.0,0.0,0.0,3.812
battery_v3,25,16,2,4,1,path_aware,s1,0.56,1.0,0.0,0.0,3.812
battery_v3,25,16,2,4,1,path_aware,s2,0.66,1.0,0.0,0.0,3.812
battery_v3,25,16,2,4,1,path_aware,s3,0.77,1.0,0.0,0.0,3.812
battery_v3,25,16,2,4,1,path_aware,s4,0.87,1.0,0.0,0.0,3.812
battery_v3,25,16,2,4,2,edge_optimist,s1,0.58,1.0,0.04032984686061424,0.0010699388100334146,6.794
battery_v3,25,16,2,4,2,edge_optimist,s2,0.68,1.0,0.1070552920649894,0.0024609781149080435,6.794
battery_v3,25,16,2,4,2,edge_optimist,s3,0.78,1.0,0.24394650892071712,0.004414210631330298,6.794
battery_v3,25,16,2,4,2,edge_optimist,s4,0.88,1.0,0.4922369213873517,0.005609070035776644,6.794
battery_v3,25,16,2,4,2,over_cautious,s1,0.54,1.0,0.025882588751491662,0.0007160278263309978,6.794
battery_v3,25,16,2,4,2,over_cautious,s2,0.63,1.0,0.0671448802302611,0.0016720521372682257,6.794
battery_v3,25,16,2,4,2,over_cautious,s3,0.74,1.0,0.17831017674118918,0.0036091390683950734,6.794
battery_v3,25,16,2,4,2,over_cautious,s4,0.84,1.0,0.37664073853068913,0.0053963511186307725,6.794
battery_v3,25,16,2,4,2,localized_sign_error,s1,0.52,1.0,0.020459429871222713,0.00057673139073004,6.794
battery_v3,25,16,2,4,2,localized_sign_error,s2,0.6,1.0,0.049729075199999605,0.0012884615907539539,6.794
battery_v3,25,16,2,4,2,localized_sign_error,s3,0.7,1.0,0.1276222737999997,0.002824345598460178,6.794
battery_v3,25,16,2,4,2,localized_sign_error,s4,0.8,1.0,0.2832465920000018,0.004791585774534624,6.794
battery_v3,25,16,2,4,2,path_aware,s1,0.56,1.0,0.03244650797622911,0.0008797263514993796,6.794
battery_v3,25,16,2,4,2,path_aware,s2,0.66,1.0,0.08926123664965455,0.0021236435708404003,6.794
battery_v3,25,16,2,4,2,path_aware,s3,0.77,1.0,0.22598443419865089,0.004216203515472563,6.794
battery_v3,25,16,2,4,2,path_aware,s4,0.87,1.0,0.46109488570648516,0.0056082231610176565,6.794
battery_v3,25,16,2,4,3,edge_optimist,s1,0.58,1.0,0.057663071311743544,0.0009393079591328962,9.168
battery_v3,25,16,2,4,3,edge_optimist,s2,0.68,1.0,0.16535817744133968,0.002039305886279997,9.168
battery_v3,25,16,2,4,3,edge_optimist,s3,0.78,1.0,0.37986402578056055,0.0032671562486096544,9.168
battery_v3,25,16,2,4,3,edge_optimist,s4,0.88,1.0,0.7021598550018302,0.003399357396234057,9.168
battery_v3,25,16,2,4,3,over_cautious,s1,0.54,1.0,0.03526504321079002,0.0006369943949829452,9.168
battery_v3,25,16,2,4,3,over_cautious,s2,0.63,1.0,0.10057182610595378,0.0014333463158192157,9.168
battery_v3,25,16,2,4,3,over_cautious,s3,0.74,1.0,0.2793715242774699,0.002819422315943801,9.168
battery_v3,25,16,2,4,3,over_cautious,s4,0.84,1.0,0.5646186340353962,0.0035834300629156214,9.168
battery_v3,25,16,2,4,3,localized_sign_error,s1,0.52,1.0,0.027111986557053536,0.0005155446118396277,9.168
battery_v3,25,16,2,4,3,localized_sign_error,s2,0.6,1.0,0.0725703399014398,0.001121586731209596,9.168
battery_v3,25,16,2,4,3,localized_sign_error,s3,0.7,1.0,0.1986373198146409,0.002300657956765623,9.168
battery_v3,25,16,2,4,3,localized_sign_error,s4,0.8,1.0,0.4373357160038379,0.003433844654370418,9.168
battery_v3,25,16,2,4,3,path_aware,s1,0.56,1.0,0.04534218420766933,0.000777924372189682,9.168
battery_v3,25,16,2,4,3,path_aware,s2,0.66,1.0,0.1364539031654955,0.0017863152505849388,9.168
battery_v3,25,16,2,4,3,path_aware,s3,0.77,1.0,0.3528931722862645,0.003167009090818484,9.168
battery_v3,25,16,2,4,3,path_aware,s4,0.87,1.0,0.6673998649648164,0.003481697605330883,9.168
battery_v3,25,16,2,4,5,edge_optimist,s1,0.58,1.0,0.10010626459616857,0.0013604262634162338,12.76
battery_v3,25,16,2,4,5,edge_optimist,s2,0.68,1.0,0.2892637940992094,0.0029341117676675273,12.76
battery_v3,25,16,2,4,5,edge_optimist,s3,0.78,1.0,0.5978350381724119,0.0038094785006656247,12.76
battery_v3,25,16,2,4,5,edge_optimist,s4,0.88,1.0,0.8952019639847486,0.0021526937759982585,12.76
battery_v3,25,16,2,4,5,over_cautious,s1,0.54,1.0,0.059050091865411575,0.0008810584125055564,12.76
battery_v3,25,16,2,4,5,over_cautious,s2,0.63,1.0,0.1778047461201824,0.002115172885556547,12.76
battery_v3,25,16,2,4,5,over_cautious,s3,0.74,1.0,0.4648744878019009,0.0036852738520504404,12.76
battery_v3,25,16,2,4,5,over_cautious,s4,0.84,1.0,0.7915731939108912,0.0031366117844178767,12.76
battery_v3,25,16,2,4,5,localized_sign_error,s1,0.52,1.0,0.044249810566871633,0.0006895136582189616,12.76
battery_v3,25,16,2,4,5,localized_sign_error,s2,0.6,1.0,0.12735349225685008,0.0016451060397752798,12.76
battery_v3,25,16,2,4,5,localized_sign_error,s3,0.7,1.0,0.34327872428784656,0.003233663933174264,12.76
battery_v3,25,16,2,4,5,localized_sign_error,s4,0.8,1.0,0.6649894428422961,0.003706810981387434,12.76
battery_v3,25,16,2,4,5,path_aware,s1,0.56,1.0,0.07749841692190246,0.0011048872196127218,12.76
battery_v3,25,16,2,4,5,path_aware,s2,0.66,1.0,0.24053268695120125,0.0026105580623225675,12.76
battery_v3,25,16,2,4,5,path_aware,s3,0.77,1.0,0.5641144029961297,0.00381708788209022,12.76
battery_v3,25,16,2,4,5,path_aware,s4,0.87,1.0,0.8722101750773057,0.002426152769154685,12.76
battery_v3,25,16,2,8,1,edge_optimist,s1,0.58,1.0,0.04699331624138711,0.0013091737722396586,7.142
battery_v3,25,16,2,8,1,edge_optimist,s2,0.68,1.0,0.1238114553770279,0.003043750962752285,7.142
battery_v3,25,16,2,8,1,edge_optimist,s3,0.78,1.0,0.27571401458015743,0.005484624941191528,7.142
battery_v3,25,16,2,8,1,edge_optimist,s4,0.88,1.0,0.5341398826013932,0.006982249260236098,7.142
battery_v3,25,16,2,8,1,over_cautious,s1,0.54,1.0,0.0301150345605485,0.0008694577984630673,7.142
battery_v3,25,16,2,8,1,over_cautious,s2,0.63,1.0,0.07809623229360682,0.002059245919874055,7.142
battery_v3,25,16,2,8,1,over_cautious,s3,0.74,1.0,0.2037852000303784,0.004478137781248334,7.142
battery_v3,25,16,2,8,1,over_cautious,s4,0.84,1.0,0.41641950608904715,0.006713840529819422,7.142
battery_v3,25,16,2,8,1,localized_sign_error,s1,0.52,1.0,0.023762846898926313,0.0006968501733146975,7.142
battery_v3,25,16,2,8,1,localized_sign_error,s2,0.6,1.0,0.05793057791999951,0.0015811911118925812,7.142
battery_v3,25,16,2,8,1,localized_sign_error,s3,0.7,1.0,0.14710595662000042,0.0034975513422498697,7.142
battery_v3,25,16,2,8,1,localized_sign_error,s4,0.8,1.0,0.31802785792000093,0.005956650229867788,7.142
battery_v3,25,16,2,8,1,path_aware,s1,0.56,1.0,0.03779263491651678,0.001072681243194852,7.142
battery_v3,25,16,2,8,1,path_aware,s2,0.66,1.0,0.10351409781653824,0.0026226340613124685,7.142
battery_v3,25,16,2,8,1,path_aware,s3,0.77,1.0,0.25618895842310496,0.00523702439120233,7.142
battery_v3,25,16,2,8,1,path_aware,s4,0.87,1.0,0.5028588536000206,0.006980400105927105,7.142
battery_v3,25,16,2,8,2,edge_optimist,s1,0.58,1.0,0.07925927602247253,0.001279441453675671,11.38
battery_v3,25,16,2,8,2,edge_optimist,s2,0.68,1.0,0.2326079791889458,0.0030045127410271784,11.38
battery_v3,25,16,2,8,2,edge_optimist,s3,0.78,1.0,0.5069395290339418,0.0045700692209193735,11.38
battery_v3,25,16,2,8,2,edge_optimist,s4,0.88,1.0,0.8275553086614307,0.003687071415311255,11.38
battery_v3,25,16,2,8,2,over_cautious,s1,0.54,1.0,0.04694915779296955,0.0008106887518809911,11.38
battery_v3,25,16,2,8,2,over_cautious,s2,0.63,1.0,0.14121732760136255,0.0020630146124053293,11.38
battery_v3,25,16,2,8,2,over_cautious,s3,0.74,1.0,0.38417441527689583,0.004095418792821437,11.38
battery_v3,25,16,2,8,2,over_cautious,s4,0.84,1.0,0.7048902060723685,0.004471738252352545,11.38
battery_v3,25,16,2,8,2,localized_sign_error,s1,0.52,1.0,0.0353356133193134,0.0006289742488490371,11.38
battery_v3,25,16,2,8,2,localized_sign_error,s2,0.6,1.0,0.10084635904573451,0.001567858855660591,11.38
battery_v3,25,16,2,8,2,localized_sign_error,s3,0.7,1.0,0.2781460483223095,0.003391297108417689,11.38
battery_v3,25,16,2,8,2,localized_sign_error,s4,0.8,1.0,0.5724299126112249,0.004665631857318025,11.38
battery_v3,25,16,2,8,2,path_aware,s1,0.56,1.0,0.061442059420966345,0.0010270311634963216,11.38
battery_v3,25,16,2,8,2,path_aware,s2,0.66,1.0,0.1922487405443628,0.0026171622201125026,11.38
battery_v3,25,16,2,8,2,path_aware,s3,0.77,1.0,0.4750136378638911,0.004482655568366156,11.38
battery_v3,25,16,2,8,2,path_aware,s4,0.87,1.0,0.7986615396278385,0.003939494687805853,11.38
battery_v3,25,16,2,8,3,edge_optimist,s1,0.58,1.0,0.09284395140395872,0.0010358891141615584,14.344
battery_v3,25,16,2,8,3,edge_optimist,s2,0.68,1.0,0.2903367629886031,0.0020139140277864427,14.344
battery_v3,25,16,2,8,3,edge_optimist,s3,0.78,1.0,0.6215369603184606,0.00211624966484724,14.344
battery_v3,25,16,2,8,3,edge_optimist,s4,0.88,1.0,0.920442465812685,0.0007703300288389874,14.344
battery_v3,25,16,2,8,3,over_cautious,s1,0.54,1.0,0.05244933246824417,0.0006868903272490281,14.344
battery_v3,25,16,2,8,3,over_cautious,s2,0.63,1.0,0.17245194667344452,0.0015437756649884218,14.344
battery_v3,25,16,2,8,3,over_cautious,s3,0.74,1.0,0.4792065314708585,0.0022683527855179653,14.344
battery_v3,25,16,2,8,3,over_cautious,s4,0.84,1.0,0.8217206809765627,0.0013958930404762758,14.344
battery_v3,25,16,2,8,3,localized_sign_error,s1,0.52,1.0,0.038367368214822554,0.0005424414107752618,14.344
battery_v3,25,16,2,8,3,localized_sign_error,s2,0.6,1.0,0.1203967822788035,0.0012339862960475197,14.344
battery_v3,25,16,2,8,3,localized_sign_error,s3,0.7,1.0,0.3482531651157059,0.002150942331690202,14.344
battery_v3,25,16,2,8,3,localized_sign_error,s4,0.8,1.0,0.692313268865204,0.0019329366487642527,14.344
battery_v3,25,16,2,8,3,path_aware,s1,0.56,1.0,0.07039756345566718,0.0008521351929381394,14.344
battery_v3,25,16,2,8,3,path_aware,s2,0.66,1.0,0.23844288447913942,0.0018413277729386738,14.344
battery_v3,25,16,2,8,3,path_aware,s3,0.77,1.0,0.5856505908607559,0.0021815712663917704,14.344
battery_v3,25,16,2,8,3,path_aware,s4,0.87,1.0,0.8994151961149868,0.0009233947915811671,14.344
battery_v3,25,16,2,8,5,edge_optimist,s1,0.58,0.0,,,
battery_v3,25,16,2,8,5,edge_optimist,s2,0.68,0.0,,,
battery_v3,25,16,2,8,5,edge_optimist,s3,0.78,0.0,,,
battery_v3,25,16,2,8,5,edge_optimist,s4,0.88,0.0,,,
battery_v3,25,16,2,8,5,over_cautious,s1,0.54,0.0,,,
battery_v3,25,16,2,8,5,over_cautious,s2,0.63,0.0,,,
battery_v3,25,16,2,8,5,over_cautious,s3,0.74,0.0,,,
battery_v3,25,16,2,8,5,over_cautious,s4,0.84,0.0,,,
battery_v3,25,16,2,8,5,localized_sign_error,s1,0.52,0.0,,,
battery_v3,25,16,2,8,5,localized_sign_error,s2,0.6,0.0,,,
battery_v3,25,16,2,8,5,localized_sign_error,s3,0.7,0.0,,,
battery_v3,25,16,2,8,5,localized_sign_error,s4,0.8,0.0,,,
battery_v3,25,16,2,8,5,path_aware,s1,0.56,0.0,,,
battery_v3,25,16,2,8,5,path_aware,s2,0.66,0.0,,,
battery_v3,25,16,2,8,5,path_aware,s3,0.77,0.0,,,
battery_v3,25,16,2,8,5,path_aware,s4,0.87,0.0,,,
battery_v3,25,16,2,12,1,edge_optimist,s1,0.58,1.0,0.0588578701040789,0.0010762883256031034,10.044
battery_v3,25,16,2,12,1,edge_optimist,s2,0.68,1.0,0.17555711042111305,0.0026107420099985013,10.044
battery_v3,25,16,2,12,1,edge_optimist,s3,0.78,1.0,0.4060095874090953,0.004289458431944172,10.044
battery_v3,25,16,2,12,1,edge_optimist,s4,0.88,1.0,0.7345503826807936,0.003848008840258644,10.044
battery_v3,25,16,2,12,1,over_cautious,s1,0.54,1.0,0.03506038694571742,0.0006833267799226982,10.044
battery_v3,25,16,2,12,1,over_cautious,s2,0.63,1.0,0.10515922069039152,0.0017528825972460411,10.044
battery_v3,25,16,2,12,1,over_cautious,s3,0.74,1.0,0.2988783463872582,0.0037098272298176638,10.044
battery_v3,25,16,2,12,1,over_cautious,s4,0.84,1.0,0.5975847549341429,0.004465634220520407,10.044
battery_v3,25,16,2,12,1,localized_sign_error,s1,0.52,1.0,0.026533505684039643,0.0005326674867167397,10.044
battery_v3,25,16,2,12,1,localized_sign_error,s2,0.6,1.0,0.0748752209510399,0.001322106566372464,10.044
battery_v3,25,16,2,12,1,localized_sign_error,s3,0.7,1.0,0.21169064107324062,0.0029829357842437987,10.044
battery_v3,25,16,2,12,1,localized_sign_error,s4,0.8,1.0,0.46641734221823783,0.004466305896777354,10.044
battery_v3,25,16,2,12,1,path_aware,s1,0.56,1.0,0.04571432067722107,0.0008637944370837112,10.044
battery_v3,25,16,2,12,1,path_aware,s2,0.66,1.0,0.14413458100696766,0.0022506711068091263,10.044
battery_v3,25,16,2,12,1,path_aware,s3,0.77,1.0,0.3774343700474797,0.004168062424786792,10.044
battery_v3,25,16,2,12,1,path_aware,s4,0.87,1.0,0.7004644835943504,0.004066399544491444,10.044
battery_v3,25,16,2,12,2,edge_optimist,s1,0.58,1.0,0.09169907324411641,0.0010804128512313775,14.672
battery_v3,25,16,2,12,2,edge_optimist,s2,0.68,1.0,0.2908814600061502,0.0022879889895698166,14.672
battery_v3,25,16,2,12,2,edge_optimist,s3,0.78,1.0,0.6247816937258596,0.0025546339470278122,14.672
battery_v3,25,16,2,12,2,edge_optimist,s4,0.88,1.0,0.922488281176171,0.0009429512761876021,14.672
battery_v3,25,16,2,12,2,over_cautious,s1,0.54,1.0,0.051303196135249,0.000688788023496207,14.672
battery_v3,25,16,2,12,2,over_cautious,s2,0.63,1.0,0.17182311947565027,0.0016849091992606983,14.672
battery_v3,25,16,2,12,2,over_cautious,s3,0.74,1.0,0.48157583817008326,0.0026820402307651003,14.672
battery_v3,25,16,2,12,2,over_cautious,s4,0.84,1.0,0.8248262764986556,0.001716193498426742,14.672
battery_v3,25,16,2,12,2,localized_sign_error,s1,0.52,1.0,0.037310220987666606,0.0005329724273363864,14.672
battery_v3,25,16,2,12,2,localized_sign_error,s2,0.6,1.0,0.11937941806723885,0.0013113541140429624,14.672
battery_v3,25,16,2,12,2,localized_sign_error,s3,0.7,1.0,0.34940113294615727,0.0024790331714394935,14.672
battery_v3,25,16,2,12,2,localized_sign_error,s4,0.8,1.0,0.6957331623444468,0.0023524817022953317,14.672
battery_v3,25,16,2,12,2,path_aware,s1,0.56,1.0,0.06921568371501115,0.0008716979460051074,14.672
battery_v3,25,16,2,12,2,path_aware,s2,0.66,1.0,0.23844742640321223,0.002060044828310376,14.672
battery_v3,25,16,2,12,2,path_aware,s3,0.77,1.0,0.5887334889758983,0.002621202575391499,14.672
battery_v3,25,16,2,12,2,path_aware,s4,0.87,1.0,0.9017706867673514,0.0011339662672358046,14.672
battery_v3,25,16,2,12,3,edge_optimist,s1,0.58,0.0,,,
battery_v3,25,16,2,12,3,edge_optimist,s2,0.68,0.0,,,
battery_v3,25,16,2,12,3,edge_optimist,s3,0.78,0.0,,,
battery_v3,25,16,2,12,3,edge_optimist,s4,0.88,0.0,,,
battery_v3,25,16,2,12,3,over_cautious,s1,0.54,0.0,,,
battery_v3,25,16,2,12,3,over_cautious,s2,0.63,0.0,,,
battery_v3,25,16,2,12,3,over_cautious,s3,0.74,0.0,,,
battery_v3,25,16,2,12,3,over_cautious,s4,0.84,0.0,,,
battery_v3,25,16,2,12,3,localized_sign_error,s1,0.52,0.0,,,
battery_v3,25,16,2,12,3,localized_sign_error,s2,0.6,0.0,,,
battery_v3,25,16,2,12,3,localized_sign_error,s3,0.7,0.0,,,
battery_v3,25,16,2,12,3,localized_sign_error,s4,0.8,0.0,,,
battery_v3,25,16,2,12,3,path_aware,s1,0.56,0.0,,,
battery_v3,25,16,2,12,3,path_aware,s2,0.66,0.0,,,
battery_v3,25,16,2,12,3,path_aware,s3,0.77,0.0,,,
battery_v3,25,16,2,12,3,path_aware,s4,0.87,0.0,,,
battery_v3,25,16,2,12,5,edge_optimist,s1,0.58,0.0,,,
battery_v3,25,16,2,12,5,edge_optimist,s2,0.68,0.0,,,
battery_v3,25,16,2,12,5,edge_optimist,s3,0.78,0.0,,,
battery_v3,25,16,2,12,5,edge_optimist,s4,0.88,0.0,,,
battery_v3,25,16,2,12,5,over_cautious,s1,0.54,0.0,,,
battery_v3,25,16,2,12,5,over_cautious,s2,0.63,0.0,,,
battery_v3,25,16,2,12,5,over_cautious,s3,0.74,0.0,,,
battery_v3,25,16,2,12,5,over_cautious,s4,0.84,0.0,,,
battery_v3,25,16,2,12,5,localized_sign_error,s1,0.52,0.0,,,
battery_v3,25,16,2,12,5,localized_sign_error,s2,0.6,0.0,,,
battery_v3,25,16,2,12,5,localized_sign_error,s3,0.7,0.0,,,
battery_v3,25,16,2,12,5,localized_sign_error,s4,0.8,0.0,,,
battery_v3,25,16,2,12,5,path_aware,s1,0.56,0.0,,,
battery_v3,25,16,2,12,5,path_aware,s2,0.66,0.0,,,
battery_v3,25,16,2,12,5,path_aware,s3,0.77,0.0,,,
battery_v3,25,16,2,12,5,path_aware,s4,0.87,0.0,,,
battery_v3,25,16,5,4,1,edge_optimist,s1,0.58,1.0,0.0,0.0,3.862
battery_v3,25,16,5,4,1,edge_optimist,s2,0.68,1.0,0.0,0.0,3.862
battery_v3,25,16,5,4,1,edge_optimist,s3,0.78,1.0,0.0,0.0,3.862
battery_v3,25,16,5,4,1,edge_optimist,s4,0.88,1.0,0.0,0.0,3.862
battery_v3,25,16,5,4,1,over_cautious,s1,0.54,1.0,0.0,0.0,3.862
battery_v3,25,16,5,4,1,over_cautious,s2,0.63,1.0,0.0,0.0,3.862
battery_v3,25,16,5,4,1,over_cautious,s3,0.74,1.0,0.0,0.0,3.862
battery_v3,25,16,5,4,1,over_cautious,s4,0.84,1.0,0.0,0.0,3.862
battery_v3,25,16,5,4,1,localized_sign_error,s1,0.52,1.0,0.0,0.0,3.862
battery_v3,25,16,5,4,1,localized_sign_error,s2,0.6,1.0,0.0,0.0,3.862
battery_v3,25,16,5,4,1,localized_sign_error,s3,0.7,1.0,0.0,0.0,3.862
battery_v3,25,16,5,4,1,localized_sign_error,s4,0.8,1.0,0.0,0.0,3.862
battery_v3,25,16,5,4,1,path_aware,s1,0.56,1.0,0.0,0.0,3.862
battery_v3,25,16,5,4,1,path_aware,s2,0.66,1.0,0.0,0.0,3.862
battery_v3,25,16,5,4,1,path_aware,s3,0.77,1.0,0.0,0.0,3.862
battery_v3,25,16,5,4,1,path_aware,s4,0.87,1.0,0.0,0.0,3.862
battery_v3,25,16,5,4,2,edge_optimist,s1,0.58,1.0,0.041428668953400034,0.001108069589866379,6.722
battery_v3,25,16,5,4,2,edge_optimist,s2,0.68,1.0,0.10870154498648331,0.002530548283840343,6.722
battery_v3,25,16,5,4,2,edge_optimist,s3,0.78,1.0,0.245497808496299,0.004565808604239206,6.722
battery_v3,25,16,5,4,2,edge_optimist,s4,0.88,1.0,0.4916079662670543,0.006036136553567194,6.722
battery_v3,25,16,5,4,2,over_cautious,s1,0.54,1.0,0.02674484115877656,0.0007467907847646141,6.722
battery_v3,25,16,5,4,2,over_cautious,s2,0.63,1.0,0.06854353514290978,0.001722698156909713,6.722
battery_v3,25,16,5,4,2,over_cautious,s3,0.74,1.0,0.18004589792412448,0.003717359068377578,6.722
battery_v3,25,16,5,4,2,over_cautious,s4,0.84,1.0,0.3772736370644484,0.005667313599960031,6.722
battery_v3,25,16,5,4,2,localized_sign_error,s1,0.52,1.0,0.02121118023316925,0.0006043724484560469,6.722
battery_v3,25,16,5,4,2,localized_sign_error,s2,0.6,1.0,0.050949596159999645,0.0013310484565970658,6.722
battery_v3,25,16,5,4,2,localized_sign_error,s3,0.7,1.0,0.1293328902599998,0.002904313415306685,6.722
battery_v3,25,16,5,4,2,localized_sign_error,s4,0.8,1.0,0.2845940121600016,0.0049735639780630805,6.722
battery_v3,25,16,5,4,2,path_aware,s1,0.56,1.0,0.03342507991797619,0.0009139551028938069,6.722
battery_v3,25,16,5,4,2,path_aware,s2,0.66,1.0,0.09081992183345812,0.0021846149658377406,6.722
battery_v3,25,16,5,4,2,path_aware,s3,0.77,1.0,0.22760697211166123,0.004355074839758562,6.722
battery_v3,25,16,5,4,2,path_aware,s4,0.87,1.0,0.4608430625236693,0.00598682924384951,6.722
battery_v3,25,16,5,4,3,edge_optimist,s1,0.58,1.0,0.058426826663159064,0.0010273029529451795,8.89
battery_v3,25,16,5,4,3,edge_optimist,s2,0.68,1.0,0.16439117386192306,0.002280037994449542,8.89
battery_v3,25,16,5,4,3,edge_optimist,s3,0.78,1.0,0.37328105219359253,0.003856800702977816,8.89
battery_v3,25,16,5,4,3,edge_optimist,s4,0.88,1.0,0.6879030011491286,0.004519610145723258,8.89
battery_v3,25,16,5,4,3,over_cautious,s1,0.54,1.0,0.03608733150747366,0.0006944558696401151,8.89
battery_v3,25,16,5,4,3,over_cautious,s2,0.63,1.0,0.10084275431445548,0.0015804632279198068,8.89
battery_v3,25,16,5,4,3,over_cautious,s3,0.74,1.0,0.2755620066703318,0.0032390049601488777,8.89
battery_v3,25,16,5,4,3,over_cautious,s4,0.84,1.0,0.5531249428798956,0.004495681994993842,8.89
battery_v3,25,16,5,4,3,localized_sign_error,s1,0.52,1.0,0.027897370022872025,0.0005617284311702742,8.89
battery_v3,25,16,5,4,3,localized_sign_error,s2,0.6,1.0,0.07320669290495968,0.0012299316324349517,8.89
battery_v3,25,16,5,4,3,localized_sign_error,s3,0.7,1.0,0.19690155016651098,0.002591785146423933,8.89
battery_v3,25,16,5,4,3,localized_sign_error,s4,0.8,1.0,0.4291588364697582,0.004124042189544352,8.89
battery_v3,25,16,5,4,3,path_aware,s1,0.56,1.0,0.04616225783526015,0.0008491550404981021,8.89
battery_v3,25,16,5,4,3,path_aware,s2,0.66,1.0,0.13609090299568127,0.0019845551047923617,8.89
battery_v3,25,16,5,4,3,path_aware,s3,0.77,1.0,0.3470622362828917,0.0037101246744785676,8.89
battery_v3,25,16,5,4,3,path_aware,s4,0.87,1.0,0.653715689103994,0.0045559278993709115,8.89
battery_v3,25,16,5,4,5,edge_optimist,s1,0.58,1.0,0.08387254433190716,0.0015072642936634043,11.598
battery_v3,25,16,5,4,5,edge_optimist,s2,0.68,1.0,0.2436919759819665,0.003597154084732251,11.598
battery_v3,25,16,5,4,5,edge_optimist,s3,0.78,1.0,0.5212808688212358,0.005461285311382222,11.598
battery_v3,25,16,5,4,5,edge_optimist,s4,0.88,1.0,0.8334643088227767,0.004268730477604293,11.598
battery_v3,25,16,5,4,5,over_cautious,s1,0.54,1.0,0.04973435358843542,0.0009449565816726222,11.598
battery_v3,25,16,5,4,5,over_cautious,s2,0.63,1.0,0.14887745233253874,0.0024547316481528425,11.598
battery_v3,25,16,5,4,5,over_cautious,s3,0.74,1.0,0.39831200279423323,0.004910921581308603,11.598
battery_v3,25,16,5,4,5,over_cautious,s4,0.84,1.0,0.7154717275766825,0.005268014664184619,11.598
battery_v3,25,16,5,4,5,localized_sign_error,s1,0.52,1.0,0.0374264663009801,0.0007286084029495152,11.598
battery_v3,25,16,5,4,5,localized_sign_error,s2,0.6,1.0,0.10658984413652588,0.0018552387463988019,11.598
battery_v3,25,16,5,4,5,localized_sign_error,s3,0.7,1.0,0.2904825826115309,0.004065508891220195,11.598
battery_v3,25,16,5,4,5,localized_sign_error,s4,0.8,1.0,0.5860762821360344,0.005556573268581743,11.598
battery_v3,25,16,5,4,5,path_aware,s1,0.56,1.0,0.06506705091215198,0.001203858059286416,11.598
battery_v3,25,16,5,4,5,path_aware,s2,0.66,1.0,0.20197351919188072,0.003127167012883297,11.598
battery_v3,25,16,5,4,5,path_aware,s3,0.77,1.0,0.48949251065631805,0.005363547723753633,11.598
battery_v3,25,16,5,4,5,path_aware,s4,0.87,1.0,0.8058105240928167,0.004583947261933085,11.598
battery_v3,25,16,5,8,1,edge_optimist,s1,0.58,1.0,0.048156268066004426,0.0013162416033890717,7.156
battery_v3,25,16,5,8,1,edge_optimist,s2,0.68,1.0,0.12655938516796053,0.003066401743088098,7.156
battery_v3,25,16,5,8,1,edge_optimist,s3,0.78,1.0,0.2806975223717118,0.005531489632505035,7.156
battery_v3,25,16,5,8,1,edge_optimist,s4,0.88,1.0,0.5404963755425516,0.0070465952207655145,7.156
battery_v3,25,16,5,8,1,over_cautious,s1,0.54,1.0,0.03087840265759282,0.0008729914723439935,7.156
battery_v3,25,16,5,8,1,over_cautious,s2,0.63,1.0,0.07994360111321387,0.0020728202378826055,7.156
battery_v3,25,16,5,8,1,over_cautious,s3,0.74,1.0,0.2078467312889346,0.00451474120358707,7.156
battery_v3,25,16,5,8,1,over_cautious,s4,0.84,1.0,0.4225291208615267,0.0067741447287064755,7.156
battery_v3,25,16,5,8,1,localized_sign_error,s1,0.52,1.0,0.024370024829786455,0.0006990917392465584,7.156
battery_v3,25,16,5,8,1,localized_sign_error,s2,0.6,1.0,0.059341455359999525,0.0015905639941234076,7.156
battery_v3,25,16,5,8,1,localized_sign_error,s3,0.7,1.0,0.15026937016000028,0.003524532389024468,7.156
battery_v3,25,16,5,8,1,localized_sign_error,s4,0.8,1.0,0.3234437529600009,0.0060084984095833275,7.156
battery_v3,25,16,5,8,1,path_aware,s1,0.56,1.0,0.03874044342184198,0.001077812664207725,7.156
battery_v3,25,16,5,8,1,path_aware,s2,0.66,1.0,0.10587663624542105,0.0026413438597923753,7.156
battery_v3,25,16,5,8,1,path_aware,s3,0.77,1.0,0.2609456557263774,0.005281324160841221,7.156
battery_v3,25,16,5,8,1,path_aware,s4,0.87,1.0,0.5092132328832855,0.007044346284827917,7.156
battery_v3,25,16,5,8,2,edge_optimist,s1,0.58,1.0,0.07191907972063036,0.0012520447630115692,10.914
battery_v3,25,16,5,8,2,edge_optimist,s2,0.68,1.0,0.21236194192950972,0.0030306079642013137,10.914
battery_v3,25,16,5,8,2,edge_optimist,s3,0.78,1.0,0.4717401901665697,0.004848582299964007,10.914
battery_v3,25,16,5,8,2,edge_optimist,s4,0.88,1.0,0.7957530251887412,0.00420925339668158,10.914
battery_v3,25,16,5,8,2,over_cautious,s1,0.54,1.0,0.04265160397185148,0.0007880603941928449,10.914
battery_v3,25,16,5,8,2,over_cautious,s2,0.63,1.0,0.12832753906392041,0.002044717096415084,10.914
battery_v3,25,16,5,8,2,over_cautious,s3,0.74,1.0,0.35420571456948924,0.004247153531072387,10.914
battery_v3,25,16,5,8,2,over_cautious,s4,0.84,1.0,0.6679126695320793,0.004942530882966013,10.914
battery_v3,25,16,5,8,2,localized_sign_error,s1,0.52,1.0,0.03214671460954268,0.0006101541561719457,10.914
battery_v3,25,16,5,8,2,localized_sign_error,s2,0.6,1.0,0.09152550679412744,0.0015412356528879375,10.914
battery_v3,25,16,5,8,2,localized_sign_error,s3,0.7,1.0,0.25463730866509365,0.003449652047572034,10.914
battery_v3,25,16,5,8,2,localized_sign_error,s4,0.8,1.0,0.5356023773029978,0.005013372009024843,10.914
battery_v3,25,16,5,8,2,path_aware,s1,0.56,1.0,0.055769860784982944,0.0010012903232612556,10.914
battery_v3,25,16,5,8,2,path_aware,s2,0.66,1.0,0.17512243455266935,0.0026198802065891553,10.914
battery_v3,25,16,5,8,2,path_aware,s3,0.77,1.0,0.4409177959709103,0.004727266571975418,10.914
battery_v3,25,16,5,8,2,path_aware,s4,0.87,1.0,0.7650222654947291,0.004459111676874307,10.914
battery_v3,25,16,5,8,3,edge_optimist,s1,0.58,1.0,0.09797821110254781,0.0012938126249975952,12.98
battery_v3,25,16,5,8,3,edge_optimist,s2,0.68,1.0,0.28728588964115986,0.0028020608171231407,12.98
battery_v3,25,16,5,8,3,edge_optimist,s3,0.78,1.0,0.5985315427186294,0.0037467122228450104,12.98
battery_v3,25,16,5,8,3,edge_optimist,s4,0.88,1.0,0.8966947607944367,0.002338087303078653,12.98
battery_v3,25,16,5,8,3,over_cautious,s1,0.54,1.0,0.05737635153093316,0.0008401640056215878,12.98
battery_v3,25,16,5,8,3,over_cautious,s2,0.63,1.0,0.17542633039482394,0.002011285810071186,12.98
battery_v3,25,16,5,8,3,over_cautious,s3,0.74,1.0,0.4643435313052188,0.0035665669293052146,12.98
battery_v3,25,16,5,8,3,over_cautious,s4,0.84,1.0,0.7933769664648861,0.003222685660147389,12.98
battery_v3,25,16,5,8,3,localized_sign_error,s1,0.52,1.0,0.04282942868050278,0.000658864043496006,12.98
battery_v3,25,16,5,8,3,localized_sign_error,s2,0.6,1.0,0.1250659810344961,0.001563725644825982,12.98
battery_v3,25,16,5,8,3,localized_sign_error,s3,0.7,1.0,0.34167931666087953,0.003098306853497666,12.98
battery_v3,25,16,5,8,3,localized_sign_error,s4,0.8,1.0,0.6662162057611176,0.0036870583129229805,12.98
battery_v3,25,16,5,8,3,path_aware,s1,0.56,1.0,0.07558229202173171,0.0010519268851809434,12.98
battery_v3,25,16,5,8,3,path_aware,s2,0.66,1.0,0.23830184737811042,0.0024872371208300775,12.98
battery_v3,25,16,5,8,3,path_aware,s3,0.77,1.0,0.564512697309672,0.0037364293872272666,12.98
battery_v3,25,16,5,8,3,path_aware,s4,0.87,1.0,0.8738639462503646,0.0025903026249876663,12.98
battery_v3,25,16,5,8,5,edge_optimist,s1,0.58,1.0,0.09456667419109299,0.001216846693957512,14.91
battery_v3,25,16,5,8,5,edge_optimist,s2,0.68,1.0,0.29870117506269994,0.002693155179949933,14.91
battery_v3,25,16,5,8,5,edge_optimist,s3,0.78,1.0,0.6346255578891166,0.0031270238703016737,14.91
battery_v3,25,16,5,8,5,edge_optimist,s4,0.88,1.0,0.926044750547709,0.0012380531558602366,14.91
battery_v3,25,16,5,8,5,over_cautious,s1,0.54,1.0,0.052859895491342464,0.0007592904425424581,14.91
battery_v3,25,16,5,8,5,over_cautious,s2,0.63,1.0,0.1770052004771043,0.0019428004722228211,14.91
battery_v3,25,16,5,8,5,over_cautious,s3,0.74,1.0,0.49155796803933327,0.0032303780371728775,14.91
battery_v3,25,16,5,8,5,over_cautious,s4,0.84,1.0,0.8315277543639186,0.00216941028281087,14.91
battery_v3,25,16,5,8,5,localized_sign_error,s1,0.52,1.0,0.0383998768007621,0.000580694814370842,14.91
battery_v3,25,16,5,8,5,localized_sign_error,s2,0.6,1.0,0.12309353116021549,0.0014915145086533861,14.91
battery_v3,25,16,5,8,5,localized_sign_error,s3,0.7,1.0,0.3581578264010983,0.002940691453933237,14.91
battery_v3,25,16,5,8,5,localized_sign_error,s4,0.8,1.0,0.7048922316427759,0.002905963652588486,14.91
battery_v3,25,16,5,8,5,path_aware,s1,0.56,1.0,0.07136301122098916,0.0009716010867482533,14.91
battery_v3,25,16,5,8,5,path_aware,s2,0.66,1.0,0.24522573628211897,0.002405572694663985,14.91
battery_v3,25,16,5,8,5,path_aware,s3,0.77,1.0,0.5987634552973338,0.003194963736020784,14.91
battery_v3,25,16,5,8,5,path_aware,s4,0.87,1.0,0.906107604449979,0.001471283824015633,14.91
battery_v3,25,16,5,12,1,edge_optimist,s1,0.58,1.0,0.05964303583724917,0.0011029768763986029,10.04
battery_v3,25,16,5,12,1,edge_optimist,s2,0.68,1.0,0.17710606997171519,0.002654670617927572,10.04
battery_v3,25,16,5,12,1,edge_optimist,s3,0.78,1.0,0.4081216255353756,0.0043543846667823604,10.04
battery_v3,25,16,5,12,1,edge_optimist,s4,0.88,1.0,0.7360148780753418,0.003932372890052189,10.04
battery_v3,25,16,5,12,1,over_cautious,s1,0.54,1.0,0.03560850891884145,0.0007043466966672211,10.04
battery_v3,25,16,5,12,1,over_cautious,s2,0.63,1.0,0.10630701933425826,0.0017876334368270624,10.04
battery_v3,25,16,5,12,1,over_cautious,s3,0.74,1.0,0.30084737552663443,0.003766089979432896,10.04
battery_v3,25,16,5,12,1,over_cautious,s4,0.84,1.0,0.5995139560163204,0.004542988656811989,10.04
battery_v3,25,16,5,12,1,localized_sign_error,s1,0.52,1.0,0.026982939001783366,0.0005511071045842461,10.04
battery_v3,25,16,5,12,1,localized_sign_error,s2,0.6,1.0,0.075797710848,0.0013518875105406802,10.04
battery_v3,25,16,5,12,1,localized_sign_error,s3,0.7,1.0,0.21339510331405037,0.0030308359008999635,10.04
battery_v3,25,16,5,12,1,localized_sign_error,s4,0.8,1.0,0.4685306003455983,0.004535528841181211,10.04
battery_v3,25,16,5,12,1,path_aware,s1,0.56,1.0,0.046374423761024665,0.0008875635312522036,10.04
battery_v3,25,16,5,12,1,path_aware,s2,0.66,1.0,0.14552236685957806,0.0022907956237299886,10.04
battery_v3,25,16,5,12,1,path_aware,s3,0.77,1.0,0.37952634384715755,0.0042308182621098225,10.04
battery_v3,25,16,5,12,1,path_aware,s4,0.87,1.0,0.7020711874618494,0.004149140528135641,10.04
battery_v3,25,16,5,12,2,edge_optimist,s1,0.58,1.0,0.10099137036339176,0.0012204789385946418,13.534
battery_v3,25,16,5,12,2,edge_optimist,s2,0.68,1.0,0.29892229885843036,0.002465461244781156,13.534
battery_v3,25,16,5,12,2,edge_optimist,s3,0.78,1.0,0.6203300125478858,0.003012490311323563,13.534
battery_v3,25,16,5,12,2,edge_optimist,s4,0.88,1.0,0.912852303934433,0.0016757782249201827,13.534
battery_v3,25,16,5,12,2,over_cautious,s1,0.54,1.0,0.05872251633940505,0.000810137881912523,13.534
battery_v3,25,16,5,12,2,over_cautious,s2,0.63,1.0,0.1819548719411731,0.001837213055909306,13.534
battery_v3,25,16,5,12,2,over_cautious,s3,0.74,1.0,0.4828490605576267,0.0029799439866832473,13.534
battery_v3,25,16,5,12,2,over_cautious,s4,0.84,1.0,0.8146319685151354,0.0024299990815713963,13.534
battery_v3,25,16,5,12,2,localized_sign_error,s1,0.52,1.0,0.04364921529438905,0.0006415309345516516,13.534
battery_v3,25,16,5,12,2,localized_sign_error,s2,0.6,1.0,0.12928095400624134,0.0014571540211388428,13.534
battery_v3,25,16,5,12,2,localized_sign_error,s3,0.7,1.0,0.35564283396899515,0.0026816784384044025,13.534
battery_v3,25,16,5,12,2,localized_sign_error,s4,0.8,1.0,0.6887243082933202,0.0029046374580050274,13.534
battery_v3,25,16,5,12,2,path_aware,s1,0.56,1.0,0.07764841652185125,0.0010036761560548138,13.534
battery_v3,25,16,5,12,2,path_aware,s2,0.66,1.0,0.24773564172157317,0.002222886340421418,13.534
battery_v3,25,16,5,12,2,path_aware,s3,0.77,1.0,0.5856868403481591,0.003034100253778958,13.534
battery_v3,25,16,5,12,2,path_aware,s4,0.87,1.0,0.891620811959654,0.0018821805080028362,13.534
battery_v3,25,16,5,12,3,edge_optimist,s1,0.58,1.0,0.0947401528360118,0.0012214899040207808,14.902
battery_v3,25,16,5,12,3,edge_optimist,s2,0.68,1.0,0.2989095203242139,0.0026630581761081544,14.902
battery_v3,25,16,5,12,3,edge_optimist,s3,0.78,1.0,0.6349665486970582,0.0030421568411450645,14.902
battery_v3,25,16,5,12,3,edge_optimist,s4,0.88,1.0,0.9264740234201085,0.0011565022559221325,14.902
battery_v3,25,16,5,12,3,over_cautious,s1,0.54,1.0,0.053005583935366744,0.0007677778200632246,14.902
battery_v3,25,16,5,12,3,over_cautious,s2,0.63,1.0,0.17719853526693724,0.0019348900566686761,14.902
battery_v3,25,16,5,12,3,over_cautious,s3,0.74,1.0,0.49182226347564195,0.003165884390890433,14.902
battery_v3,25,16,5,12,3,over_cautious,s4,0.84,1.0,0.8319802631894129,0.00207402292615544,14.902
battery_v3,25,16,5,12,3,localized_sign_error,s1,0.52,1.0,0.038528542995227476,0.00058959152528794,14.902
battery_v3,25,16,5,12,3,localized_sign_error,s2,0.6,1.0,0.12327680655831848,0.0014922871360706538,14.902
battery_v3,25,16,5,12,3,localized_sign_error,s3,0.7,1.0,0.3583776469450181,0.0028995545970668577,14.902
battery_v3,25,16,5,12,3,localized_sign_error,s4,0.8,1.0,0.7052776104683103,0.002814107967106219,14.902
battery_v3,25,16,5,12,3,path_aware,s1,0.56,1.0,0.07152386097678996,0.0009787476466847015,14.902
battery_v3,25,16,5,12,3,path_aware,s2,0.66,1.0,0.24542692295975482,0.002385423108075615,14.902
battery_v3,25,16,5,12,3,path_aware,s3,0.77,1.0,0.5990829083657967,0.0031145529599275893,14.902
battery_v3,25,16,5,12,3,path_aware,s4,0.87,1.0,0.9065547747254742,0.0013845676326223971,14.902
battery_v3,25,16,5,12,5,edge_optimist,s1,0.58,0.998,,,
battery_v3,25,16,5,12,5,edge_optimist,s2,0.68,0.998,,,
battery_v3,25,16,5,12,5,edge_optimist,s3,0.78,0.998,,,
battery_v3,25,16,5,12,5,edge_optimist,s4,0.88,0.998,,,
battery_v3,25,16,5,12,5,over_cautious,s1,0.54,0.998,,,
battery_v3,25,16,5,12,5,over_cautious,s2,0.63,0.998,,,
battery_v3,25,16,5,12,5,over_cautious,s3,0.74,0.998,,,
battery_v3,25,16,5,12,5,over_cautious,s4,0.84,0.998,,,
battery_v3,25,16,5,12,5,localized_sign_error,s1,0.52,0.998,,,
battery_v3,25,16,5,12,5,localized_sign_error,s2,0.6,0.998,,,
battery_v3,25,16,5,12,5,localized_sign_error,s3,0.7,0.998,,,
battery_v3,25,16,5,12,5,localized_sign_error,s4,0.8,0.998,,,
battery_v3,25,16,5,12,5,path_aware,s1,0.56,0.998,,,
battery_v3,25,16,5,12,5,path_aware,s2,0.66,0.998,,,
battery_v3,25,16,5,12,5,path_aware,s3,0.77,0.998,,,
battery_v3,25,16,5,12,5,path_aware,s4,0.87,0.998,,,
battery_v3,25,16,10,4,1,edge_optimist,s1,0.58,1.0,0.0,0.0,3.796
battery_v3,25,16,10,4,1,edge_optimist,s2,0.68,1.0,0.0,0.0,3.796
battery_v3,25,16,10,4,1,edge_optimist,s3,0.78,1.0,0.0,0.0,3.796
battery_v3,25,16,10,4,1,edge_optimist,s4,0.88,1.0,0.0,0.0,3.796
battery_v3,25,16,10,4,1,over_cautious,s1,0.54,1.0,0.0,0.0,3.796
battery_v3,25,16,10,4,1,over_cautious,s2,0.63,1.0,0.0,0.0,3.796
battery_v3,25,16,10,4,1,over_cautious,s3,0.74,1.0,0.0,0.0,3.796
battery_v3,25,16,10,4,1,over_cautious,s4,0.84,1.0,0.0,0.0,3.796
battery_v3,25,16,10,4,1,localized_sign_error,s1,0.52,1.0,0.0,0.0,3.796
battery_v3,25,16,10,4,1,localized_sign_error,s2,0.6,1.0,0.0,0.0,3.796
battery_v3,25,16,10,4,1,localized_sign_error,s3,0.7,1.0,0.0,0.0,3.796
battery_v3,25,16,10,4,1,localized_sign_error,s4,0.8,1.0,0.0,0.0,3.796
battery_v3,25,16,10,4,1,path_aware,s1,0.56,1.0,0.0,0.0,3.796
battery_v3,25,16,10,4,1,path_aware,s2,0.66,1.0,0.0,0.0,3.796
battery_v3,25,16,10,4,1,path_aware,s3,0.77,1.0,0.0,0.0,3.796
battery_v3,25,16,10,4,1,path_aware,s4,0.87,1.0,0.0,0.0,3.796
battery_v3,25,16,10,4,2,edge_optimist,s1,0.58,1.0,0.04057781109636885,0.0010442967343361963,6.604
battery_v3,25,16,10,4,2,edge_optimist,s2,0.68,1.0,0.1060895265791936,0.0023624540335473168,6.604
battery_v3,25,16,10,4,2,edge_optimist,s3,0.78,1.0,0.23993808537359768,0.004255003936092383,6.604
battery_v3,25,16,10,4,2,edge_optimist,s4,0.88,1.0,0.48347579474709,0.005689783124261052,6.604
battery_v3,25,16,10,4,2,over_cautious,s1,0.54,1.0,0.02627449234412001,0.0007084456227076926,6.604
battery_v3,25,16,10,4,2,over_cautious,s2,0.63,1.0,0.06697163336177181,0.0016141643722444123,6.604
battery_v3,25,16,10,4,2,over_cautious,s3,0.74,1.0,0.1757683880880464,0.0034635496375214044,6.604
battery_v3,25,16,10,4,2,over_cautious,s4,0.84,1.0,0.3698894996504844,0.0053021220923322645,6.604
battery_v3,25,16,10,4,2,localized_sign_error,s1,0.52,1.0,0.020877539941049916,0.0005756689651795577,6.604
battery_v3,25,16,10,4,2,localized_sign_error,s2,0.6,1.0,0.04984602623999973,0.0012511749686216858,6.604
battery_v3,25,16,10,4,2,localized_sign_error,s3,0.7,1.0,0.12621250263999972,0.0027088263502555157,6.604
battery_v3,25,16,10,4,2,localized_sign_error,s4,0.8,1.0,0.27838644224000186,0.004638263379560875,6.604
battery_v3,25,16,10,4,2,path_aware,s1,0.56,1.0,0.03278384132249375,0.0008639780160109345,6.604
battery_v3,25,16,10,4,2,path_aware,s2,0.66,1.0,0.08866391208181294,0.002042019333226093,6.604
battery_v3,25,16,10,4,2,path_aware,s3,0.77,1.0,0.22237336542505287,0.004057846216626647,6.604
battery_v3,25,16,10,4,2,path_aware,s4,0.87,1.0,0.4528352894633191,0.0056291646868665505,6.604
battery_v3,25,16,10,4,3,edge_optimist,s1,0.58,1.0,0.05754469883791106,0.0010527788396424962,8.69
battery_v3,25,16,10,4,3,edge_optimist,s2,0.68,1.0,0.16069970433849337,0.002349828997701029,8.69
battery_v3,25,16,10,4,3,edge_optimist,s3,0.78,1.0,0.36414272132010844,0.004070939159654606,8.69
battery_v3,25,16,10,4,3,edge_optimist,s4,0.88,1.0,0.6740530353755145,0.005025998074953329,8.69
battery_v3,25,16,10,4,3,over_cautious,s1,0.54,1.0,0.0356995813579793,0.0007115230082959443,8.69
battery_v3,25,16,10,4,3,over_cautious,s2,0.63,1.0,0.09888481148818065,0.0016219451637971426,8.69
battery_v3,25,16,10,4,3,over_cautious,s3,0.74,1.0,0.2688522529637964,0.003376010796041705,8.69
battery_v3,25,16,10,4,3,over_cautious,s4,0.84,1.0,0.5405287643763297,0.00487987241450359,8.69
battery_v3,25,16,10,4,3,localized_sign_error,s1,0.52,1.0,0.02766652825404111,0.0005754859519320709,8.69
battery_v3,25,16,10,4,3,localized_sign_error,s2,0.6,1.0,0.07196390645759969,0.0012608538958411755,8.69
battery_v3,25,16,10,4,3,localized_sign_error,s3,0.7,1.0,0.19231293613630093,0.00267882021490262,8.69
battery_v3,25,16,10,4,3,localized_sign_error,s4,0.8,1.0,0.41878154117119853,0.0043883671951496245,8.69
battery_v3,25,16,10,4,3,path_aware,s1,0.56,1.0,0.04556122165021582,0.0008700826242011945,8.69
battery_v3,25,16,10,4,3,path_aware,s2,0.66,1.0,0.1331791969201255,0.0020409143444865517,8.69
battery_v3,25,16,10,4,3,path_aware,s3,0.77,1.0,0.3385461696924082,0.003902101734083693,8.69
battery_v3,25,16,10,4,3,path_aware,s4,0.87,1.0,0.6400382709739274,0.00503426227981605,8.69
battery_v3,25,16,10,4,5,edge_optimist,s1,0.58,1.0,0.07791497715574026,0.0013275142055086042,11.41
battery_v3,25,16,10,4,5,edge_optimist,s2,0.68,1.0,0.22983314062625465,0.0031811970629937155,11.41
battery_v3,25,16,10,4,5,edge_optimist,s3,0.78,1.0,0.5023473760922158,0.004936890384926454,11.41
battery_v3,25,16,10,4,5,edge_optimist,s4,0.88,1.0,0.8222166808276036,0.004026826352977457,11.41
battery_v3,25,16,10,4,5,over_cautious,s1,0.54,1.0,0.046029641977722524,0.0008352874705658586,11.41
battery_v3,25,16,10,4,5,over_cautious,s2,0.63,1.0,0.1392190121047184,0.0021616090996536396,11.41
battery_v3,25,16,10,4,5,over_cautious,s3,0.74,1.0,0.380329943627436,0.004390778745567657,11.41
battery_v3,25,16,10,4,5,over_cautious,s4,0.84,1.0,0.6994550998938961,0.004871926406172578,11.41
battery_v3,25,16,10,4,5,localized_sign_error,s1,0.52,1.0,0.034593615127162775,0.0006460497403889668,11.41
battery_v3,25,16,10,4,5,localized_sign_error,s2,0.6,1.0,0.09925611818110175,0.0016329709073420384,11.41
battery_v3,25,16,10,4,5,localized_sign_error,s3,0.7,1.0,0.2750293927684589,0.0036059468282903045,11.41
battery_v3,25,16,10,4,5,localized_sign_error,s4,0.8,1.0,0.5674905541919363,0.005056877641881085,11.41
battery_v3,25,16,10,4,5,path_aware,s1,0.56,1.0,0.06032161555351663,0.0010617778532383273,11.41
battery_v3,25,16,10,4,5,path_aware,s2,0.66,1.0,0.1897983355854651,0.002759385745488597,11.41
battery_v3,25,16,10,4,5,path_aware,s3,0.77,1.0,0.4706054848474796,0.004833784471814763,11.41
battery_v3,25,16,10,4,5,path_aware,s4,0.87,1.0,0.7932168782093008,0.004301245550911554,11.41
battery_v3,25,16,10,8,1,edge_optimist,s1,0.58,1.0,0.04753387172226616,0.0013113715286756258,7.14
battery_v3,25,16,10,8,1,edge_optimist,s2,0.68,1.0,0.12499790238921528,0.003049219375328036,7.14
battery_v3,25,16,10,8,1,edge_optimist,s3,0.78,1.0,0.27776137228747255,0.0054956732326880454,7.14
battery_v3,25,16,10,8,1,edge_optimist,s4,0.88,1.0,0.5366606342096144,0.006997869285415489,7.14
battery_v3,25,16,10,8,1,over_cautious,s1,0.54,1.0,0.030484392048502357,0.0008709512126753265,7.14
battery_v3,25,16,10,8,1,over_cautious,s2,0.63,1.0,0.07892059236401945,0.0020627745487729558,7.14
battery_v3,25,16,10,8,1,over_cautious,s3,0.74,1.0,0.20548367030531517,0.004486752974723976,7.14
battery_v3,25,16,10,8,1,over_cautious,s4,0.84,1.0,0.4188735871498321,0.0067282742115008015,7.14
battery_v3,25,16,10,8,1,localized_sign_error,s1,0.52,1.0,0.02406354509706028,0.0006980858032692393,7.14
battery_v3,25,16,10,8,1,localized_sign_error,s2,0.6,1.0,0.0585750527999995,0.0015838544883414194,7.14
battery_v3,25,16,10,8,1,localized_sign_error,s3,0.7,1.0,0.14845623100000035,0.0035039761652839304,7.14
battery_v3,25,16,10,8,1,localized_sign_error,s4,0.8,1.0,0.320235110400001,0.005968920397219586,7.14
battery_v3,25,16,10,8,1,path_aware,s1,0.56,1.0,0.0382416866267629,0.0010744921698631897,7.14
battery_v3,25,16,10,8,1,path_aware,s2,0.66,1.0,0.10454686743784967,0.0026272489453786343,7.14
battery_v3,25,16,10,8,1,path_aware,s3,0.77,1.0,0.25815138072642774,0.0052474546856539,7.14
battery_v3,25,16,10,8,1,path_aware,s4,0.87,1.0,0.505386482656223,0.006995865857126666,7.14
battery_v3,25,16,10,8,2,edge_optimist,s1,0.58,1.0,0.07271796531230156,0.0012636337930915426,10.952
battery_v3,25,16,10,8,2,edge_optimist,s2,0.68,1.0,0.21438271867626,0.0030473810088743137,10.952
battery_v3,25,16,10,8,2,edge_optimist,s3,0.78,1.0,0.4750633430991322,0.004856762903693251,10.952
battery_v3,25,16,10,8,2,edge_optimist,s4,0.88,1.0,0.7985736034983425,0.004196342148519567,10.952
battery_v3,25,16,10,8,2,over_cautious,s1,0.54,1.0,0.0431463453474638,0.0007968618037146727,10.952
battery_v3,25,16,10,8,2,over_cautious,s2,0.63,1.0,0.12966184784139967,0.0020596698193182587,10.952
battery_v3,25,16,10,8,2,over_cautious,s3,0.74,1.0,0.35709548388826357,0.0042612506349866365,10.952
battery_v3,25,16,10,8,2,over_cautious,s4,0.84,1.0,0.6712861364379358,0.004937244832470982,10.952
battery_v3,25,16,10,8,2,localized_sign_error,s1,0.52,1.0,0.03252718901687083,0.0006176851226491783,10.952
battery_v3,25,16,10,8,2,localized_sign_error,s2,0.6,1.0,0.09251768898433849,0.0015542438583593143,10.952
battery_v3,25,16,10,8,2,localized_sign_error,s3,0.7,1.0,0.2569551910864638,0.0034662715397373936,10.952
battery_v3,25,16,10,8,2,localized_sign_error,s4,0.8,1.0,0.5390418901928492,0.005017432169392645,10.952
battery_v3,25,16,10,8,2,path_aware,s1,0.56,1.0,0.056403366357286544,0.0010114575696372236,10.952
battery_v3,25,16,10,8,2,path_aware,s2,0.66,1.0,0.17685488232431232,0.0026362341254565357,10.952
battery_v3,25,16,10,8,2,path_aware,s3,0.77,1.0,0.4441538537115833,0.0047372411719543836,10.952
battery_v3,25,16,10,8,2,path_aware,s4,0.87,1.0,0.7680288209069416,0.004447681259875892,10.952
battery_v3,25,16,10,8,3,edge_optimist,s1,0.58,1.0,0.09654745928972687,0.001279494704613841,12.958
battery_v3,25,16,10,8,3,edge_optimist,s2,0.68,1.0,0.2842413103889264,0.002795931359712169,12.958
battery_v3,25,16,10,8,3,edge_optimist,s3,0.78,1.0,0.5946246421211475,0.003771070740352142,12.958
battery_v3,25,16,10,8,3,edge_optimist,s4,0.88,1.0,0.8944736848281971,0.002367312421528042,12.958
battery_v3,25,16,10,8,3,over_cautious,s1,0.54,1.0,0.056446197076921216,0.0008283452602039658,12.958
battery_v3,25,16,10,8,3,over_cautious,s2,0.63,1.0,0.17321588426136997,0.00199765127709207,12.958
battery_v3,25,16,10,8,3,over_cautious,s3,0.74,1.0,0.4605497155367935,0.0035780792149505253,12.958
battery_v3,25,16,10,8,3,over_cautious,s4,0.84,1.0,0.7901615519035453,0.0032566333899754604,12.958
battery_v3,25,16,10,8,3,localized_sign_error,s1,0.52,1.0,0.04210054818093416,0.0006487315987388438,12.958
battery_v3,25,16,10,8,3,localized_sign_error,s2,0.6,1.0,0.12333994679048617,0.001549012342948057,12.958
battery_v3,25,16,10,8,3,localized_sign_error,s3,0.7,1.0,0.3383333183414066,0.0030972409235576663,12.958
battery_v3,25,16,10,8,3,localized_sign_error,s4,0.8,1.0,0.6624185699081908,0.0037164725903544357,12.958
battery_v3,25,16,10,8,3,path_aware,s1,0.56,1.0,0.07441785549529625,0.0010386465342833388,12.958
battery_v3,25,16,10,8,3,path_aware,s2,0.66,1.0,0.23558523693692104,0.0024771922407539047,12.958
battery_v3,25,16,10,8,3,path_aware,s3,0.77,1.0,0.5605950035866558,0.0037578007336937775,12.958
battery_v3,25,16,10,8,3,path_aware,s4,0.87,1.0,0.8713666610456042,0.0026215559239649777,12.958
battery_v3,25,16,10,8,5,edge_optimist,s1,0.58,1.0,0.0967857952297272,0.0012310695130301986,14.86
battery_v3,25,16,10,8,5,edge_optimist,s2,0.68,1.0,0.3028371742738457,0.0026929130460532024,14.86
battery_v3,25,16,10,8,5,edge_optimist,s3,0.78,1.0,0.638728110457989,0.003110060895353431,14.86
battery_v3,25,16,10,8,5,edge_optimist,s4,0.88,1.0,0.9274185622468948,0.0012267658047297938,14.86
battery_v3,25,16,10,8,5,over_cautious,s1,0.54,1.0,0.05434864076198827,0.000774210706394618,14.86
battery_v3,25,16,10,8,5,over_cautious,s2,0.63,1.0,0.18025022665501633,0.001951808572342817,14.86
battery_v3,25,16,10,8,5,over_cautious,s3,0.74,1.0,0.4960660555685449,0.003218277216825104,14.86
battery_v3,25,16,10,8,5,over_cautious,s4,0.84,1.0,0.8341176208692584,0.0021531838839251973,14.86
battery_v3,25,16,10,8,5,localized_sign_error,s1,0.52,1.0,0.03958092777431049,0.000594980193775225,14.86
battery_v3,25,16,10,8,5,localized_sign_error,s2,0.6,1.0,0.12571850749693125,0.001504238874945997,14.86
battery_v3,25,16,10,8,5,localized_sign_error,s3,0.7,1.0,0.3625296734336189,0.0029362633565788924,14.86
battery_v3,25,16,10,8,5,localized_sign_error,s4,0.8,1.0,0.7085891161528726,0.002888137276900148,14.86
battery_v3,25,16,10,8,5,path_aware,s1,0.56,1.0,0.07319991969887477,0.0009865354481981246,14.86
battery_v3,25,16,10,8,5,path_aware,s2,0.66,1.0,0.24904443011026828,0.00240936102556336,14.86
battery_v3,25,16,10,8,5,path_aware,s3,0.77,1.0,0.6030200555747108,0.003178849915875722,14.86
battery_v3,25,16,10,8,5,path_aware,s4,0.87,1.0,0.9077731821835833,0.0014585703582751177,14.86
battery_v3,25,16,10,12,1,edge_optimist,s1,0.58,1.0,0.05934283396027662,0.0010908610912153094,10.016
battery_v3,25,16,10,12,1,edge_optimist,s2,0.68,1.0,0.17628573140102116,0.002626483477119493,10.016
battery_v3,25,16,10,12,1,edge_optimist,s3,0.78,1.0,0.4066616521448339,0.004296704167441808,10.016
battery_v3,25,16,10,12,1,edge_optimist,s4,0.88,1.0,0.7347570274756066,0.0038424907075009945,10.016
battery_v3,25,16,10,12,1,over_cautious,s1,0.54,1.0,0.03542727307013054,0.0006958588570823119,10.016
battery_v3,25,16,10,12,1,over_cautious,s2,0.63,1.0,0.10578668510887515,0.0017689841157409914,10.016
battery_v3,25,16,10,12,1,over_cautious,s3,0.74,1.0,0.2996154623701274,0.0037217269365102928,10.016
battery_v3,25,16,10,12,1,over_cautious,s4,0.84,1.0,0.5979879110861088,0.004464449894002913,10.016
battery_v3,25,16,10,12,1,localized_sign_error,s1,0.52,1.0,0.026845032593775367,0.0005440368630421273,10.016
battery_v3,25,16,10,12,1,localized_sign_error,s2,0.6,1.0,0.07541950611455994,0.001337465277061469,10.016
battery_v3,25,16,10,12,1,localized_sign_error,s3,0.7,1.0,0.2124385745904106,0.0029978396296583814,10.016
battery_v3,25,16,10,12,1,localized_sign_error,s4,0.8,1.0,0.46699984715775816,0.004470785129970812,10.016
battery_v3,25,16,10,12,1,path_aware,s1,0.56,1.0,0.04613952239633262,0.0008774089429122499,10.016
battery_v3,25,16,10,12,1,path_aware,s2,0.66,1.0,0.14483044319304353,0.002266833594536627,10.016
battery_v3,25,16,10,12,1,path_aware,s3,0.77,1.0,0.37811472454996053,0.004176601820880736,10.016
battery_v3,25,16,10,12,1,path_aware,s4,0.87,1.0,0.7007188002071741,0.0040617272491838274,10.016
battery_v3,25,16,10,12,2,edge_optimist,s1,0.58,1.0,0.10048933008057385,0.001221029322078179,13.498
battery_v3,25,16,10,12,2,edge_optimist,s2,0.68,1.0,0.2976108254052042,0.0025001581831838714,13.498
battery_v3,25,16,10,12,2,edge_optimist,s3,0.78,1.0,0.6182333599168903,0.0030881276132945865,13.498
battery_v3,25,16,10,12,2,edge_optimist,s4,0.88,1.0,0.9114772582760511,0.0016942467532431824,13.498
battery_v3,25,16,10,12,2,over_cautious,s1,0.54,1.0,0.05841695497336855,0.0008068162147163772,13.498
battery_v3,25,16,10,12,2,over_cautious,s2,0.63,1.0,0.18110012822815497,0.0018501061861757328,13.498
battery_v3,25,16,10,12,2,over_cautious,s3,0.74,1.0,0.48098020601367625,0.003044910488071395,13.498
battery_v3,25,16,10,12,2,over_cautious,s4,0.84,1.0,0.8127122647748553,0.0024857016927880495,13.498
battery_v3,25,16,10,12,2,localized_sign_error,s1,0.52,1.0,0.04341641421005485,0.0006376217511232402,13.498
battery_v3,25,16,10,12,2,localized_sign_error,s2,0.6,1.0,0.1286523740844197,0.0014614947656072074,13.498
battery_v3,25,16,10,12,2,localized_sign_error,s3,0.7,1.0,0.3541356085884221,0.0027268374043099473,13.498
battery_v3,25,16,10,12,2,localized_sign_error,s4,0.8,1.0,0.6866040203782388,0.0029791526192284234,13.498
battery_v3,25,16,10,12,2,path_aware,s1,0.56,1.0,0.07725366947133741,0.0010017544036212515,13.498
battery_v3,25,16,10,12,2,path_aware,s2,0.66,1.0,0.24661588137919513,0.0022478732201266665,13.498
battery_v3,25,16,10,12,2,path_aware,s3,0.77,1.0,0.5836275934635997,0.003108474624072711,13.498
battery_v3,25,16,10,12,2,path_aware,s4,0.87,1.0,0.8900818644040753,0.0019109381931392755,13.498
battery_v3,25,16,10,12,3,edge_optimist,s1,0.58,1.0,0.09606519738759034,0.0012227438796604277,14.842
battery_v3,25,16,10,12,3,edge_optimist,s2,0.68,1.0,0.30115346605149074,0.002652071305504082,14.842
battery_v3,25,16,10,12,3,edge_optimist,s3,0.78,1.0,0.6368630842358418,0.003034488895520319,14.842
battery_v3,25,16,10,12,3,edge_optimist,s4,0.88,1.0,0.9268877115026575,0.0011723230032153029,14.842
battery_v3,25,16,10,12,3,over_cautious,s1,0.54,1.0,0.05392068432039609,0.000771843265645916,14.842
battery_v3,25,16,10,12,3,over_cautious,s2,0.63,1.0,0.17905459922581657,0.0019301941901294789,14.842
battery_v3,25,16,10,12,3,over_cautious,s3,0.74,1.0,0.4940721111306791,0.003153059062970943,14.842
battery_v3,25,16,10,12,3,over_cautious,s4,0.84,1.0,0.8329762880482668,0.002081551844760844,14.842
battery_v3,25,16,10,12,3,localized_sign_error,s1,0.52,1.0,0.039263979103959464,0.0005943131958726552,14.842
battery_v3,25,16,10,12,3,localized_sign_error,s2,0.6,1.0,0.12481898234904576,0.0014914131117500344,14.842
battery_v3,25,16,10,12,3,localized_sign_error,s3,0.7,1.0,0.360691360750666,0.0028869127503435518,14.842
battery_v3,25,16,10,12,3,localized_sign_error,s4,0.8,1.0,0.7069051625553259,0.002810909129472382,14.842
battery_v3,25,16,10,12,3,path_aware,s1,0.56,1.0,0.07263730972512722,0.0009816617120680853,14.842
battery_v3,25,16,10,12,3,path_aware,s2,0.66,1.0,0.24754595646988184,0.0023767393580956283,14.842
battery_v3,25,16,10,12,3,path_aware,s3,0.77,1.0,0.6010931952802105,0.0031050839923529253,14.842
battery_v3,25,16,10,12,3,path_aware,s4,0.87,1.0,0.9070976692763323,0.0013989080381465817,14.842
battery_v3,25,16,10,12,5,edge_optimist,s1,0.58,1.0,0.11594985575217624,0.0011227844478244123,15.744
battery_v3,25,16,10,12,5,edge_optimist,s2,0.68,1.0,0.3511612620991556,0.0025559248035045817,15.744
battery_v3,25,16,10,12,5,edge_optimist,s3,0.78,1.0,0.6989357094204719,0.002969352594291273,15.744
battery_v3,25,16,10,12,5,edge_optimist,s4,0.88,1.0,0.9516125333824635,0.001120344789110368,15.744
battery_v3,25,16,10,12,5,over_cautious,s1,0.54,1.0,0.06538577130180492,0.0006853667678616203,15.744
battery_v3,25,16,10,12,5,over_cautious,s2,0.63,1.0,0.2132325706133551,0.0018252343623851926,15.744
battery_v3,25,16,10,12,5,over_cautious,s3,0.74,1.0,0.5568695378004512,0.0030768181140012163,15.744
battery_v3,25,16,10,12,5,over_cautious,s4,0.84,1.0,0.8766908318210518,0.002024296640162287,15.744
battery_v3,25,16,10,12,5,localized_sign_error,s1,0.52,1.0,0.0476177615860128,0.0005167587532402489,15.744
battery_v3,25,16,10,12,5,localized_sign_error,s2,0.6,1.0,0.1499931585431468,0.0013877033796526844,15.744
battery_v3,25,16,10,12,5,localized_sign_error,s3,0.7,1.0,0.41625013758112506,0.002796995821456766,15.744
battery_v3,25,16,10,12,5,localized_sign_error,s4,0.8,1.0,0.7650234230542219,0.002749410966153474,15.744
battery_v3,25,16,10,12,5,path_aware,s1,0.56,1.0,0.08793990708735208,0.0008875652727665342,15.744
battery_v3,25,16,10,12,5,path_aware,s2,0.66,1.0,0.2913453619946719,0.0022756512798214413,15.744
battery_v3,25,16,10,12,5,path_aware,s3,0.77,1.0,0.6642289021706388,0.0030376212263750293,15.744
battery_v3,25,16,10,12,5,path_aware,s4,0.87,1.0,0.9366157050782676,0.001345062212144756,15.744
battery_v3,25,24,2,4,1,edge_optimist,s1,0.58,1.0,0.0,0.0,3.98
battery_v3,25,24,2,4,1,edge_optimist,s2,0.68,1.0,0.0,0.0,3.98
battery_v3,25,24,2,4,1,edge_optimist,s3,0.78,1.0,0.0,0.0,3.98
battery_v3,25,24,2,4,1,edge_optimist,s4,0.88,1.0,0.0,0.0,3.98
battery_v3,25,24,2,4,1,over_cautious,s1,0.54,1.0,0.0,0.0,3.98
battery_v3,25,24,2,4,1,over_cautious,s2,0.63,1.0,0.0,0.0,3.98
battery_v3,25,24,2,4,1,over_cautious,s3,0.74,1.0,0.0,0.0,3.98
battery_v3,25,24,2,4,1,over_cautious,s4,0.84,1.0,0.0,0.0,3.98
battery_v3,25,24,2,4,1,localized_sign_error,s1,0.52,1.0,0.0,0.0,3.98
battery_v3,25,24,2,4,1,localized_sign_error,s2,0.6,1.0,0.0,0.0,3.98
battery_v3,25,24,2,4,1,localized_sign_error,s3,0.7,1.0,0.0,0.0,3.98
battery_v3,25,24,2,4,1,localized_sign_error,s4,0.8,1.0,0.0,0.0,3.98
battery_v3,25,24,2,4,1,path_aware,s1,0.56,1.0,0.0,0.0,3.98
battery_v3,25,24,2,4,1,path_aware,s2,0.66,1.0,0.0,0.0,3.98
battery_v3,25,24,2,4,1,path_aware,s3,0.77,1.0,0.0,0.0,3.98
battery_v3,25,24,2,4,1,path_aware,s4,0.87,1.0,0.0,0.0,3.98
battery_v3,25,24,2,4,2,edge_optimist,s1,0.58,1.0,0.05115410041628843,0.0013748188756293692,7.288
battery_v3,25,24,2,4,2,edge_optimist,s2,0.68,1.0,0.1339567758377484,0.003202658810950138,7.288
battery_v3,25,24,2,4,2,edge_optimist,s3,0.78,1.0,0.29455731746493463,0.005773507238765237,7.288
battery_v3,25,24,2,4,2,edge_optimist,s4,0.88,1.0,0.5586316422176288,0.007349110043999305,7.288
battery_v3,25,24,2,4,2,over_cautious,s1,0.54,1.0,0.03280377931354195,0.0009114823896801877,7.288
battery_v3,25,24,2,4,2,over_cautious,s2,0.63,1.0,0.0848182453674766,0.0021652706455810885,7.288
battery_v3,25,24,2,4,2,over_cautious,s3,0.74,1.0,0.21900736889597167,0.004713652125272122,7.288
battery_v3,25,24,2,4,2,over_cautious,s4,0.84,1.0,0.43979483696442945,0.00706721135632621,7.288
battery_v3,25,24,2,4,2,localized_sign_error,s1,0.52,1.0,0.025882918114086002,0.0007296505257754823,7.288
battery_v3,25,24,2,4,2,localized_sign_error,s2,0.6,1.0,0.06301421567999944,0.0016614800254263467,7.288
battery_v3,25,24,2,4,2,localized_sign_error,s3,0.7,1.0,0.15884699068000063,0.0036807576890020067,7.288
battery_v3,25,24,2,4,2,localized_sign_error,s4,0.8,1.0,0.33859043328000077,0.006270420152036847,7.288
battery_v3,25,24,2,4,2,path_aware,s1,0.56,1.0,0.04115815768082364,0.001125608881016207,7.288
battery_v3,25,24,2,4,2,path_aware,s2,0.66,1.0,0.11218811591342813,0.0027589470217367754,7.288
battery_v3,25,24,2,4,2,path_aware,s3,0.77,1.0,0.2741364147468076,0.005512812328575202,7.288
battery_v3,25,24,2,4,2,path_aware,s4,0.87,1.0,0.5273007566386918,0.007347347956000752,7.288
battery_v3,25,24,2,4,3,edge_optimist,s1,0.58,1.0,0.06063906405064856,0.0011307089724545397,10.092
battery_v3,25,24,2,4,3,edge_optimist,s2,0.68,1.0,0.1797166190680175,0.002726369259771673,10.092
battery_v3,25,24,2,4,3,edge_optimist,s3,0.78,1.0,0.41256787222700986,0.004482656795947963,10.092
battery_v3,25,24,2,4,3,edge_optimist,s4,0.88,1.0,0.7399266676317292,0.004078797993650643,10.092
battery_v3,25,24,2,4,3,over_cautious,s1,0.54,1.0,0.0362122885463394,0.0007214329388776448,10.092
battery_v3,25,24,2,4,3,over_cautious,s2,0.63,1.0,0.10800310311483938,0.0018342907192185876,10.092
battery_v3,25,24,2,4,3,over_cautious,s3,0.74,1.0,0.3046558961027446,0.0038725778951344595,10.092
battery_v3,25,24,2,4,3,over_cautious,s4,0.84,1.0,0.6041383957231341,0.004691191793431376,10.092
battery_v3,25,24,2,4,3,localized_sign_error,s1,0.52,1.0,0.02744081163215886,0.0005642003753126247,10.092
battery_v3,25,24,2,4,3,localized_sign_error,s2,0.6,1.0,0.07704519524351991,0.0013864149309031982,10.092
battery_v3,25,24,2,4,3,localized_sign_error,s3,0.7,1.0,0.21640872715567064,0.0031138599059851533,10.092
battery_v3,25,24,2,4,3,localized_sign_error,s4,0.8,1.0,0.47316983611391794,0.004672745176609258,10.092
battery_v3,25,24,2,4,3,path_aware,s1,0.56,1.0,0.04715657616010976,0.0009095022419143989,10.092
battery_v3,25,24,2,4,3,path_aware,s2,0.66,1.0,0.14774627815080982,0.0023518262646730435,10.092
battery_v3,25,24,2,4,3,path_aware,s3,0.77,1.0,0.38383912696918626,0.004354022138890067,10.092
battery_v3,25,24,2,4,3,path_aware,s4,0.87,1.0,0.7062330195608943,0.004297376587283972,10.092
battery_v3,25,24,2,4,5,edge_optimist,s1,0.58,1.0,0.09656005222957857,0.0012172705898102973,14.864
battery_v3,25,24,2,4,5,edge_optimist,s2,0.68,1.0,0.30243139175655254,0.002628926624883471,14.864
battery_v3,25,24,2,4,5,edge_optimist,s3,0.78,1.0,0.6384918916839841,0.0030308488293338113,14.864
battery_v3,25,24,2,4,5,edge_optimist,s4,0.88,1.0,0.9273636691131297,0.0012075793366024688,14.864
battery_v3,25,24,2,4,5,over_cautious,s1,0.54,1.0,0.05422240382603857,0.0007730648993287079,14.864
battery_v3,25,24,2,4,5,over_cautious,s2,0.63,1.0,0.17990307255831692,0.0019142387151970506,14.864
battery_v3,25,24,2,4,5,over_cautious,s3,0.74,1.0,0.49572619278409114,0.0031352314300895725,14.864
battery_v3,25,24,2,4,5,over_cautious,s4,0.84,1.0,0.8340203942488871,0.002106133003150703,14.864
battery_v3,25,24,2,4,5,localized_sign_error,s1,0.52,1.0,0.03949644278437474,0.0005977521647452322,14.864
battery_v3,25,24,2,4,5,localized_sign_error,s2,0.6,1.0,0.1254408314983833,0.0014817956690982295,14.864
battery_v3,25,24,2,4,5,localized_sign_error,s3,0.7,1.0,0.3621291751254319,0.0028634418481855283,14.864
battery_v3,25,24,2,4,5,localized_sign_error,s4,0.8,1.0,0.7084068092085035,0.0028166380185428923,14.864
battery_v3,25,24,2,4,5,path_aware,s1,0.56,1.0,0.07302578403304834,0.0009798750202551203,14.864
battery_v3,25,24,2,4,5,path_aware,s2,0.66,1.0,0.2486508069117707,0.002355604179374938,14.864
battery_v3,25,24,2,4,5,path_aware,s3,0.77,1.0,0.6027562431203157,0.0030972100370403426,14.864
battery_v3,25,24,2,4,5,path_aware,s4,0.87,1.0,0.907711152545832,0.001432821343183702,14.864
battery_v3,25,24,2,8,1,edge_optimist,s1,0.58,1.0,0.08076276168704948,0.0008560770299010999,7.904
battery_v3,25,24,2,8,1,edge_optimist,s2,0.68,1.0,0.20336772256204183,0.001986003301954777,7.904
battery_v3,25,24,2,8,1,edge_optimist,s3,0.78,1.0,0.4201965119196649,0.0035674056730560016,7.904
battery_v3,25,24,2,8,1,edge_optimist,s4,0.88,1.0,0.7190074972293756,0.004527177787320974,7.904
battery_v3,25,24,2,8,1,over_cautious,s1,0.54,1.0,0.0523637582522226,0.000568567130985271,7.904
battery_v3,25,24,2,8,1,over_cautious,s2,0.63,1.0,0.13161552348487052,0.001345405408492514,7.904
battery_v3,25,24,2,8,1,over_cautious,s3,0.74,1.0,0.3214353868062501,0.0029165067442505532,7.904
battery_v3,25,24,2,8,1,over_cautious,s4,0.84,1.0,0.5938634206399174,0.00435855553583043,7.904
battery_v3,25,24,2,8,1,localized_sign_error,s1,0.52,1.0,0.041507778146546735,0.0004555460043907435,7.904
battery_v3,25,24,2,8,1,localized_sign_error,s2,0.6,1.0,0.09885100031999952,0.0010336805462397031,7.904
battery_v3,25,24,2,8,1,localized_sign_error,s3,0.7,1.0,0.23869570312000155,0.0022807366096854738,7.904
battery_v3,25,24,2,8,1,localized_sign_error,s4,0.8,1.0,0.4751307571199973,0.003871930057062456,7.904
battery_v3,25,24,2,8,1,path_aware,s1,0.56,1.0,0.06535879580996123,0.0007015141968963491,7.904
battery_v3,25,24,2,8,1,path_aware,s2,0.66,1.0,0.1719204805259189,0.0017121983129354554,7.904
battery_v3,25,24,2,8,1,path_aware,s3,0.77,1.0,0.39406185970361834,0.003407457997782414,7.904
battery_v3,25,24,2,8,1,path_aware,s4,0.87,1.0,0.6875996793361259,0.004527367194404435,7.904
battery_v3,25,24,2,8,2,edge_optimist,s1,0.58,1.0,0.09807176326371711,0.0012832064176867435,13.21
battery_v3,25,24,2,8,2,edge_optimist,s2,0.68,1.0,0.28965985426661195,0.002722885236294959,13.21
battery_v3,25,24,2,8,2,edge_optimist,s3,0.78,1.0,0.6045327371838494,0.003547765883326734,13.21
battery_v3,25,24,2,8,2,edge_optimist,s4,0.88,1.0,0.9018671597094634,0.002133199066213691,13.21
battery_v3,25,24,2,8,2,over_cautious,s1,0.54,1.0,0.05718412538636361,0.0008387075629368083,13.21
battery_v3,25,24,2,8,2,over_cautious,s2,0.63,1.0,0.1763469300633782,0.0019759137895236046,13.21
battery_v3,25,24,2,8,2,over_cautious,s3,0.74,1.0,0.4690080878320173,0.003414730098893391,13.21
battery_v3,25,24,2,8,2,over_cautious,s4,0.84,1.0,0.7998240356423848,0.0029924823604511367,13.21
battery_v3,25,24,2,8,2,localized_sign_error,s1,0.52,1.0,0.042581601568914954,0.0006595973589346783,13.21
battery_v3,25,24,2,8,2,localized_sign_error,s2,0.6,1.0,0.12541864686177495,0.0015452920942649962,13.21
battery_v3,25,24,2,8,2,localized_sign_error,s3,0.7,1.0,0.34478487428514615,0.0029965316435604356,13.21
battery_v3,25,24,2,8,2,localized_sign_error,s4,0.8,1.0,0.6726381783010503,0.003470392757800473,13.21
battery_v3,25,24,2,8,2,path_aware,s1,0.56,1.0,0.07549894407984804,0.001046833772832676,13.21
battery_v3,25,24,2,8,2,path_aware,s2,0.66,1.0,0.2400215765581453,0.002427927931221557,13.21
battery_v3,25,24,2,8,2,path_aware,s3,0.77,1.0,0.5702285343524371,0.0035481927965489175,13.21
battery_v3,25,24,2,8,2,path_aware,s4,0.87,1.0,0.8794737104244245,0.00237515723788373,13.21
battery_v3,25,24,2,8,3,edge_optimist,s1,0.58,1.0,0.11916729094483429,0.001301283720414452,17.3
battery_v3,25,24,2,8,3,edge_optimist,s2,0.68,1.0,0.3716097099027353,0.002761749150634475,17.3
battery_v3,25,24,2,8,3,edge_optimist,s3,0.78,1.0,0.7319662076897688,0.0028373899017391257,17.3
battery_v3,25,24,2,8,3,edge_optimist,s4,0.88,1.0,0.964832137984068,0.0008748644564322258,17.3
battery_v3,25,24,2,8,3,over_cautious,s1,0.54,1.0,0.06561984711626488,0.0008076970818251103,17.3
battery_v3,25,24,2,8,3,over_cautious,s2,0.63,1.0,0.22356033080144821,0.002053686971150735,17.3
battery_v3,25,24,2,8,3,over_cautious,s3,0.74,1.0,0.5880777306601164,0.0031124416799183973,17.3
battery_v3,25,24,2,8,3,over_cautious,s4,0.84,1.0,0.9006833851264548,0.0017329636495705936,17.3
battery_v3,25,24,2,8,3,localized_sign_error,s1,0.52,1.0,0.04709699020916175,0.0006127273779753018,17.3
battery_v3,25,24,2,8,3,localized_sign_error,s2,0.6,1.0,0.1555904273819375,0.0015913037206394148,17.3
battery_v3,25,24,2,8,3,localized_sign_error,s3,0.7,1.0,0.4408623187992917,0.0029633626969677762,17.3
battery_v3,25,24,2,8,3,localized_sign_error,s4,0.8,1.0,0.796557270963494,0.002541620293676211,17.3
battery_v3,25,24,2,8,3,path_aware,s1,0.56,1.0,0.08939002467992013,0.0010380703627854702,17.3
battery_v3,25,24,2,8,3,path_aware,s2,0.66,1.0,0.30755014011224935,0.002502586090139855,17.3
battery_v3,25,24,2,8,3,path_aware,s3,0.77,1.0,0.6973819672464615,0.0029475338839875537,17.3
battery_v3,25,24,2,8,3,path_aware,s4,0.87,1.0,0.9525617860217385,0.001076288720339695,17.3
battery_v3,25,24,2,8,5,edge_optimist,s1,0.58,1.0,0.15316062378018774,0.001275491755652621,22.794
battery_v3,25,24,2,8,5,edge_optimist,s2,0.68,1.0,0.4847492853066304,0.00239139397473539,22.794
battery_v3,25,24,2,8,5,edge_optimist,s3,0.78,1.0,0.8559752824458181,0.0015653031369718198,22.794
battery_v3,25,24,2,8,5,edge_optimist,s4,0.88,1.0,0.9931259440688854,0.0001580048171551479,22.794
battery_v3,25,24,2,8,5,over_cautious,s1,0.54,1.0,0.08019486638658825,0.0007762339873701218,22.794
battery_v3,25,24,2,8,5,over_cautious,s2,0.63,1.0,0.29493679188127775,0.001955301211931402,22.794
battery_v3,25,24,2,8,5,over_cautious,s3,0.74,1.0,0.725952980391332,0.0021633159220197625,22.794
battery_v3,25,24,2,8,5,over_cautious,s4,0.84,1.0,0.96740819632568,0.0005569118522579113,22.794
battery_v3,25,24,2,8,5,localized_sign_error,s1,0.52,1.0,0.05554090374321709,0.0005750672217189518,22.794
battery_v3,25,24,2,8,5,localized_sign_error,s2,0.6,1.0,0.20303468546627662,0.0015531440731096425,22.794
battery_v3,25,24,2,8,5,localized_sign_error,s3,0.7,1.0,0.5671458682270603,0.0024189793381201494,22.794
battery_v3,25,24,2,8,5,localized_sign_error,s4,0.8,1.0,0.9046748896773358,0.0012076950021094827,22.794
battery_v3,25,24,2,8,5,path_aware,s1,0.56,1.0,0.11241409026621647,0.0010122025925891366,22.794
battery_v3,25,24,2,8,5,path_aware,s2,0.66,1.0,0.4047022605471322,0.0022701321908320336,22.794
battery_v3,25,24,2,8,5,path_aware,s3,0.77,1.0,0.8272831406383134,0.0017361423221485123,22.794
battery_v3,25,24,2,8,5,path_aware,s4,0.87,1.0,0.989228126760069,0.00022985128286522928,22.794
battery_v3,25,24,2,12,1,edge_optimist,s1,0.58,1.0,0.07097814360240856,0.0005648941792651102,11.776
battery_v3,25,24,2,12,1,edge_optimist,s2,0.68,1.0,0.22039080878082282,0.0010456767113496436,11.776
battery_v3,25,24,2,12,1,edge_optimist,s3,0.78,1.0,0.5026626033520469,0.0011681180994064272,11.776
battery_v3,25,24,2,12,1,edge_optimist,s4,0.88,1.0,0.8400124158317426,0.0005613775928628501,11.776
battery_v3,25,24,2,12,1,over_cautious,s1,0.54,1.0,0.041025273360747856,0.000390107787462252,11.776
battery_v3,25,24,2,12,1,over_cautious,s2,0.63,1.0,0.13020825297584573,0.0008129005244871674,11.776
battery_v3,25,24,2,12,1,over_cautious,s3,0.74,1.0,0.3747460329590278,0.0012005294219042614,11.776
battery_v3,25,24,2,12,1,over_cautious,s4,0.84,1.0,0.7115112579117522,0.0008754690735824019,11.776
battery_v3,25,24,2,12,1,localized_sign_error,s1,0.52,1.0,0.03048982270118071,0.00031558844340847584,11.776
battery_v3,25,24,2,12,1,localized_sign_error,s2,0.6,1.0,0.09138938462208043,0.0006620770195108543,11.776
battery_v3,25,24,2,12,1,localized_sign_error,s3,0.7,1.0,0.26623857168748183,0.0011184418540534917,11.776
battery_v3,25,24,2,12,1,localized_sign_error,s4,0.8,1.0,0.5715742477516814,0.001102217130281546,11.776
battery_v3,25,24,2,12,1,path_aware,s1,0.56,1.0,0.054358555342440336,0.000473606396154319,11.776
battery_v3,25,24,2,12,1,path_aware,s2,0.66,1.0,0.18022817203161515,0.0009587369322361711,11.776
battery_v3,25,24,2,12,1,path_aware,s3,0.77,1.0,0.46921321935483745,0.0011884128007805413,11.776
battery_v3,25,24,2,12,1,path_aware,s4,0.87,1.0,0.8100122511758971,0.0006439773861260679,11.776
battery_v3,25,24,2,12,2,edge_optimist,s1,0.58,1.0,0.12441563451028703,0.0013210533517434907,17.924
battery_v3,25,24,2,12,2,edge_optimist,s2,0.68,1.0,0.3875725429786216,0.0027282095055036724,17.924
battery_v3,25,24,2,12,2,edge_optimist,s3,0.78,1.0,0.7516240505759546,0.0026809176516786144,17.924
battery_v3,25,24,2,12,2,edge_optimist,s4,0.88,1.0,0.9709522044941679,0.0007611160361935291,17.924
battery_v3,25,24,2,12,2,over_cautious,s1,0.54,1.0,0.06822227647937426,0.0008262837174135938,17.924
battery_v3,25,24,2,12,2,over_cautious,s2,0.63,1.0,0.23375607579009117,0.002059863317269475,17.924
battery_v3,25,24,2,12,2,over_cautious,s3,0.74,1.0,0.6084984100675492,0.00300223156605807,17.924
battery_v3,25,24,2,12,2,over_cautious,s4,0.84,1.0,0.9130880238788992,0.0015695333120802806,17.924
battery_v3,25,24,2,12,2,localized_sign_error,s1,0.52,1.0,0.04881171435907425,0.0006288136343976855,17.924
battery_v3,25,24,2,12,2,localized_sign_error,s2,0.6,1.0,0.1626207243195635,0.0016082421740071522,17.924
battery_v3,25,24,2,12,2,localized_sign_error,s3,0.7,1.0,0.45884087546299934,0.0029064736856230546,17.924
battery_v3,25,24,2,12,2,localized_sign_error,s4,0.8,1.0,0.8144855427040699,0.002372077395421469,17.924
battery_v3,25,24,2,12,2,path_aware,s1,0.56,1.0,0.09316244552574686,0.0010581229775280766,17.924
battery_v3,25,24,2,12,2,path_aware,s2,0.66,1.0,0.32123823816926245,0.002488351692570175,17.924
battery_v3,25,24,2,12,2,path_aware,s3,0.77,1.0,0.7175722474054375,0.0028006799197647066,17.924
battery_v3,25,24,2,12,2,path_aware,s4,0.87,1.0,0.9601685327478076,0.0009469615989572573,17.924
battery_v3,25,24,2,12,3,edge_optimist,s1,0.58,1.0,0.14367728828439355,0.001288233935265477,22.07
battery_v3,25,24,2,12,3,edge_optimist,s2,0.68,1.0,0.461504382465083,0.0025239504936915395,22.07
battery_v3,25,24,2,12,3,edge_optimist,s3,0.78,1.0,0.8371805034443868,0.00178411827766888,22.07
battery_v3,25,24,2,12,3,edge_optimist,s4,0.88,1.0,0.9907321828791065,0.00022130319631308873,22.07
battery_v3,25,24,2,12,3,over_cautious,s1,0.54,1.0,0.07517440334205999,0.0007740712738483693,22.07
battery_v3,25,24,2,12,3,over_cautious,s2,0.63,1.0,0.27813047676741304,0.002013911029028119,22.07
battery_v3,25,24,2,12,3,over_cautious,s3,0.74,1.0,0.7020121305317242,0.0023751180730202303,22.07
battery_v3,25,24,2,12,3,over_cautious,s4,0.84,1.0,0.9598080376281185,0.0006960511370662895,22.07
battery_v3,25,24,2,12,3,localized_sign_error,s1,0.52,1.0,0.052109059723414834,0.0005704114615150212,22.07
battery_v3,25,24,2,12,3,localized_sign_error,s2,0.6,1.0,0.19075746030555527,0.0015802107611574132,22.07
battery_v3,25,24,2,12,3,localized_sign_error,s3,0.7,1.0,0.5425535581328857,0.0025828498077824164,22.07
battery_v3,25,24,2,12,3,localized_sign_error,s4,0.8,1.0,0.8895666932627778,0.0014104994320014669,22.07
battery_v3,25,24,2,12,3,path_aware,s1,0.56,1.0,0.10537278339440909,0.0010154945836019988,22.07
battery_v3,25,24,2,12,3,path_aware,s2,0.66,1.0,0.38365153356348425,0.002371048220896068,22.07
battery_v3,25,24,2,12,3,path_aware,s3,0.77,1.0,0.806856405301738,0.001958027350044437,22.07
battery_v3,25,24,2,12,3,path_aware,s4,0.87,1.0,0.9858450116022403,0.0003108719589384727,22.07
battery_v3,25,24,2,12,5,edge_optimist,s1,0.58,0.0,,,
battery_v3,25,24,2,12,5,edge_optimist,s2,0.68,0.0,,,
battery_v3,25,24,2,12,5,edge_optimist,s3,0.78,0.0,,,
battery_v3,25,24,2,12,5,edge_optimist,s4,0.88,0.0,,,
battery_v3,25,24,2,12,5,over_cautious,s1,0.54,0.0,,,
battery_v3,25,24,2,12,5,over_cautious,s2,0.63,0.0,,,
battery_v3,25,24,2,12,5,over_cautious,s3,0.74,0.0,,,
battery_v3,25,24,2,12,5,over_cautious,s4,0.84,0.0,,,
battery_v3,25,24,2,12,5,localized_sign_error,s1,0.52,0.0,,,
battery_v3,25,24,2,12,5,localized_sign_error,s2,0.6,0.0,,,
battery_v3,25,24,2,12,5,localized_sign_error,s3,0.7,0.0,,,
battery_v3,25,24,2,12,5,localized_sign_error,s4,0.8,0.0,,,
battery_v3,25,24,2,12,5,path_aware,s1,0.56,0.0,,,
battery_v3,25,24,2,12,5,path_aware,s2,0.66,0.0,,,
battery_v3,25,24,2,12,5,path_aware,s3,0.77,0.0,,,
battery_v3,25,24,2,12,5,path_aware,s4,0.87,0.0,,,
battery_v3,25,24,5,4,1,edge_optimist,s1,0.58,1.0,0.0,0.0,3.968
battery_v3,25,24,5,4,1,edge_optimist,s2,0.68,1.0,0.0,0.0,3.968
battery_v3,25,24,5,4,1,edge_optimist,s3,0.78,1.0,0.0,0.0,3.968
battery_v3,25,24,5,4,1,edge_optimist,s4,0.88,1.0,0.0,0.0,3.968
battery_v3,25,24,5,4,1,over_cautious,s1,0.54,1.0,0.0,0.0,3.968
battery_v3,25,24,5,4,1,over_cautious,s2,0.63,1.0,0.0,0.0,3.968
battery_v3,25,24,5,4,1,over_cautious,s3,0.74,1.0,0.0,0.0,3.968
battery_v3,25,24,5,4,1,over_cautious,s4,0.84,1.0,0.0,0.0,3.968
battery_v3,25,24,5,4,1,localized_sign_error,s1,0.52,1.0,0.0,0.0,3.968
battery_v3,25,24,5,4,1,localized_sign_error,s2,0.6,1.0,0.0,0.0,3.968
battery_v3,25,24,5,4,1,localized_sign_error,s3,0.7,1.0,0.0,0.0,3.968
battery_v3,25,24,5,4,1,localized_sign_error,s4,0.8,1.0,0.0,0.0,3.968
battery_v3,25,24,5,4,1,path_aware,s1,0.56,1.0,0.0,0.0,3.968
battery_v3,25,24,5,4,1,path_aware,s2,0.66,1.0,0.0,0.0,3.968
battery_v3,25,24,5,4,1,path_aware,s3,0.77,1.0,0.0,0.0,3.968
battery_v3,25,24,5,4,1,path_aware,s4,0.87,1.0,0.0,0.0,3.968
battery_v3,25,24,5,4,2,edge_optimist,s1,0.58,1.0,0.051950477511063194,0.0013654934471116476,7.27
battery_v3,25,24,5,4,2,edge_optimist,s2,0.68,1.0,0.13564942436097063,0.003183691580484306,7.27
battery_v3,25,24,5,4,2,edge_optimist,s3,0.78,1.0,0.29739737776672776,0.005743974639101232,7.27
battery_v3,25,24,5,4,2,edge_optimist,s4,0.88,1.0,0.5620440496724751,0.007316653113166843,7.27
battery_v3,25,24,5,4,2,over_cautious,s1,0.54,1.0,0.0333556273486344,0.0009050154308530574,7.27
battery_v3,25,24,5,4,2,over_cautious,s2,0.63,1.0,0.08601274457096637,0.0021515111459882415,7.27
battery_v3,25,24,5,4,2,over_cautious,s3,0.74,1.0,0.22138893817004066,0.0046880761258258,7.27
battery_v3,25,24,5,4,2,over_cautious,s4,0.84,1.0,0.4431482409861513,0.007034118439256742,7.27
battery_v3,25,24,5,4,2,localized_sign_error,s1,0.52,1.0,0.02633545459443949,0.0007243768337374669,7.27
battery_v3,25,24,5,4,2,localized_sign_error,s2,0.6,1.0,0.06395728895999941,0.0016504906757930369,7.27
battery_v3,25,24,5,4,2,localized_sign_error,s3,0.7,1.0,0.16076198026000063,0.0036595811366073993,7.27
battery_v3,25,24,5,4,2,localized_sign_error,s4,0.8,1.0,0.34163654656000086,0.00623927819205926,7.27
battery_v3,25,24,5,4,2,path_aware,s1,0.56,1.0,0.04182432988643996,0.0011177917865565013,7.27
battery_v3,25,24,5,4,2,path_aware,s2,0.66,1.0,0.11367052302282663,0.002742133756983736,7.27
battery_v3,25,24,5,4,2,path_aware,s3,0.77,1.0,0.2768658314088579,0.005484194054719543,7.27
battery_v3,25,24,5,4,2,path_aware,s4,0.87,1.0,0.5307303281929926,0.007314421882560688,7.27
battery_v3,25,24,5,4,3,edge_optimist,s1,0.58,1.0,0.060934006587761554,0.0010928971202116128,9.968
battery_v3,25,24,5,4,3,edge_optimist,s2,0.68,1.0,0.17954805296053916,0.0026356500834001343,9.968
battery_v3,25,24,5,4,3,edge_optimist,s3,0.78,1.0,0.411075721654099,0.004379694012295582,9.968
battery_v3,25,24,5,4,3,edge_optimist,s4,0.88,1.0,0.7371603456846854,0.0041281360997986564,9.968
battery_v3,25,24,5,4,3,over_cautious,s1,0.54,1.0,0.03651450797305471,0.0006995675861731135,9.968
battery_v3,25,24,5,4,3,over_cautious,s2,0.63,1.0,0.10816582697894826,0.0017708036171451883,9.968
battery_v3,25,24,5,4,3,over_cautious,s3,0.74,1.0,0.30378245111529284,0.003762128750145717,9.968
battery_v3,25,24,5,4,3,over_cautious,s4,0.84,1.0,0.6017267592992988,0.004653351647243446,9.968
battery_v3,25,24,5,4,3,localized_sign_error,s1,0.52,1.0,0.02772620401042951,0.0005484860142949602,9.968
battery_v3,25,24,5,4,3,localized_sign_error,s2,0.6,1.0,0.07730712575999997,0.0013389451953883598,9.968
battery_v3,25,24,5,4,3,localized_sign_error,s3,0.7,1.0,0.21604201169320056,0.003013939414804117,9.968
battery_v3,25,24,5,4,3,localized_sign_error,s4,0.8,1.0,0.471352528076798,0.004583269285206337,9.968
battery_v3,25,24,5,4,3,path_aware,s1,0.56,1.0,0.04746341859797413,0.0008802623809665022,9.968
battery_v3,25,24,5,4,3,path_aware,s2,0.66,1.0,0.14773754914131235,0.0022716540551504408,9.968
battery_v3,25,24,5,4,3,path_aware,s3,0.77,1.0,0.38250819844157025,0.004246973312711263,9.968
battery_v3,25,24,5,4,3,path_aware,s4,0.87,1.0,0.7035202550390718,0.0043217475497690115,9.968
battery_v3,25,24,5,4,5,edge_optimist,s1,0.58,1.0,0.09887976903225362,0.0012299264814139026,14.224
battery_v3,25,24,5,4,5,edge_optimist,s2,0.68,1.0,0.3011831614427703,0.0026331781967170883,14.224
battery_v3,25,24,5,4,5,edge_optimist,s3,0.78,1.0,0.6297747395070653,0.0032344262339331145,14.224
battery_v3,25,24,5,4,5,edge_optimist,s4,0.88,1.0,0.9196355899159142,0.0016234780756209039,14.224
battery_v3,25,24,5,4,5,over_cautious,s1,0.54,1.0,0.05647897212015677,0.0007950667640586786,14.224
battery_v3,25,24,5,4,5,over_cautious,s2,0.63,1.0,0.18122784909716674,0.0019122151487725016,14.224
battery_v3,25,24,5,4,5,over_cautious,s3,0.74,1.0,0.4898472140099416,0.003224461628724378,14.224
battery_v3,25,24,5,4,5,over_cautious,s4,0.84,1.0,0.8241307515105849,0.0024930630042084134,14.224
battery_v3,25,24,5,4,5,localized_sign_error,s1,0.52,1.0,0.04155139069685229,0.0006217444085239823,14.224
battery_v3,25,24,5,4,5,localized_sign_error,s2,0.6,1.0,0.127534920288474,0.0014880951659921996,14.224
battery_v3,25,24,5,4,5,localized_sign_error,s3,0.7,1.0,0.359446798590893,0.0028843253642088476,14.224
battery_v3,25,24,5,4,5,localized_sign_error,s4,0.8,1.0,0.6987622051411015,0.0030869426572176484,14.224
battery_v3,25,24,5,4,5,path_aware,s1,0.56,1.0,0.07538513048503516,0.000998006553500184,14.224
battery_v3,25,24,5,4,5,path_aware,s2,0.66,1.0,0.24862326875907437,0.002352529687893104,14.224
battery_v3,25,24,5,4,5,path_aware,s3,0.77,1.0,0.5946531247271417,0.003268851523769039,14.224
battery_v3,25,24,5,4,5,path_aware,s4,0.87,1.0,0.8992383093111224,0.0018537963264221484,14.224
battery_v3,25,24,5,8,1,edge_optimist,s1,0.58,1.0,0.08141190903230976,0.000814733053784773,7.914
battery_v3,25,24,5,8,1,edge_optimist,s2,0.68,1.0,0.20487367205737073,0.0018900898850366112,7.914
battery_v3,25,24,5,8,1,edge_optimist,s3,0.78,1.0,0.42290160952332134,0.0033951189163828168,7.914
battery_v3,25,24,5,8,1,edge_optimist,s4,0.88,1.0,0.7224403722388829,0.004308539132415108,7.914
battery_v3,25,24,5,8,1,over_cautious,s1,0.54,1.0,0.052794892169837446,0.0005411083567594247,7.914
battery_v3,25,24,5,8,1,over_cautious,s2,0.63,1.0,0.13263571947041475,0.0012804294692573296,7.914
battery_v3,25,24,5,8,1,over_cautious,s3,0.74,1.0,0.3236469198159405,0.002775654950585053,7.914
battery_v3,25,24,5,8,1,over_cautious,s4,0.84,1.0,0.5971684325213611,0.004148060440551579,7.914
battery_v3,25,24,5,8,1,localized_sign_error,s1,0.52,1.0,0.04185321023859616,0.0004335455506142905,7.914
battery_v3,25,24,5,8,1,localized_sign_error,s2,0.6,1.0,0.0996348211199995,0.0009837592630806476,7.914
battery_v3,25,24,5,8,1,localized_sign_error,s3,0.7,1.0,0.24042514342000149,0.00217058913857603,7.914
battery_v3,25,24,5,8,1,localized_sign_error,s4,0.8,1.0,0.47806676991999736,0.00368493638918915,7.914
battery_v3,25,24,5,8,1,path_aware,s1,0.56,1.0,0.06589074102361833,0.0006676347851276405,7.914
battery_v3,25,24,5,8,1,path_aware,s2,0.66,1.0,0.17321880877277024,0.001629508223511367,7.914
battery_v3,25,24,5,8,1,path_aware,s3,0.77,1.0,0.39664567194958184,0.003242895864753334,7.914
battery_v3,25,24,5,8,1,path_aware,s4,0.87,1.0,0.6910326979695142,0.004308719392141896,7.914
battery_v3,25,24,5,8,2,edge_optimist,s1,0.58,1.0,0.0990297366618993,0.001287608486873543,13.188
battery_v3,25,24,5,8,2,edge_optimist,s2,0.68,1.0,0.29140341396939134,0.00273813049156899,13.188
battery_v3,25,24,5,8,2,edge_optimist,s3,0.78,1.0,0.6062297185712107,0.003595258952725052,13.188
battery_v3,25,24,5,8,2,edge_optimist,s4,0.88,1.0,0.90229646576184,0.0022165639000279636,13.188
battery_v3,25,24,5,8,2,over_cautious,s1,0.54,1.0,0.05783620352345611,0.000841440905308473,13.188
battery_v3,25,24,5,8,2,over_cautious,s2,0.63,1.0,0.1777282290796066,0.0019840279738820984,13.188
battery_v3,25,24,5,8,2,over_cautious,s3,0.74,1.0,0.47089202484943293,0.0034461213692231073,13.188
battery_v3,25,24,5,8,2,over_cautious,s4,0.84,1.0,0.8008270563960226,0.0030665538397658225,13.188
battery_v3,25,24,5,8,2,localized_sign_error,s1,0.52,1.0,0.04310322828474934,0.0006617451997190291,13.188
battery_v3,25,24,5,8,2,localized_sign_error,s2,0.6,1.0,0.1265448514800846,0.001550895961355757,13.188
battery_v3,25,24,5,8,2,localized_sign_error,s3,0.7,1.0,0.3466224210162848,0.003016091910724927,13.188
battery_v3,25,24,5,8,2,localized_sign_error,s4,0.8,1.0,0.6741510032216552,0.003527011831478444,13.188
battery_v3,25,24,5,8,2,path_aware,s1,0.56,1.0,0.07629741267760898,0.0010503019087637528,13.188
battery_v3,25,24,5,8,2,path_aware,s2,0.66,1.0,0.2416368780462138,0.002439769660702948,13.188
battery_v3,25,24,5,8,2,path_aware,s3,0.77,1.0,0.5719954482478765,0.0035913218040446466,13.188
battery_v3,25,24,5,8,2,path_aware,s4,0.87,1.0,0.880041532992334,0.0024575570398696557,13.188
battery_v3,25,24,5,8,3,edge_optimist,s1,0.58,1.0,0.11617927273893036,0.0013450156621674155,16.632
battery_v3,25,24,5,8,3,edge_optimist,s2,0.68,1.0,0.3591576753784148,0.0030167505886694135,16.632
battery_v3,25,24,5,8,3,edge_optimist,s3,0.78,1.0,0.7128917985787289,0.0033419990511770947,16.632
battery_v3,25,24,5,8,3,edge_optimist,s4,0.88,1.0,0.9568105720393332,0.0011620649157555094,16.632
battery_v3,25,24,5,8,3,over_cautious,s1,0.54,1.0,0.06450913314387681,0.000821169500393882,16.632
battery_v3,25,24,5,8,3,over_cautious,s2,0.63,1.0,0.21655106482070205,0.0021774318132684067,16.632
battery_v3,25,24,5,8,3,over_cautious,s3,0.74,1.0,0.5699498032285931,0.003545707229348204,16.632
battery_v3,25,24,5,8,3,over_cautious,s4,0.84,1.0,0.8865685328371447,0.0021747500322284044,16.632
battery_v3,25,24,5,8,3,localized_sign_error,s1,0.52,1.0,0.04654436930438198,0.0006188674057444057,16.632
battery_v3,25,24,5,8,3,localized_sign_error,s2,0.6,1.0,0.15121970120783687,0.0016606794125202443,16.632
battery_v3,25,24,5,8,3,localized_sign_error,s3,0.7,1.0,0.42620705967531347,0.003279841470473669,16.632
battery_v3,25,24,5,8,3,localized_sign_error,s4,0.8,1.0,0.7782977089367709,0.0030509882108774224,16.632
battery_v3,25,24,5,8,3,path_aware,s1,0.56,1.0,0.08748052476523793,0.0010636021062433185,16.632
battery_v3,25,24,5,8,3,path_aware,s2,0.66,1.0,0.2973601486294787,0.0026998878127454484,16.632
battery_v3,25,24,5,8,3,path_aware,s3,0.77,1.0,0.6782369695677366,0.003441115752375067,16.632
battery_v3,25,24,5,8,3,path_aware,s4,0.87,1.0,0.9429758190429232,0.0014073414961873647,16.632
battery_v3,25,24,5,8,5,edge_optimist,s1,0.58,1.0,0.12812211925072575,0.0012697512799021897,20.616
battery_v3,25,24,5,8,5,edge_optimist,s2,0.68,1.0,0.41945426809885433,0.002653301652746167,20.616
battery_v3,25,24,5,8,5,edge_optimist,s3,0.78,1.0,0.7980643379910268,0.0021835403327723573,20.616
battery_v3,25,24,5,8,5,edge_optimist,s4,0.88,1.0,0.9841760780984238,0.00035727405041329727,20.616
battery_v3,25,24,5,8,5,over_cautious,s1,0.54,1.0,0.0673015198263596,0.0007627176779237685,20.616
battery_v3,25,24,5,8,5,over_cautious,s2,0.63,1.0,0.24921141919492812,0.0020284476733973774,20.616
battery_v3,25,24,5,8,5,over_cautious,s3,0.74,1.0,0.6553461167964403,0.0027035458094484357,20.616
battery_v3,25,24,5,8,5,over_cautious,s4,0.84,1.0,0.9416444567783968,0.0009859093740884307,20.616
battery_v3,25,24,5,8,5,localized_sign_error,s1,0.52,1.0,0.04687840207759863,0.0005656469164777887,20.616
battery_v3,25,24,5,8,5,localized_sign_error,s2,0.6,1.0,0.17022223763431038,0.001566925392109216,20.616
battery_v3,25,24,5,8,5,localized_sign_error,s3,0.7,1.0,0.49705266311305885,0.0027782738533057454,20.616
battery_v3,25,24,5,8,5,localized_sign_error,s4,0.8,1.0,0.8568508187813757,0.0018024323322240693,20.616
battery_v3,25,24,5,8,5,path_aware,s1,0.56,1.0,0.09406413346961354,0.0009987103203031096,20.616
battery_v3,25,24,5,8,5,path_aware,s2,0.66,1.0,0.3463560360598044,0.002444197968011841,20.616
battery_v3,25,24,5,8,5,path_aware,s3,0.77,1.0,0.765099738776104,0.002349471577378969,20.616
battery_v3,25,24,5,8,5,path_aware,s4,0.87,1.0,0.9769310456646291,0.0004841965319023241,20.616
battery_v3,25,24,5,12,1,edge_optimist,s1,0.58,1.0,0.0707965444767766,0.000559427554008915,11.782
battery_v3,25,24,5,12,1,edge_optimist,s2,0.68,1.0,0.2200546502869935,0.0010355574307305594,11.782
battery_v3,25,24,5,12,1,edge_optimist,s3,0.78,1.0,0.5022870830629852,0.0011568139222015356,11.782
battery_v3,25,24,5,12,1,edge_optimist,s4,0.88,1.0,0.8398319471992886,0.0005559449985114703,11.782
battery_v3,25,24,5,12,1,over_cautious,s1,0.54,1.0,0.04089986361905515,0.00038633261476291297,11.782
battery_v3,25,24,5,12,1,over_cautious,s2,0.63,1.0,0.129946926111645,0.0008050338784832905,11.782
battery_v3,25,24,5,12,1,over_cautious,s3,0.74,1.0,0.3743600932532995,0.001188911592053161,11.782
battery_v3,25,24,5,12,1,over_cautious,s4,0.84,1.0,0.711229816848778,0.0008669969357478773,11.782
battery_v3,25,24,5,12,1,localized_sign_error,s1,0.52,1.0,0.030388369035191348,0.00031253441343503203,11.782
battery_v3,25,24,5,12,1,localized_sign_error,s2,0.6,1.0,0.09117654368256033,0.0006556699310874799,11.782
battery_v3,25,24,5,12,1,localized_sign_error,s3,0.7,1.0,0.2658790210491118,0.0011076184065630169,11.782
battery_v3,25,24,5,12,1,localized_sign_error,s4,0.8,1.0,0.571219912949761,0.001091550693587084,11.782
battery_v3,25,24,5,12,1,path_aware,s1,0.56,1.0,0.05420630291961097,0.00046902318609172124,11.782
battery_v3,25,24,5,12,1,path_aware,s2,0.66,1.0,0.17991996246777847,0.0009494589900654445,11.782
battery_v3,25,24,5,12,1,path_aware,s3,0.77,1.0,0.4688311748349376,0.0011769122265668378,11.782
battery_v3,25,24,5,12,1,path_aware,s4,0.87,1.0,0.8098052288086297,0.0006377454524779068,11.782
battery_v3,25,24,5,12,2,edge_optimist,s1,0.58,1.0,0.1265854333388949,0.0013554606617352828,17.68
battery_v3,25,24,5,12,2,edge_optimist,s2,0.68,1.0,0.38926286045987113,0.002797166943727328,17.68
battery_v3,25,24,5,12,2,edge_optimist,s3,0.78,1.0,0.7507705528216936,0.002767846147322851,17.68
battery_v3,25,24,5,12,2,edge_optimist,s4,0.88,1.0,0.9701155278876954,0.0008082011875381897,17.68
battery_v3,25,24,5,12,2,over_cautious,s1,0.54,1.0,0.06992300671735847,0.0008482441791685981,17.68
battery_v3,25,24,5,12,2,over_cautious,s2,0.63,1.0,0.23607360193570504,0.0021119710212666788,17.68
battery_v3,25,24,5,12,2,over_cautious,s3,0.74,1.0,0.6086247681513633,0.003085968164560158,17.68
battery_v3,25,24,5,12,2,over_cautious,s4,0.84,1.0,0.9118142341540245,0.0016417066139914184,17.68
battery_v3,25,24,5,12,2,localized_sign_error,s1,0.52,1.0,0.050236097785269586,0.0006456168071416675,17.68
battery_v3,25,24,5,12,2,localized_sign_error,s2,0.6,1.0,0.164928125342686,0.0016496090337676922,17.68
battery_v3,25,24,5,12,2,localized_sign_error,s3,0.7,1.0,0.46006993784416783,0.0029812458389293322,17.68
battery_v3,25,24,5,12,2,localized_sign_error,s4,0.8,1.0,0.8133239809732088,0.0024571946444263575,17.68
battery_v3,25,24,5,12,2,path_aware,s1,0.56,1.0,0.095120532647515,0.0010859972659515655,17.68
battery_v3,25,24,5,12,2,path_aware,s2,0.66,1.0,0.3232779890932722,0.002550877847948315,17.68
battery_v3,25,24,5,12,2,path_aware,s3,0.77,1.0,0.7169270360030553,0.0028875548196364035,17.68
battery_v3,25,24,5,12,2,path_aware,s4,0.87,1.0,0.9591919939214604,0.001001151760423472,17.68
battery_v3,25,24,5,12,3,edge_optimist,s1,0.58,1.0,0.12722275293241275,0.0012393088639177045,20.748
battery_v3,25,24,5,12,3,edge_optimist,s2,0.68,1.0,0.4190635413652,0.0025835604412192546,20.748
battery_v3,25,24,5,12,3,edge_optimist,s3,0.78,1.0,0.7990078852916013,0.0021242986251305343,20.748
battery_v3,25,24,5,12,3,edge_optimist,s4,0.88,1.0,0.9845688671996717,0.00034603574892551597,20.748
battery_v3,25,24,5,12,3,over_cautious,s1,0.54,1.0,0.06658603236922517,0.0007442929337501467,20.748
battery_v3,25,24,5,12,3,over_cautious,s2,0.63,1.0,0.24834620533180063,0.0019776819428253,20.748
battery_v3,25,24,5,12,3,over_cautious,s3,0.74,1.0,0.655870881780187,0.0026303172286826645,20.748
battery_v3,25,24,5,12,3,over_cautious,s4,0.84,1.0,0.9424498292225649,0.0009585477379534026,20.748
battery_v3,25,24,5,12,3,localized_sign_error,s1,0.52,1.0,0.046281987613865115,0.0005515592018714757,20.748
battery_v3,25,24,5,12,3,localized_sign_error,s2,0.6,1.0,0.16928995578698902,0.0015288491837632558,20.748
battery_v3,25,24,5,12,3,localized_sign_error,s3,0.7,1.0,0.4969559383572306,0.002704195460988906,20.748
battery_v3,25,24,5,12,3,localized_sign_error,s4,0.8,1.0,0.85785302961228,0.0017535268400206139,20.748
battery_v3,25,24,5,12,3,path_aware,s1,0.56,1.0,0.0932425332677241,0.0009748517122288018,20.748
battery_v3,25,24,5,12,3,path_aware,s2,0.66,1.0,0.3457228564092488,0.00238109776310228,20.748
battery_v3,25,24,5,12,3,path_aware,s3,0.77,1.0,0.7659725764435659,0.002285708089081582,20.748
battery_v3,25,24,5,12,3,path_aware,s4,0.87,1.0,0.9774280729426492,0.00046968355426098805,20.748
battery_v3,25,24,5,12,5,edge_optimist,s1,0.58,1.0,0.15212747987458625,0.0010901286477284187,23.15
battery_v3,25,24,5,12,5,edge_optimist,s2,0.68,1.0,0.486847663979931,0.0019926393669873537,23.15
battery_v3,25,24,5,12,5,edge_optimist,s3,0.78,1.0,0.8599440552095985,0.0013113283243458488,23.15
battery_v3,25,24,5,12,5,edge_optimist,s4,0.88,1.0,0.9937592438352432,0.00014073702901815587,23.15
battery_v3,25,24,5,12,5,over_cautious,s1,0.54,1.0,0.0790541802255959,0.0006741809030500278,23.15
battery_v3,25,24,5,12,5,over_cautious,s2,0.63,1.0,0.29499638267835854,0.001644991450188116,23.15
battery_v3,25,24,5,12,5,over_cautious,s3,0.74,1.0,0.7300275896551701,0.0018002086455254744,23.15
battery_v3,25,24,5,12,5,over_cautious,s4,0.84,1.0,0.9693341777441348,0.00047876245567354207,23.15
battery_v3,25,24,5,12,5,localized_sign_error,s1,0.52,1.0,0.054509808516030676,0.0005039475128085077,23.15
battery_v3,25,24,5,12,5,localized_sign_error,s2,0.6,1.0,0.2022963368667118,0.0013182288588180168,23.15
battery_v3,25,24,5,12,5,localized_sign_error,s3,0.7,1.0,0.5700852901853977,0.0020120158824466095,23.15
battery_v3,25,24,5,12,5,localized_sign_error,s4,0.8,1.0,0.9081194378043158,0.0010179807200124849,23.15
battery_v3,25,24,5,12,5,path_aware,s1,0.56,1.0,0.11125854706726232,0.0008717980055349823,23.15
battery_v3,25,24,5,12,5,path_aware,s2,0.66,1.0,0.4059252130378905,0.0018973007555051263,23.15
battery_v3,25,24,5,12,5,path_aware,s3,0.77,1.0,0.8314056615274877,0.0014510643063865576,23.15
battery_v3,25,24,5,12,5,path_aware,s4,0.87,1.0,0.9901194878009921,0.0002024810975778553,23.15
battery_v3,25,24,10,4,1,edge_optimist,s1,0.58,1.0,0.0,0.0,3.986
battery_v3,25,24,10,4,1,edge_optimist,s2,0.68,1.0,0.0,0.0,3.986
battery_v3,25,24,10,4,1,edge_optimist,s3,0.78,1.0,0.0,0.0,3.986
battery_v3,25,24,10,4,1,edge_optimist,s4,0.88,1.0,0.0,0.0,3.986
battery_v3,25,24,10,4,1,over_cautious,s1,0.54,1.0,0.0,0.0,3.986
battery_v3,25,24,10,4,1,over_cautious,s2,0.63,1.0,0.0,0.0,3.986
battery_v3,25,24,10,4,1,over_cautious,s3,0.74,1.0,0.0,0.0,3.986
battery_v3,25,24,10,4,1,over_cautious,s4,0.84,1.0,0.0,0.0,3.986
battery_v3,25,24,10,4,1,localized_sign_error,s1,0.52,1.0,0.0,0.0,3.986
battery_v3,25,24,10,4,1,localized_sign_error,s2,0.6,1.0,0.0,0.0,3.986
battery_v3,25,24,10,4,1,localized_sign_error,s3,0.7,1.0,0.0,0.0,3.986
battery_v3,25,24,10,4,1,localized_sign_error,s4,0.8,1.0,0.0,0.0,3.986
battery_v3,25,24,10,4,1,path_aware,s1,0.56,1.0,0.0,0.0,3.986
battery_v3,25,24,10,4,1,path_aware,s2,0.66,1.0,0.0,0.0,3.986
battery_v3,25,24,10,4,1,path_aware,s3,0.77,1.0,0.0,0.0,3.986
battery_v3,25,24,10,4,1,path_aware,s4,0.87,1.0,0.0,0.0,3.986
battery_v3,25,24,10,4,2,edge_optimist,s1,0.58,1.0,0.051943861434841726,0.0013797289085003936,7.282
battery_v3,25,24,10,4,2,edge_optimist,s2,0.68,1.0,0.1355079857034755,0.0032065988067906843,7.282
battery_v3,25,24,10,4,2,edge_optimist,s3,0.78,1.0,0.29702643360392705,0.005776452648945963,7.282
battery_v3,25,24,10,4,2,edge_optimist,s4,0.88,1.0,0.561496897221137,0.007351856434758017,7.282
battery_v3,25,24,10,4,2,over_cautious,s1,0.54,1.0,0.03337421434880591,0.0009165252736832132,7.282
battery_v3,25,24,10,4,2,over_cautious,s2,0.63,1.0,0.08595252352153712,0.0021697756163067336,7.282
battery_v3,25,24,10,4,2,over_cautious,s3,0.74,1.0,0.22111662167714333,0.004716919407726584,7.282
battery_v3,25,24,10,4,2,over_cautious,s4,0.84,1.0,0.4426450483770559,0.007069964671560152,7.282
battery_v3,25,24,10,4,2,localized_sign_error,s1,0.52,1.0,0.026361734297131338,0.0007346845696604764,7.282
battery_v3,25,24,10,4,2,localized_sign_error,s2,0.6,1.0,0.06393240575999945,0.0016662555344782574,7.282
battery_v3,25,24,10,4,2,localized_sign_error,s3,0.7,1.0,0.16058046466000067,0.003684460517243455,7.282
battery_v3,25,24,10,4,2,localized_sign_error,s4,0.8,1.0,0.3412171161600007,0.006273262941172742,7.282
battery_v3,25,24,10,4,2,path_aware,s1,0.56,1.0,0.04183208418984601,0.0011306095111935398,7.282
battery_v3,25,24,10,4,2,path_aware,s2,0.66,1.0,0.11356492634001829,0.0027631230127076224,7.282
battery_v3,25,24,10,4,2,path_aware,s3,0.77,1.0,0.2765196878508606,0.005515824333518572,7.282
battery_v3,25,24,10,4,2,path_aware,s4,0.87,1.0,0.5301886443363759,0.00735009703814345,7.282
battery_v3,25,24,10,4,3,edge_optimist,s1,0.58,1.0,0.06268341537212715,0.0011264380197316512,10.114
battery_v3,25,24,10,4,3,edge_optimist,s2,0.68,1.0,0.18461792697488472,0.002718060003581914,10.114
battery_v3,25,24,10,4,3,edge_optimist,s3,0.78,1.0,0.42055895858021,0.004504621575881287,10.114
battery_v3,25,24,10,4,3,edge_optimist,s4,0.88,1.0,0.7468085602452565,0.004186712295852781,10.114
battery_v3,25,24,10,4,3,over_cautious,s1,0.54,1.0,0.03752263596115246,0.0007203168878013428,10.114
battery_v3,25,24,10,4,3,over_cautious,s2,0.63,1.0,0.11130780145071516,0.0018262506259749465,10.114
battery_v3,25,24,10,4,3,over_cautious,s3,0.74,1.0,0.3115946781270015,0.003875727472583415,10.114
battery_v3,25,24,10,4,3,over_cautious,s4,0.84,1.0,0.6123339887755919,0.004760035084524532,10.114
battery_v3,25,24,10,4,3,localized_sign_error,s1,0.52,1.0,0.028468602525372633,0.0005643586433010908,10.114
battery_v3,25,24,10,4,3,localized_sign_error,s2,0.6,1.0,0.07954768871424002,0.0013804807690910791,10.114
battery_v3,25,24,10,4,3,localized_sign_error,s3,0.7,1.0,0.2220019347361908,0.0031075282901436847,10.114
battery_v3,25,24,10,4,3,localized_sign_error,s4,0.8,1.0,0.48146314952703756,0.004707994080021354,10.114
battery_v3,25,24,10,4,3,path_aware,s1,0.56,1.0,0.04880438568144354,0.000906881300652603,10.114
battery_v3,25,24,10,4,3,path_aware,s2,0.66,1.0,0.15197760047700282,0.002342906089558953,10.114
battery_v3,25,24,10,4,3,path_aware,s3,0.77,1.0,0.39161374857918174,0.0043703198778115016,10.114
battery_v3,25,24,10,4,3,path_aware,s4,0.87,1.0,0.7135683413920682,0.004395414902408124,10.114
battery_v3,25,24,10,4,5,edge_optimist,s1,0.58,1.0,0.09974576931344466,0.0012060000998862657,14.328
battery_v3,25,24,10,4,5,edge_optimist,s2,0.68,1.0,0.30409206459802657,0.002563665999005943,14.328
battery_v3,25,24,10,4,5,edge_optimist,s3,0.78,1.0,0.6345475686695538,0.003117193127959201,14.328
battery_v3,25,24,10,4,5,edge_optimist,s4,0.88,1.0,0.9225208959596066,0.0015326278225983013,14.328
battery_v3,25,24,10,4,5,over_cautious,s1,0.54,1.0,0.056904133037122204,0.0007815996349320031,14.328
battery_v3,25,24,10,4,5,over_cautious,s2,0.63,1.0,0.18296535700061167,0.0018685973785119894,14.328
battery_v3,25,24,10,4,5,over_cautious,s3,0.74,1.0,0.49413733637539736,0.0031226321057404673,14.328
battery_v3,25,24,10,4,5,over_cautious,s4,0.84,1.0,0.8283111610843689,0.0023769588628175767,14.328
battery_v3,25,24,10,4,5,localized_sign_error,s1,0.52,1.0,0.04183032402926986,0.0006119299758616782,14.328
battery_v3,25,24,10,4,5,localized_sign_error,s2,0.6,1.0,0.1287059747908376,0.0014571798112560915,14.328
battery_v3,25,24,10,4,5,localized_sign_error,s3,0.7,1.0,0.3628532388843454,0.0028036517499683343,14.328
battery_v3,25,24,10,4,5,localized_sign_error,s4,0.8,1.0,0.7035342260682605,0.002966030449958477,14.328
battery_v3,25,24,10,4,5,path_aware,s1,0.56,1.0,0.07600388092067875,0.0009798738409095556,14.328
battery_v3,25,24,10,4,5,path_aware,s2,0.66,1.0,0.25103988730757837,0.002293903081146945,14.328
battery_v3,25,24,10,4,5,path_aware,s3,0.77,1.0,0.5993597320284731,0.0031546148693444675,14.328
battery_v3,25,24,10,4,5,path_aware,s4,0.87,1.0,0.9024955260987341,0.0017546189990916845,14.328
battery_v3,25,24,10,8,1,edge_optimist,s1,0.58,1.0,0.08193122690851797,0.000779301970570744,7.922
battery_v3,25,24,10,8,1,edge_optimist,s2,0.68,1.0,0.2060784316536338,0.0018078937206762414,7.922
battery_v3,25,24,10,8,1,edge_optimist,s3,0.78,1.0,0.4250656876062465,0.0032474721009147587,7.922
battery_v3,25,24,10,8,1,edge_optimist,s4,0.88,1.0,0.725186672246489,0.004121169529792064,7.922
battery_v3,25,24,10,8,1,over_cautious,s1,0.54,1.0,0.05313979930392933,0.0005175766550233932,7.922
battery_v3,25,24,10,8,1,over_cautious,s2,0.63,1.0,0.13345187625885013,0.0012247461962340844,7.922
battery_v3,25,24,10,8,1,over_cautious,s3,0.74,1.0,0.32541614622369286,0.0026549473629024762,7.922
battery_v3,25,24,10,8,1,over_cautious,s4,0.84,1.0,0.5998124420265152,0.003967669729798814,7.922
battery_v3,25,24,10,8,1,localized_sign_error,s1,0.52,1.0,0.04212955591223568,0.00041469153651785864,7.922
battery_v3,25,24,10,8,1,localized_sign_error,s2,0.6,1.0,0.10026187775999948,0.0009409775738502186,7.922
battery_v3,25,24,10,8,1,localized_sign_error,s3,0.7,1.0,0.24180869566000154,0.002076194632258783,7.922
battery_v3,25,24,10,8,1,localized_sign_error,s4,0.8,1.0,0.4804155801599973,0.0035246860013630242,7.922
battery_v3,25,24,10,8,1,path_aware,s1,0.56,1.0,0.066316297194544,0.000638600706396517,7.922
battery_v3,25,24,10,8,1,path_aware,s2,0.66,1.0,0.17425747137025124,0.0015586442255466587,7.922
battery_v3,25,24,10,8,1,path_aware,s3,0.77,1.0,0.3987127217463526,0.00310186892015503,7.922
battery_v3,25,24,10,8,1,path_aware,s4,0.87,1.0,0.6937791128762247,0.004121341950390027,7.922
battery_v3,25,24,10,8,2,edge_optimist,s1,0.58,1.0,0.1014652004206913,0.0012276066607228556,13.152
battery_v3,25,24,10,8,2,edge_optimist,s2,0.68,1.0,0.2963477280261629,0.002567006956944186,13.152
battery_v3,25,24,10,8,2,edge_optimist,s3,0.78,1.0,0.6123889504588526,0.003271877541424611,13.152
battery_v3,25,24,10,8,2,edge_optimist,s4,0.88,1.0,0.906139271094878,0.0018546966601227291,13.152
battery_v3,25,24,10,8,2,over_cautious,s1,0.54,1.0,0.05944713388509298,0.0008064882516676567,13.152
battery_v3,25,24,10,8,2,over_cautious,s2,0.63,1.0,0.18140407803788483,0.0018773070519394477,13.152
battery_v3,25,24,10,8,2,over_cautious,s3,0.74,1.0,0.476910463027638,0.003182318547185894,13.152
battery_v3,25,24,10,8,2,over_cautious,s4,0.84,1.0,0.806029075652613,0.002689707381730831,13.152
battery_v3,25,24,10,8,2,localized_sign_error,s1,0.52,1.0,0.044375811413911184,0.0006358233900858272,13.152
battery_v3,25,24,10,8,2,localized_sign_error,s2,0.6,1.0,0.1294561749872151,0.001474377541191733,13.152
battery_v3,25,24,10,8,2,localized_sign_error,s3,0.7,1.0,0.3520083512065489,0.0028151584999857597,13.152
battery_v3,25,24,10,8,2,localized_sign_error,s4,0.8,1.0,0.6801521033263187,0.003178971057010956,13.152
battery_v3,25,24,10,8,2,path_aware,s1,0.56,1.0,0.07829711556010552,0.001004080308176045,13.152
battery_v3,25,24,10,8,2,path_aware,s2,0.66,1.0,0.24609002922912804,0.002296363945301682,13.152
battery_v3,25,24,10,8,2,path_aware,s3,0.77,1.0,0.5781742547531312,0.003281891349556149,13.152
battery_v3,25,24,10,8,2,path_aware,s4,0.87,1.0,0.8842654947376184,0.002086693901604717,13.152
battery_v3,25,24,10,8,3,edge_optimist,s1,0.58,1.0,0.11412654354363763,0.0013563522258910562,16.548
battery_v3,25,24,10,8,3,edge_optimist,s2,0.68,1.0,0.35421722122182003,0.003069898237390962,16.548
battery_v3,25,24,10,8,3,edge_optimist,s3,0.78,1.0,0.7071225239281415,0.003445817205013199,16.548
battery_v3,25,24,10,8,3,edge_optimist,s4,0.88,1.0,0.9547194894397448,0.0012176175053193565,16.548
battery_v3,25,24,10,8,3,over_cautious,s1,0.54,1.0,0.06330229886023056,0.00082569353582448,16.548
battery_v3,25,24,10,8,3,over_cautious,s2,0.63,1.0,0.21309715286460537,0.002204841142692561,16.548
battery_v3,25,24,10,8,3,over_cautious,s3,0.74,1.0,0.5639494609544765,0.003634768240158659,16.548
battery_v3,25,24,10,8,3,over_cautious,s4,0.84,1.0,0.8827100153244455,0.002264127296019118,16.548
battery_v3,25,24,10,8,3,localized_sign_error,s1,0.52,1.0,0.04565448882208333,0.0006214150571976861,16.548
battery_v3,25,24,10,8,3,localized_sign_error,s2,0.6,1.0,0.1486432544562481,0.001677297915654233,16.548
battery_v3,25,24,10,8,3,localized_sign_error,s3,0.7,1.0,0.4207738879614984,0.003345205298461936,16.548
battery_v3,25,24,10,8,3,localized_sign_error,s4,0.8,1.0,0.7729804288794233,0.0031556207807994898,16.548
battery_v3,25,24,10,8,3,path_aware,s1,0.56,1.0,0.0858861955914923,0.001070980924790369,16.548
battery_v3,25,24,10,8,3,path_aware,s2,0.66,1.0,0.2929919258889407,0.0027416925483372857,16.548
battery_v3,25,24,10,8,3,path_aware,s3,0.77,1.0,0.6723254226444715,0.0035426636746000344,16.548
battery_v3,25,24,10,8,3,path_aware,s4,0.87,1.0,0.9404506520271031,0.0014723585773189901,16.548
battery_v3,25,24,10,8,5,edge_optimist,s1,0.58,1.0,0.12489177324020943,0.0012405549245563666,20.54
battery_v3,25,24,10,8,5,edge_optimist,s2,0.68,1.0,0.4126562177332241,0.0026228240273341533,20.54
battery_v3,25,24,10,8,5,edge_optimist,s3,0.78,1.0,0.7924449714968036,0.002223238479134532,20.54
battery_v3,25,24,10,8,5,edge_optimist,s4,0.88,1.0,0.983171423043707,0.0004048969664299956,20.54
battery_v3,25,24,10,8,5,over_cautious,s1,0.54,1.0,0.06538844517738653,0.0007437171399363108,20.54
battery_v3,25,24,10,8,5,over_cautious,s2,0.63,1.0,0.2440160376610553,0.0019905815898944024,20.54
battery_v3,25,24,10,8,5,over_cautious,s3,0.74,1.0,0.6484212290073741,0.002711079394014158,20.54
battery_v3,25,24,10,8,5,over_cautious,s4,0.84,1.0,0.9390291870421257,0.001047407620196457,20.54
battery_v3,25,24,10,8,5,localized_sign_error,s1,0.52,1.0,0.04547568057875171,0.000551238312018439,20.54
battery_v3,25,24,10,8,5,localized_sign_error,s2,0.6,1.0,0.16622055377326894,0.0015331542120210822,20.54
battery_v3,25,24,10,8,5,localized_sign_error,s3,0.7,1.0,0.48993751488965726,0.0027572582797589485,20.54
battery_v3,25,24,10,8,5,localized_sign_error,s4,0.8,1.0,0.8521853267466781,0.0018546488564501872,20.54
battery_v3,25,24,10,8,5,path_aware,s1,0.56,1.0,0.09153814794236545,0.0009746417719339491,20.54
battery_v3,25,24,10,8,5,path_aware,s2,0.66,1.0,0.34009197051061396,0.0024081125382287524,20.54
battery_v3,25,24,10,8,5,path_aware,s3,0.77,1.0,0.7590646573827448,0.0023816274493664007,20.54
battery_v3,25,24,10,8,5,path_aware,s4,0.87,1.0,0.9755958056341568,0.0005370717533963397,20.54
battery_v3,25,24,10,12,1,edge_optimist,s1,0.58,1.0,0.07049387926739005,0.0005499288300846268,11.792
battery_v3,25,24,10,12,1,edge_optimist,s2,0.68,1.0,0.21949438613061087,0.001017974324443131,11.792
battery_v3,25,24,10,12,1,edge_optimist,s3,0.78,1.0,0.5016612159145487,0.0011371719578398866,11.792
battery_v3,25,24,10,12,1,edge_optimist,s4,0.88,1.0,0.8395311661451984,0.0005465054061637085,11.792
battery_v3,25,24,10,12,1,over_cautious,s1,0.54,1.0,0.04069084738290064,0.00037977293277319805,11.792
battery_v3,25,24,10,12,1,over_cautious,s2,0.63,1.0,0.12951138133797713,0.0007913649154395193,11.792
battery_v3,25,24,10,12,1,over_cautious,s3,0.74,1.0,0.3737168604104191,0.0011687246296799713,11.792
battery_v3,25,24,10,12,1,over_cautious,s4,0.84,1.0,0.7107607484104875,0.0008522758794165283,11.792
battery_v3,25,24,10,12,1,localized_sign_error,s1,0.52,1.0,0.03021927959187568,0.0003072277779488385,11.792
battery_v3,25,24,10,12,1,localized_sign_error,s2,0.6,1.0,0.0908218087833604,0.0006445370728358152,11.792
battery_v3,25,24,10,12,1,localized_sign_error,s3,0.7,1.0,0.26527976998516184,0.0010888117507556537,11.792
battery_v3,25,24,10,12,1,localized_sign_error,s4,0.8,1.0,0.5706293549465612,0.001073016857322763,11.792
battery_v3,25,24,10,12,1,path_aware,s1,0.56,1.0,0.05395254888156207,0.00046105947081375565,11.792
battery_v3,25,24,10,12,1,path_aware,s2,0.66,1.0,0.17940627986138435,0.0009333377805193006,11.792
battery_v3,25,24,10,12,1,path_aware,s3,0.77,1.0,0.4681944339684379,0.0011569290057848623,11.792
battery_v3,25,24,10,12,1,path_aware,s4,0.87,1.0,0.8094601915298502,0.0006269169404683561,11.792
battery_v3,25,24,10,12,2,edge_optimist,s1,0.58,1.0,0.12450938462790796,0.0012750092676156676,17.69
battery_v3,25,24,10,12,2,edge_optimist,s2,0.68,1.0,0.38577492899801485,0.0026456813747042255,17.69
battery_v3,25,24,10,12,2,edge_optimist,s3,0.78,1.0,0.7483164689175322,0.0026404626046688372,17.69
battery_v3,25,24,10,12,2,edge_optimist,s4,0.88,1.0,0.9697632123166371,0.000772735222067372,17.69
battery_v3,25,24,10,12,2,over_cautious,s1,0.54,1.0,0.06854891968788182,0.000798008174493021,17.69
battery_v3,25,24,10,12,2,over_cautious,s2,0.63,1.0,0.23311751150016674,0.0019904299056922054,17.69
battery_v3,25,24,10,12,2,over_cautious,s3,0.74,1.0,0.605417235407221,0.002934317511758203,17.69
battery_v3,25,24,10,12,2,over_cautious,s4,0.84,1.0,0.9107774887213399,0.0015706892195439335,17.69
battery_v3,25,24,10,12,2,localized_sign_error,s1,0.52,1.0,0.04916593375409794,0.0006078193606688441,17.69
battery_v3,25,24,10,12,2,localized_sign_error,s2,0.6,1.0,0.16248416675167407,0.0015525023822369826,17.69
battery_v3,25,24,10,12,2,localized_sign_error,s3,0.7,1.0,0.45655026230010276,0.002824638385779476,17.69
battery_v3,25,24,10,12,2,localized_sign_error,s4,0.8,1.0,0.8113446974914138,0.002347222265438819,17.69
battery_v3,25,24,10,12,2,path_aware,s1,0.56,1.0,0.09340700990888633,0.0010213983430935694,17.69
battery_v3,25,24,10,12,2,path_aware,s2,0.66,1.0,0.31993541705714595,0.0024089057936627547,17.69
battery_v3,25,24,10,12,2,path_aware,s3,0.77,1.0,0.7142532601492294,0.002752576514455409,17.69
battery_v3,25,24,10,12,2,path_aware,s4,0.87,1.0,0.9587040250609831,0.0009576284512587175,17.69
battery_v3,25,24,10,12,3,edge_optimist,s1,0.58,1.0,0.13007452458401167,0.0012309023355485222,20.812
battery_v3,25,24,10,12,3,edge_optimist,s2,0.68,1.0,0.42518137903105846,0.002578732393485252,20.812
battery_v3,25,24,10,12,3,edge_optimist,s3,0.78,1.0,0.8038511046370249,0.0021106596405590125,20.812
battery_v3,25,24,10,12,3,edge_optimist,s4,0.88,1.0,0.9852630630363799,0.0003393531049689036,20.812
battery_v3,25,24,10,12,3,over_cautious,s1,0.54,1.0,0.06824545241611335,0.0007362582932268293,20.812
battery_v3,25,24,10,12,3,over_cautious,s2,0.63,1.0,0.2530013663218739,0.0019712480038571083,20.812
battery_v3,25,24,10,12,3,over_cautious,s3,0.74,1.0,0.6620112881999878,0.00262133072168653,20.812
battery_v3,25,24,10,12,3,over_cautious,s4,0.84,1.0,0.9445039359426078,0.0009455931208815604,20.812
battery_v3,25,24,10,12,3,localized_sign_error,s1,0.52,1.0,0.04748622537198334,0.0005443577036932547,20.812
battery_v3,25,24,10,12,3,localized_sign_error,s2,0.6,1.0,0.17284750806411622,0.0015209878855729525,20.812
battery_v3,25,24,10,12,3,localized_sign_error,s3,0.7,1.0,0.5033459794621244,0.00269882495484778,20.812
battery_v3,25,24,10,12,3,localized_sign_error,s4,0.8,1.0,0.8617846346350412,0.001738665292379975,20.812
battery_v3,25,24,10,12,3,path_aware,s1,0.56,1.0,0.09545417844613606,0.000966386008095142,20.812
battery_v3,25,24,10,12,3,path_aware,s2,0.66,1.0,0.35135864305938597,0.002375997520112289,20.812
battery_v3,25,24,10,12,3,path_aware,s3,0.77,1.0,0.7712208195070774,0.0022730750889792227,20.812
battery_v3,25,24,10,12,3,path_aware,s4,0.87,1.0,0.9783883436492519,0.00046130384310448985,20.812
battery_v3,25,24,10,12,5,edge_optimist,s1,0.58,1.0,0.15299194562713825,0.0011152636113566467,23.112
battery_v3,25,24,10,12,5,edge_optimist,s2,0.68,1.0,0.48792261126304903,0.002035689634613242,23.112
battery_v3,25,24,10,12,5,edge_optimist,s3,0.78,1.0,0.8602955955233824,0.001327553963557517,23.112
battery_v3,25,24,10,12,5,edge_optimist,s4,0.88,1.0,0.9937676859393161,0.00013856456470178735,23.112
battery_v3,25,24,10,12,5,over_cautious,s1,0.54,1.0,0.07964779905384549,0.000689157673874818,23.112
battery_v3,25,24,10,12,5,over_cautious,s2,0.63,1.0,0.29610079493934155,0.0016829391344651778,23.112
battery_v3,25,24,10,12,5,over_cautious,s3,0.74,1.0,0.7307029201696572,0.0018313654150916969,23.112
battery_v3,25,24,10,12,5,over_cautious,s4,0.84,1.0,0.9693945661132796,0.0004786890590390771,23.112
battery_v3,25,24,10,12,5,localized_sign_error,s1,0.52,1.0,0.054973742872973574,0.0005148177725942667,23.112
battery_v3,25,24,10,12,5,localized_sign_error,s2,0.6,1.0,0.20327952769033086,0.0013488327483581804,23.112
battery_v3,25,24,10,12,5,localized_sign_error,s3,0.7,1.0,0.5710609568252215,0.0020532986449913857,23.112
battery_v3,25,24,10,12,5,localized_sign_error,s4,0.8,1.0,0.9083406396300315,0.0010271945469702243,23.112
battery_v3,25,24,10,12,5,path_aware,s1,0.56,1.0,0.11198905326102908,0.0008916022477965035,23.112
battery_v3,25,24,10,12,5,path_aware,s2,0.66,1.0,0.40705063529140156,0.0019397836116797737,23.112
battery_v3,25,24,10,12,5,path_aware,s3,0.77,1.0,0.8318327210267906,0.0014710886222122819,23.112
battery_v3,25,24,10,12,5,path_aware,s4,0.87,1.0,0.9901342845290563,0.0002003065420404078,23.112
motor,120,1,10,6,1,edge_optimist,s1,0.58,1.0,0.0,0.0,1.0
motor,120,1,10,6,1,edge_optimist,s2,0.68,1.0,0.0,0.0,1.0
motor,120,1,10,6,1,edge_optimist,s3,0.78,1.0,0.0,0.0,1.0
motor,120,1,10,6,1,edge_optimist,s4,0.88,1.0,0.0,0.0,1.0
motor,120,1,10,6,1,over_cautious,s1,0.54,1.0,0.0,0.0,1.0
motor,120,1,10,6,1,over_cautious,s2,0.63,1.0,0.0,0.0,1.0
motor,120,1,10,6,1,over_cautious,s3,0.74,1.0,0.0,0.0,1.0
motor,120,1,10,6,1,over_cautious,s4,0.84,1.0,0.0,0.0,1.0
motor,120,1,10,6,1,localized_sign_error,s1,0.52,1.0,0.0,0.0,1.0
motor,120,1,10,6,1,localized_sign_error,s2,0.6,1.0,0.0,0.0,1.0
motor,120,1,10,6,1,localized_sign_error,s3,0.7,1.0,0.0,0.0,1.0
motor,120,1,10,6,1,localized_sign_error,s4,0.8,1.0,0.0,0.0,1.0
motor,120,1,10,6,1,path_aware,s1,0.56,1.0,0.0,0.0,1.0
motor,120,1,10,6,1,path_aware,s2,0.66,1.0,0.0,0.0,1.0
motor,120,1,10,6,1,path_aware,s3,0.77,1.0,0.0,0.0,1.0
motor,120,1,10,6,1,path_aware,s4,0.87,1.0,0.0,0.0,1.0
motor,120,1,10,6,2,edge_optimist,s1,0.58,0.0,,,
motor,120,1,10,6,2,edge_optimist,s2,0.68,0.0,,,
motor,120,1,10,6,2,edge_optimist,s3,0.78,0.0,,,
motor,120,1,10,6,2,edge_optimist,s4,0.88,0.0,,,
motor,120,1,10,6,2,over_cautious,s1,0.54,0.0,,,
motor,120,1,10,6,2,over_cautious,s2,0.63,0.0,,,
motor,120,1,10,6,2,over_cautious,s3,0.74,0.0,,,
motor,120,1,10,6,2,over_cautious,s4,0.84,0.0,,,
motor,120,1,10,6,2,localized_sign_error,s1,0.52,0.0,,,
motor,120,1,10,6,2,localized_sign_error,s2,0.6,0.0,,,
motor,120,1,10,6,2,localized_sign_error,s3,0.7,0.0,,,
motor,120,1,10,6,2,localized_sign_error,s4,0.8,0.0,,,
motor,120,1,10,6,2,path_aware,s1,0.56,0.0,,,
motor,120,1,10,6,2,path_aware,s2,0.66,0.0,,,
motor,120,1,10,6,2,path_aware,s3,0.77,0.0,,,
motor,120,1,10,6,2,path_aware,s4,0.87,0.0,,,
motor,120,1,10,6,3,edge_optimist,s1,0.58,0.0,,,
motor,120,1,10,6,3,edge_optimist,s2,0.68,0.0,,,
motor,120,1,10,6,3,edge_optimist,s3,0.78,0.0,,,
motor,120,1,10,6,3,edge_optimist,s4,0.88,0.0,,,
motor,120,1,10,6,3,over_cautious,s1,0.54,0.0,,,
motor,120,1,10,6,3,over_cautious,s2,0.63,0.0,,,
motor,120,1,10,6,3,over_cautious,s3,0.74,0.0,,,
motor,120,1,10,6,3,over_cautious,s4,0.84,0.0,,,
motor,120,1,10,6,3,localized_sign_error,s1,0.52,0.0,,,
motor,120,1,10,6,3,localized_sign_error,s2,0.6,0.0,,,
motor,120,1,10,6,3,localized_sign_error,s3,0.7,0.0,,,
motor,120,1,10,6,3,localized_sign_error,s4,0.8,0.0,,,
motor,120,1,10,6,3,path_aware,s1,0.56,0.0,,,
motor,120,1,10,6,3,path_aware,s2,0.66,0.0,,,
motor,120,1,10,6,3,path_aware,s3,0.77,0.0,,,
motor,120,1,10,6,3,path_aware,s4,0.87,0.0,,,
motor,120,1,10,6,5,edge_optimist,s1,0.58,0.0,,,
motor,120,1,10,6,5,edge_optimist,s2,0.68,0.0,,,
motor,120,1,10,6,5,edge_optimist,s3,0.78,0.0,,,
motor,120,1,10,6,5,edge_optimist,s4,0.88,0.0,,,
motor,120,1,10,6,5,over_cautious,s1,0.54,0.0,,,
motor,120,1,10,6,5,over_cautious,s2,0.63,0.0,,,
motor,120,1,10,6,5,over_cautious,s3,0.74,0.0,,,
motor,120,1,10,6,5,over_cautious,s4,0.84,0.0,,,
motor,120,1,10,6,5,localized_sign_error,s1,0.52,0.0,,,
motor,120,1,10,6,5,localized_sign_error,s2,0.6,0.0,,,
motor,120,1,10,6,5,localized_sign_error,s3,0.7,0.0,,,
motor,120,1,10,6,5,localized_sign_error,s4,0.8,0.0,,,
motor,120,1,10,6,5,path_aware,s1,0.56,0.0,,,
motor,120,1,10,6,5,path_aware,s2,0.66,0.0,,,
motor,120,1,10,6,5,path_aware,s3,0.77,0.0,,,
motor,120,1,10,6,5,path_aware,s4,0.87,0.0,,,
motor,120,1,10,12,1,edge_optimist,s1,0.58,0.0,,,
motor,120,1,10,12,1,edge_optimist,s2,0.68,0.0,,,
motor,120,1,10,12,1,edge_optimist,s3,0.78,0.0,,,
motor,120,1,10,12,1,edge_optimist,s4,0.88,0.0,,,
motor,120,1,10,12,1,over_cautious,s1,0.54,0.0,,,
motor,120,1,10,12,1,over_cautious,s2,0.63,0.0,,,
motor,120,1,10,12,1,over_cautious,s3,0.74,0.0,,,
motor,120,1,10,12,1,over_cautious,s4,0.84,0.0,,,
motor,120,1,10,12,1,localized_sign_error,s1,0.52,0.0,,,
motor,120,1,10,12,1,localized_sign_error,s2,0.6,0.0,,,
motor,120,1,10,12,1,localized_sign_error,s3,0.7,0.0,,,
motor,120,1,10,12,1,localized_sign_error,s4,0.8,0.0,,,
motor,120,1,10,12,1,path_aware,s1,0.56,0.0,,,
motor,120,1,10,12,1,path_aware,s2,0.66,0.0,,,
motor,120,1,10,12,1,path_aware,s3,0.77,0.0,,,
motor,120,1,10,12,1,path_aware,s4,0.87,0.0,,,
motor,120,1,10,12,2,edge_optimist,s1,0.58,0.0,,,
motor,120,1,10,12,2,edge_optimist,s2,0.68,0.0,,,
motor,120,1,10,12,2,edge_optimist,s3,0.78,0.0,,,
motor,120,1,10,12,2,edge_optimist,s4,0.88,0.0,,,
motor,120,1,10,12,2,over_cautious,s1,0.54,0.0,,,
motor,120,1,10,12,2,over_cautious,s2,0.63,0.0,,,
motor,120,1,10,12,2,over_cautious,s3,0.74,0.0,,,
motor,120,1,10,12,2,over_cautious,s4,0.84,0.0,,,
motor,120,1,10,12,2,localized_sign_error,s1,0.52,0.0,,,
motor,120,1,10,12,2,localized_sign_error,s2,0.6,0.0,,,
motor,120,1,10,12,2,localized_sign_error,s3,0.7,0.0,,,
motor,120,1,10,12,2,localized_sign_error,s4,0.8,0.0,,,
motor,120,1,10,12,2,path_aware,s1,0.56,0.0,,,
motor,120,1,10,12,2,path_aware,s2,0.66,0.0,,,
motor,120,1,10,12,2,path_aware,s3,0.77,0.0,,,
motor,120,1,10,12,2,path_aware,s4,0.87,0.0,,,
motor,120,1,10,12,3,edge_optimist,s1,0.58,0.0,,,
motor,120,1,10,12,3,edge_optimist,s2,0.68,0.0,,,
motor,120,1,10,12,3,edge_optimist,s3,0.78,0.0,,,
motor,120,1,10,12,3,edge_optimist,s4,0.88,0.0,,,
motor,120,1,10,12,3,over_cautious,s1,0.54,0.0,,,
motor,120,1,10,12,3,over_cautious,s2,0.63,0.0,,,
motor,120,1,10,12,3,over_cautious,s3,0.74,0.0,,,
motor,120,1,10,12,3,over_cautious,s4,0.84,0.0,,,
motor,120,1,10,12,3,localized_sign_error,s1,0.52,0.0,,,
motor,120,1,10,12,3,localized_sign_error,s2,0.6,0.0,,,
motor,120,1,10,12,3,localized_sign_error,s3,0.7,0.0,,,
motor,120,1,10,12,3,localized_sign_error,s4,0.8,0.0,,,
motor,120,1,10,12,3,path_aware,s1,0.56,0.0,,,
motor,120,1,10,12,3,path_aware,s2,0.66,0.0,,,
motor,120,1,10,12,3,path_aware,s3,0.77,0.0,,,
motor,120,1,10,12,3,path_aware,s4,0.87,0.0,,,
motor,120,1,10,12,5,edge_optimist,s1,0.58,0.0,,,
motor,120,1,10,12,5,edge_optimist,s2,0.68,0.0,,,
motor,120,1,10,12,5,edge_optimist,s3,0.78,0.0,,,
motor,120,1,10,12,5,edge_optimist,s4,0.88,0.0,,,
motor,120,1,10,12,5,over_cautious,s1,0.54,0.0,,,
motor,120,1,10,12,5,over_cautious,s2,0.63,0.0,,,
motor,120,1,10,12,5,over_cautious,s3,0.74,0.0,,,
motor,120,1,10,12,5,over_cautious,s4,0.84,0.0,,,
motor,120,1,10,12,5,localized_sign_error,s1,0.52,0.0,,,
motor,120,1,10,12,5,localized_sign_error,s2,0.6,0.0,,,
motor,120,1,10,12,5,localized_sign_error,s3,0.7,0.0,,,
motor,120,1,10,12,5,localized_sign_error,s4,0.8,0.0,,,
motor,120,1,10,12,5,path_aware,s1,0.56,0.0,,,
motor,120,1,10,12,5,path_aware,s2,0.66,0.0,,,
motor,120,1,10,12,5,path_aware,s3,0.77,0.0,,,
motor,120,1,10,12,5,path_aware,s4,0.87,0.0,,,
motor,120,1,10,16,1,edge_optimist,s1,0.58,0.0,,,
motor,120,1,10,16,1,edge_optimist,s2,0.68,0.0,,,
motor,120,1,10,16,1,edge_optimist,s3,0.78,0.0,,,
motor,120,1,10,16,1,edge_optimist,s4,0.88,0.0,,,
motor,120,1,10,16,1,over_cautious,s1,0.54,0.0,,,
motor,120,1,10,16,1,over_cautious,s2,0.63,0.0,,,
motor,120,1,10,16,1,over_cautious,s3,0.74,0.0,,,
motor,120,1,10,16,1,over_cautious,s4,0.84,0.0,,,
motor,120,1,10,16,1,localized_sign_error,s1,0.52,0.0,,,
motor,120,1,10,16,1,localized_sign_error,s2,0.6,0.0,,,
motor,120,1,10,16,1,localized_sign_error,s3,0.7,0.0,,,
motor,120,1,10,16,1,localized_sign_error,s4,0.8,0.0,,,
motor,120,1,10,16,1,path_aware,s1,0.56,0.0,,,
motor,120,1,10,16,1,path_aware,s2,0.66,0.0,,,
motor,120,1,10,16,1,path_aware,s3,0.77,0.0,,,
motor,120,1,10,16,1,path_aware,s4,0.87,0.0,,,
motor,120,1,10,16,2,edge_optimist,s1,0.58,0.0,,,
motor,120,1,10,16,2,edge_optimist,s2,0.68,0.0,,,
motor,120,1,10,16,2,edge_optimist,s3,0.78,0.0,,,
motor,120,1,10,16,2,edge_optimist,s4,0.88,0.0,,,
motor,120,1,10,16,2,over_cautious,s1,0.54,0.0,,,
motor,120,1,10,16,2,over_cautious,s2,0.63,0.0,,,
motor,120,1,10,16,2,over_cautious,s3,0.74,0.0,,,
motor,120,1,10,16,2,over_cautious,s4,0.84,0.0,,,
motor,120,1,10,16,2,localized_sign_error,s1,0.52,0.0,,,
motor,120,1,10,16,2,localized_sign_error,s2,0.6,0.0,,,
motor,120,1,10,16,2,localized_sign_error,s3,0.7,0.0,,,
motor,120,1,10,16,2,localized_sign_error,s4,0.8,0.0,,,
motor,120,1,10,16,2,path_aware,s1,0.56,0.0,,,
motor,120,1,10,16,2,path_aware,s2,0.66,0.0,,,
motor,120,1,10,16,2,path_aware,s3,0.77,0.0,,,
motor,120,1,10,16,2,path_aware,s4,0.87,0.0,,,
motor,120,1,10,16,3,edge_optimist,s1,0.58,0.0,,,
motor,120,1,10,16,3,edge_optimist,s2,0.68,0.0,,,
motor,120,1,10,16,3,edge_optimist,s3,0.78,0.0,,,
motor,120,1,10,16,3,edge_optimist,s4,0.88,0.0,,,
motor,120,1,10,16,3,over_cautious,s1,0.54,0.0,,,
motor,120,1,10,16,3,over_cautious,s2,0.63,0.0,,,
motor,120,1,10,16,3,over_cautious,s3,0.74,0.0,,,
motor,120,1,10,16,3,over_cautious,s4,0.84,0.0,,,
motor,120,1,10,16,3,localized_sign_error,s1,0.52,0.0,,,
motor,120,1,10,16,3,localized_sign_error,s2,0.6,0.0,,,
motor,120,1,10,16,3,localized_sign_error,s3,0.7,0.0,,,
motor,120,1,10,16,3,localized_sign_error,s4,0.8,0.0,,,
motor,120,1,10,16,3,path_aware,s1,0.56,0.0,,,
motor,120,1,10,16,3,path_aware,s2,0.66,0.0,,,
motor,120,1,10,16,3,path_aware,s3,0.77,0.0,,,
motor,120,1,10,16,3,path_aware,s4,0.87,0.0,,,
motor,120,1,10,16,5,edge_optimist,s1,0.58,0.0,,,
motor,120,1,10,16,5,edge_optimist,s2,0.68,0.0,,,
motor,120,1,10,16,5,edge_optimist,s3,0.78,0.0,,,
motor,120,1,10,16,5,edge_optimist,s4,0.88,0.0,,,
motor,120,1,10,16,5,over_cautious,s1,0.54,0.0,,,
motor,120,1,10,16,5,over_cautious,s2,0.63,0.0,,,
motor,120,1,10,16,5,over_cautious,s3,0.74,0.0,,,
motor,120,1,10,16,5,over_cautious,s4,0.84,0.0,,,
motor,120,1,10,16,5,localized_sign_error,s1,0.52,0.0,,,
motor,120,1,10,16,5,localized_sign_error,s2,0.6,0.0,,,
motor,120,1,10,16,5,localized_sign_error,s3,0.7,0.0,,,
motor,120,1,10,16,5,localized_sign_error,s4,0.8,0.0,,,
motor,120,1,10,16,5,path_aware,s1,0.56,0.0,,,
motor,120,1,10,16,5,path_aware,s2,0.66,0.0,,,
motor,120,1,10,16,5,path_aware,s3,0.77,0.0,,,
motor,120,1,10,16,5,path_aware,s4,0.87,0.0,,,
motor,120,8,10,6,1,edge_optimist,s1,0.58,1.0,0.027863657515135948,0.0013825561833763643,4.434
motor,120,8,10,6,1,edge_optimist,s2,0.68,1.0,0.06308908538265597,0.003088575813554181,4.434
motor,120,8,10,6,1,edge_optimist,s3,0.78,1.0,0.12799421408217582,0.006207347219439774,4.434
motor,120,8,10,6,1,edge_optimist,s4,0.88,1.0,0.23891479337369506,0.011521363903994076,4.434
motor,120,8,10,6,1,over_cautious,s1,0.54,1.0,0.019319827549824056,0.0009649307882038853,4.434
motor,120,8,10,6,1,over_cautious,s2,0.63,1.0,0.04259736129864613,0.00209836781366551,4.434
motor,120,8,10,6,1,over_cautious,s3,0.74,1.0,0.09753865516454424,0.004745965427570074,4.434
motor,120,8,10,6,1,over_cautious,s4,0.84,1.0,0.18776043365990436,0.009071088987580507,4.434
motor,120,8,10,6,1,localized_sign_error,s1,0.52,1.0,0.015925986492415976,0.0007982436693394375,4.434
motor,120,8,10,6,1,localized_sign_error,s2,0.6,1.0,0.03315686399999993,0.001640230946438432,4.434
motor,120,8,10,6,1,localized_sign_error,s3,0.7,1.0,0.07324490600000005,0.0035778905113086007,4.434
motor,120,8,10,6,1,localized_sign_error,s4,0.8,1.0,0.14588313600000033,0.007064856846993881,4.434
motor,120,8,10,6,1,path_aware,s1,0.56,1.0,0.02327612778086407,0.0011586234926670368,4.434
motor,120,8,10,6,1,path_aware,s2,0.66,1.0,0.05410577661350413,0.0026550473311621157,4.434
motor,120,8,10,6,1,path_aware,s3,0.77,1.0,0.11974271753736555,0.005811630393311072,4.434
motor,120,8,10,6,1,path_aware,s4,0.87,1.0,0.22517660355384597,0.010863254474373812,4.434
motor,120,8,10,6,2,edge_optimist,s1,0.58,1.0,0.04057347179050422,0.000985293433476676,6.45
motor,120,8,10,6,2,edge_optimist,s2,0.68,1.0,0.10502140417021079,0.0021943599734071282,6.45
motor,120,8,10,6,2,edge_optimist,s3,0.78,1.0,0.236575234015163,0.003944539837162475,6.45
motor,120,8,10,6,2,edge_optimist,s4,0.88,1.0,0.4773406621248257,0.0053969216412860605,6.45
motor,120,8,10,6,2,over_cautious,s1,0.54,1.0,0.026429650450373956,0.0006755992427131818,6.45
motor,120,8,10,6,2,over_cautious,s2,0.63,1.0,0.06657518751476199,0.0015083918957516929,6.45
motor,120,8,10,6,2,over_cautious,s3,0.74,1.0,0.17346713975294528,0.003207727031628711,6.45
motor,120,8,10,6,2,over_cautious,s4,0.84,1.0,0.3647709601934087,0.0049561836861690325,6.45
motor,120,8,10,6,2,localized_sign_error,s1,0.52,1.0,0.021074219182640307,0.0005525396475699635,6.45
motor,120,8,10,6,2,localized_sign_error,s2,0.6,1.0,0.04971414527999973,0.001175404994623653,6.45
motor,120,8,10,6,2,localized_sign_error,s3,0.7,1.0,0.12478592447999978,0.0025123168426400013,6.45
motor,120,8,10,6,2,localized_sign_error,s4,0.8,1.0,0.2744437964800016,0.004306840600636415,6.45
motor,120,8,10,6,2,path_aware,s1,0.56,1.0,0.032873565662268844,0.000819235325989566,6.45
motor,120,8,10,6,2,path_aware,s2,0.66,1.0,0.08790178054696976,0.0019005519173949498,6.45
motor,120,8,10,6,2,path_aware,s3,0.77,1.0,0.21929039024048566,0.0037598833388514386,6.45
motor,120,8,10,6,2,path_aware,s4,0.87,1.0,0.4469237541775712,0.005313974708855044,6.45
motor,120,8,10,6,3,edge_optimist,s1,0.58,1.0,0.05338052033274003,0.0013739875156622632,7.302
motor,120,8,10,6,3,edge_optimist,s2,0.68,1.0,0.13901060239424237,0.003204098320799318,7.302
motor,120,8,10,6,3,edge_optimist,s3,0.78,1.0,0.30349326071826443,0.00578138798250823,7.302
motor,120,8,10,6,3,edge_optimist,s4,0.88,1.0,0.5698371217719799,0.007364743539947876,7.302
motor,120,8,10,6,3,over_cautious,s1,0.54,1.0,0.03429910347734074,0.0009105387257170686,7.302
motor,120,8,10,6,3,over_cautious,s2,0.63,1.0,0.08827614536973395,0.00216512989882789,7.302
motor,120,8,10,6,3,over_cautious,s3,0.74,1.0,0.22635506789373142,0.004718450006596657,7.302
motor,120,8,10,6,3,over_cautious,s4,0.84,1.0,0.45063060802114785,0.007080211758049434,7.302
motor,120,8,10,6,3,localized_sign_error,s1,0.52,1.0,0.02708857247424832,0.0007287454633215362,7.302
motor,120,8,10,6,3,localized_sign_error,s2,0.6,1.0,0.06568915967999941,0.0016608367942831574,7.302
motor,120,8,10,6,3,localized_sign_error,s3,0.7,1.0,0.16463027938000058,0.0036831326596075986,7.302
motor,120,8,10,6,3,localized_sign_error,s4,0.8,1.0,0.34826354688000055,0.006280008629974746,7.302
motor,120,8,10,6,3,path_aware,s1,0.56,1.0,0.04299243815153187,0.0011246837834183606,7.302
motor,120,8,10,6,3,path_aware,s2,0.66,1.0,0.11656169207122632,0.0027596304745244596,7.302
motor,120,8,10,6,3,path_aware,s3,0.77,1.0,0.2826834836198063,0.005519871892779892,7.302
motor,120,8,10,6,3,path_aware,s4,0.87,1.0,0.5385186016640747,0.007362464122451683,7.302
motor,120,8,10,6,5,edge_optimist,s1,0.58,1.0,0.07641251514275352,0.0010704844982990552,7.832
motor,120,8,10,6,5,edge_optimist,s2,0.68,1.0,0.19325381637156458,0.0024850182482304213,7.832
motor,120,8,10,6,5,edge_optimist,s3,0.78,1.0,0.40200002386342,0.00446603833957548,7.832
motor,120,8,10,6,5,edge_optimist,s4,0.88,1.0,0.6958868611263828,0.005669880659870293,7.832
motor,120,8,10,6,5,over_cautious,s1,0.54,1.0,0.04947767024922628,0.0007107443314447378,7.832
motor,120,8,10,6,5,over_cautious,s2,0.63,1.0,0.124770725566439,0.0016829488204391538,7.832
motor,120,8,10,6,5,over_cautious,s3,0.74,1.0,0.30656773709013824,0.00365048778345172,7.832
motor,120,8,10,6,5,over_cautious,s4,0.84,1.0,0.5716141705863378,0.005457865116782055,7.832
motor,120,8,10,6,5,localized_sign_error,s1,0.52,1.0,0.03919679949116558,0.0005693638958356352,7.832
motor,120,8,10,6,5,localized_sign_error,s2,0.6,1.0,0.09359566847999959,0.0012927554737079284,7.832
motor,120,8,10,6,5,localized_sign_error,s3,0.7,1.0,0.22707668788000152,0.002854125541344225,7.832
motor,120,8,10,6,5,localized_sign_error,s4,0.8,1.0,0.45537558527999794,0.004847700761263238,7.832
motor,120,8,10,6,5,path_aware,s1,0.56,1.0,0.0617958484809355,0.0008770774966352482,7.832
motor,120,8,10,6,5,path_aware,s2,0.66,1.0,0.16320425781935188,0.002142165001856563,7.832
motor,120,8,10,6,5,path_aware,s3,0.77,1.0,0.376683685020749,0.004265605023044514,7.832
motor,120,8,10,6,5,path_aware,s4,0.87,1.0,0.6644806382536113,0.005669908517127279,7.832
motor,120,8,10,12,1,edge_optimist,s1,0.58,1.0,0.040047937953160355,0.0009624013684551675,6.484
motor,120,8,10,12,1,edge_optimist,s2,0.68,1.0,0.1042228526762037,0.0021450780506131026,6.484
motor,120,8,10,12,1,edge_optimist,s3,0.78,1.0,0.23584573975168885,0.0038327212572732473,6.484
motor,120,8,10,12,1,edge_optimist,s4,0.88,1.0,0.4778547827800269,0.005108080455914717,6.484
motor,120,8,10,12,1,over_cautious,s1,0.54,1.0,0.02602075922118571,0.0006586888328239776,6.484
motor,120,8,10,12,1,over_cautious,s2,0.63,1.0,0.0659002570267305,0.0014749351505654257,6.484
motor,120,8,10,12,1,over_cautious,s3,0.74,1.0,0.172630027492465,0.0031279029290945544,6.484
motor,120,8,10,12,1,over_cautious,s4,0.84,1.0,0.3645636341322353,0.00476353068349643,6.484
motor,120,8,10,12,1,localized_sign_error,s1,0.52,1.0,0.020719340997456644,0.0005380306804290938,6.484
motor,120,8,10,12,1,localized_sign_error,s2,0.6,1.0,0.049128145919999686,0.0011487752819581184,6.484
motor,120,8,10,12,1,localized_sign_error,s3,0.7,1.0,0.12395599481999979,0.0024545844797718994,6.484
motor,120,8,10,12,1,localized_sign_error,s4,0.8,1.0,0.2738303795200019,0.0041736207133471715,6.484
motor,120,8,10,12,1,path_aware,s1,0.56,1.0,0.032407482681996315,0.0007995543080138273,6.484
motor,120,8,10,12,1,path_aware,s2,0.66,1.0,0.08714679231713991,0.0018583969753008457,6.484
motor,120,8,10,12,1,path_aware,s3,0.77,1.0,0.2185200562514652,0.003657253894435893,6.484
motor,120,8,10,12,1,path_aware,s4,0.87,1.0,0.4472216314534602,0.005054070989762361,6.484
motor,120,8,10,12,2,edge_optimist,s1,0.58,1.0,0.06987448656713924,0.0012667654215938319,7.706
motor,120,8,10,12,2,edge_optimist,s2,0.68,1.0,0.1779532801693454,0.002945095652482117,7.706
motor,120,8,10,12,2,edge_optimist,s3,0.78,1.0,0.37434481535564074,0.0052997194356255665,7.706
motor,120,8,10,12,2,edge_optimist,s4,0.88,1.0,0.6606281545130918,0.006735509290889826,7.706
motor,120,8,10,12,2,over_cautious,s1,0.54,1.0,0.04515519577024774,0.0008405322877966743,7.706
motor,120,8,10,12,2,over_cautious,s2,0.63,1.0,0.11444649494856375,0.001993074544514662,7.706
motor,120,8,10,12,2,over_cautious,s3,0.74,1.0,0.28400936190589116,0.004329812291724436,7.706
motor,120,8,10,12,2,over_cautious,s4,0.84,1.0,0.5377266107956608,0.006481019462712812,7.706
motor,120,8,10,12,2,localized_sign_error,s1,0.52,1.0,0.035742536970010674,0.0006731259553257303,7.706
motor,120,8,10,12,2,localized_sign_error,s2,0.6,1.0,0.08568529919999958,0.0015302722036221472,7.706
motor,120,8,10,12,2,localized_sign_error,s3,0.7,1.0,0.20948076730000148,0.003383475515510272,7.706
motor,120,8,10,12,2,localized_sign_error,s4,0.8,1.0,0.4253286399999987,0.005753956718576959,7.706
motor,120,8,10,12,2,path_aware,s1,0.56,1.0,0.056449954169749766,0.0010375670359112068,7.706
motor,120,8,10,12,2,path_aware,s2,0.66,1.0,0.15003297919199385,0.002538041123061881,7.706
motor,120,8,10,12,2,path_aware,s3,0.77,1.0,0.3502826559383276,0.005061269568095356,7.706
motor,120,8,10,12,2,path_aware,s4,0.87,1.0,0.6292349154894399,0.006734879096639557,7.706
motor,120,8,10,12,3,edge_optimist,s1,0.58,1.0,0.08313166983172343,0.0006851896722019673,7.938
motor,120,8,10,12,3,edge_optimist,s2,0.68,1.0,0.20885241593410492,0.0015910382815382566,7.938
motor,120,8,10,12,3,edge_optimist,s3,0.78,1.0,0.4300339511171381,0.0028599954304497806,7.938
motor,120,8,10,12,3,edge_optimist,s4,0.88,1.0,0.7314773042444299,0.00363152488799241,7.938
motor,120,8,10,12,3,over_cautious,s1,0.54,1.0,0.053938651674028386,0.00045486690895163044,7.938
motor,120,8,10,12,3,over_cautious,s2,0.63,1.0,0.13533449642446432,0.001077372825287263,7.938
motor,120,8,10,12,3,over_cautious,s3,0.74,1.0,0.3294822930160273,0.002337544139691074,7.938
motor,120,8,10,12,3,over_cautious,s4,0.84,1.0,0.6058738787832305,0.003495513284491845,7.938
motor,120,8,10,12,3,localized_sign_error,s1,0.52,1.0,0.04277031346320209,0.00036435779138489766,7.938
motor,120,8,10,12,3,localized_sign_error,s2,0.6,1.0,0.10171007999999952,0.0008275111584665469,7.938
motor,120,8,10,12,3,localized_sign_error,s3,0.7,1.0,0.24499227760000156,0.0018274454808535465,7.938
motor,120,8,10,12,3,localized_sign_error,s4,0.8,1.0,0.4858052607999971,0.003104520205080024,7.938
motor,120,8,10,12,3,path_aware,s1,0.56,1.0,0.06730093864104807,0.0005613575990118231,7.938
motor,120,8,10,12,3,path_aware,s2,0.66,1.0,0.17665066690059453,0.0013714580403847657,7.938
motor,120,8,10,12,3,path_aware,s3,0.77,1.0,0.4034594580839274,0.0027315889488160002,7.938
motor,120,8,10,12,3,path_aware,s4,0.87,1.0,0.7000712892285856,0.003631488224479003,7.938
motor,120,8,10,12,5,edge_optimist,s1,0.58,1.0,0.08673491726344401,0.00018342252912001016,7.996
motor,120,8,10,12,5,edge_optimist,s2,0.68,1.0,0.21722245791906705,0.0004255198256251806,7.996
motor,120,8,10,12,5,edge_optimist,s3,0.78,1.0,0.44508340987330486,0.0007643501088034108,7.996
motor,120,8,10,12,5,edge_optimist,s4,0.88,1.0,0.7505899473168424,0.0009699902818584847,7.996
motor,120,8,10,12,5,over_cautious,s1,0.54,1.0,0.0563301902942792,0.00012182083795879214,7.996
motor,120,8,10,12,5,over_cautious,s2,0.63,1.0,0.14100132655187728,0.0002882657215390392,7.996
motor,120,8,10,12,5,over_cautious,s3,0.74,1.0,0.3417814904954021,0.0006248889113258941,7.996
motor,120,8,10,12,5,over_cautious,s4,0.84,1.0,0.6242695299491954,0.0009338613836939422,7.996
motor,120,8,10,12,5,localized_sign_error,s1,0.52,1.0,0.04468575339340138,9.760500204697466e-05,7.996
motor,120,8,10,12,5,localized_sign_error,s2,0.6,1.0,0.10606215167999944,0.00022147574747490093,7.996
motor,120,8,10,12,5,localized_sign_error,s3,0.7,1.0,0.25460655388000153,0.0004886691998422576,7.996
motor,120,8,10,12,5,localized_sign_error,s4,0.8,1.0,0.5021420748799967,0.0008295973129009543,7.996
motor,120,8,10,12,5,path_aware,s1,0.56,1.0,0.07025269177560657,0.00015030599316884615,7.996
motor,120,8,10,12,5,path_aware,s2,0.66,1.0,0.18386510039695092,0.00036685453988867837,7.996
motor,120,8,10,12,5,path_aware,s3,0.77,1.0,0.4178329323664816,0.0007300798199148753,7.996
motor,120,8,10,12,5,path_aware,s4,0.87,1.0,0.7191834507632969,0.0009700308641017535,7.996
motor,120,8,10,16,1,edge_optimist,s1,0.58,1.0,0.047269713852331446,0.0013380417084410399,7.21
motor,120,8,10,16,1,edge_optimist,s2,0.68,1.0,0.1248211785087452,0.003112124319331353,7.21
motor,120,8,10,16,1,edge_optimist,s3,0.78,1.0,0.27799420326746577,0.005605681840282329,7.21
motor,120,8,10,16,1,edge_optimist,s4,0.88,1.0,0.537471838380988,0.007132051257813908,7.21
motor,120,8,10,16,1,over_cautious,s1,0.54,1.0,0.03024306519718448,0.0008880116893878931,7.21
motor,120,8,10,16,1,over_cautious,s2,0.63,1.0,0.0786672086265307,0.002105421889576134,7.21
motor,120,8,10,16,1,over_cautious,s3,0.74,1.0,0.20551127119730697,0.004577888107525996,7.21
motor,120,8,10,16,1,over_cautious,s4,0.84,1.0,0.4194724934169132,0.006859609799920237,7.21
motor,120,8,10,16,1,localized_sign_error,s1,0.52,1.0,0.023840050825501006,0.0007113270199032178,7.21
motor,120,8,10,16,1,localized_sign_error,s2,0.6,1.0,0.05830880255999946,0.001616377786671465,7.21
motor,120,8,10,16,1,localized_sign_error,s3,0.7,1.0,0.14833320376000053,0.003575972704446116,7.21
motor,120,8,10,16,1,localized_sign_error,s4,0.8,1.0,0.3205863833600011,0.006087442087476761,7.21
motor,120,8,10,16,1,path_aware,s1,0.56,1.0,0.03798633741560063,0.0010960166167221133,7.21
motor,120,8,10,16,1,path_aware,s2,0.66,1.0,0.1043301557939701,0.0026815811396455674,7.21
motor,120,8,10,16,1,path_aware,s3,0.77,1.0,0.2583284119892913,0.00535290181114949,7.21
motor,120,8,10,16,1,path_aware,s4,0.87,1.0,0.5061523303250829,0.00713061506910556,7.21
motor,120,8,10,16,2,edge_optimist,s1,0.58,1.0,0.08274218142456727,0.0007168116885071773,7.932
motor,120,8,10,16,2,edge_optimist,s2,0.68,1.0,0.20794884623690768,0.0016643209702594246,7.932
motor,120,8,10,16,2,edge_optimist,s3,0.78,1.0,0.42841089255494413,0.0029915249325506146,7.932
motor,120,8,10,16,2,edge_optimist,s4,0.88,1.0,0.7294175792387254,0.003798334123636367,7.932
motor,120,8,10,16,2,over_cautious,s1,0.54,1.0,0.05367997132345947,0.0004758795495627291,7.932
motor,120,8,10,16,2,over_cautious,s2,0.63,1.0,0.13472237883313778,0.0011270419512466963,7.932
motor,120,8,10,16,2,over_cautious,s3,0.74,1.0,0.32815537321021304,0.0024451073595567604,7.932
motor,120,8,10,16,2,over_cautious,s4,0.84,1.0,0.6038908716543646,0.00365614790615284,7.932
motor,120,8,10,16,2,localized_sign_error,s1,0.52,1.0,0.04256305420797244,0.0003811982121079404,7.932
motor,120,8,10,16,2,localized_sign_error,s2,0.6,1.0,0.1012397875199995,0.0008656846174183871,7.932
motor,120,8,10,16,2,localized_sign_error,s3,0.7,1.0,0.24395461342000155,0.0019115887332507603,7.932
motor,120,8,10,16,2,localized_sign_error,s4,0.8,1.0,0.48404365311999714,0.0032472575195692482,7.932
motor,120,8,10,16,2,path_aware,s1,0.56,1.0,0.0669817715128538,0.0005872767574169519,7.932
motor,120,8,10,16,2,path_aware,s2,0.66,1.0,0.1758716699524838,0.001434649280677055,7.932
motor,120,8,10,16,2,path_aware,s3,0.77,1.0,0.40190917073634946,0.0028572302952742366,7.932
motor,120,8,10,16,2,path_aware,s4,0.87,1.0,0.6980114780485528,0.0037983141143534097,7.932
motor,120,8,10,16,3,edge_optimist,s1,0.58,1.0,0.08686474673249607,0.00012982946905205786,7.998
motor,120,8,10,16,3,edge_optimist,s2,0.68,1.0,0.21752364781813283,0.00030118989906575315,7.998
motor,120,8,10,16,3,edge_optimist,s3,0.78,1.0,0.4456244293940362,0.0005410195207312883,7.998
motor,120,8,10,16,3,edge_optimist,s4,0.88,1.0,0.7512765223187436,0.0006865750019014663,7.998
motor,120,8,10,16,3,over_cautious,s1,0.54,1.0,0.056416417077802164,8.622678352296971e-05,7.998
motor,120,8,10,16,3,over_cautious,s2,0.63,1.0,0.14120536574898612,0.00020403919710885023,7.998
motor,120,8,10,16,3,over_cautious,s3,0.74,1.0,0.3422237970973402,0.00044230660193807355,7.998
motor,120,8,10,16,3,over_cautious,s4,0.84,1.0,0.6249305323254841,0.0006610023762886665,7.998
motor,120,8,10,16,3,localized_sign_error,s1,0.52,1.0,0.04475483981181127,6.90864184098815e-05,7.998
motor,120,8,10,16,3,localized_sign_error,s2,0.6,1.0,0.10621891583999944,0.00015676416000000003,7.998
motor,120,8,10,16,3,localized_sign_error,s3,0.7,1.0,0.25495244194000155,0.0003458880599999999,7.998
motor,120,8,10,16,3,localized_sign_error,s4,0.8,1.0,0.5027292774399966,0.0005872025600000009,7.998
motor,120,8,10,16,3,path_aware,s1,0.56,1.0,0.07035908081833799,0.00010638904273141739,7.998
motor,120,8,10,16,3,path_aware,s2,0.66,1.0,0.18412476604632116,0.0002596656493702649,7.998
motor,120,8,10,16,3,path_aware,s3,0.77,1.0,0.4183496948156743,0.0005167624491926683,7.998
motor,120,8,10,16,3,path_aware,s4,0.87,1.0,0.7198700544899745,0.0006866037266776503,7.998
motor,120,8,10,16,5,edge_optimist,s1,0.58,1.0,0.08699457620154813,2.857773480031811e-17,8.0
motor,120,8,10,16,5,edge_optimist,s2,0.68,1.0,0.2178248377171986,7.703563293998795e-17,8.0
motor,120,8,10,16,5,edge_optimist,s3,0.78,1.0,0.44616544891476745,1.1679595961869142e-16,8.0
motor,120,8,10,16,5,edge_optimist,s4,0.88,1.0,0.7519630973206451,3.4293281760381737e-16,8.0
motor,120,8,10,16,5,over_cautious,s1,0.54,1.0,0.056502643861325134,1.3978239847981685e-17,8.0
motor,120,8,10,16,5,over_cautious,s2,0.63,1.0,0.14140940494609494,1.615263271322328e-17,8.0
motor,120,8,10,16,5,over_cautious,s3,0.74,1.0,0.34266610369927825,6.461053085289312e-17,8.0
motor,120,8,10,16,5,over_cautious,s4,0.84,1.0,0.6255915347017728,4.970040834837932e-18,8.0
motor,120,8,10,16,5,localized_sign_error,s1,0.52,1.0,0.04482392623022115,1.5220750056691167e-17,8.0
motor,120,8,10,16,5,localized_sign_error,s2,0.6,1.0,0.10637567999999943,2.422894906983492e-17,8.0
motor,120,8,10,16,5,localized_sign_error,s3,0.7,1.0,0.2552983300000015,7.206559210515002e-17,8.0
motor,120,8,10,16,5,localized_sign_error,s4,0.8,1.0,0.5033164799999966,1.5904130671481383e-16,8.0
motor,120,8,10,16,5,path_aware,s1,0.56,1.0,0.07046546986106941,2.6092714382899145e-17,8.0
motor,120,8,10,16,5,path_aware,s2,0.66,1.0,0.1843844316956914,6.461053085289312e-17,8.0
motor,120,8,10,16,5,path_aware,s3,0.77,1.0,0.418866457264867,1.6401134754965177e-16,8.0
motor,120,8,10,16,5,path_aware,s4,0.87,1.0,0.7205566582166522,1.4413118421030004e-16,8.0
motor,120,16,10,6,1,edge_optimist,s1,0.58,1.0,0.0445561228389121,0.0010223420541566675,5.236
motor,120,16,10,6,1,edge_optimist,s2,0.68,1.0,0.10448548193075229,0.0022128792214549356,5.236
motor,120,16,10,6,1,edge_optimist,s3,0.78,1.0,0.2189748527665922,0.0043813239830475725,5.236
motor,120,16,10,6,1,edge_optimist,s4,0.88,1.0,0.4212567252664299,0.00815043044304412,5.236
motor,120,16,10,6,1,over_cautious,s1,0.54,1.0,0.030438967771008258,0.0007255492046843528,5.236
motor,120,16,10,6,1,over_cautious,s2,0.63,1.0,0.06934551100558199,0.0015243808597231855,5.236
motor,120,16,10,6,1,over_cautious,s3,0.74,1.0,0.16476567984524848,0.00336292670894676,5.236
motor,120,16,10,6,1,over_cautious,s4,0.84,1.0,0.3271755667783699,0.0063984594186759355,5.236
motor,120,16,10,6,1,localized_sign_error,s1,0.52,1.0,0.024901843279872153,0.0006057078611195662,5.236
motor,120,16,10,6,1,localized_sign_error,s2,0.6,1.0,0.05340556799999992,0.0012037760904764453,5.236
motor,120,16,10,6,1,localized_sign_error,s3,0.7,1.0,0.1221196620000001,0.00255226396187183,5.236
motor,120,16,10,6,1,localized_sign_error,s4,0.8,1.0,0.25113395200000177,0.004982076815623476,5.236
motor,120,16,10,6,1,path_aware,s1,0.56,1.0,0.03694749338828811,0.0008637145359053475,5.236
motor,120,16,10,6,1,path_aware,s2,0.66,1.0,0.08900077151116853,0.0019118964801686164,5.236
motor,120,16,10,6,1,path_aware,s3,0.77,1.0,0.20421603750902287,0.004104939634744046,5.236
motor,120,16,10,6,1,path_aware,s4,0.87,1.0,0.3958758004751808,0.007677446562211762,5.236
motor,120,16,10,6,2,edge_optimist,s1,0.58,1.0,0.058134936395594985,0.0010684097137153713,8.726
motor,120,16,10,6,2,edge_optimist,s2,0.68,1.0,0.16228248324777944,0.0023965810280766084,8.726
motor,120,16,10,6,2,edge_optimist,s3,0.78,1.0,0.36700792020410733,0.004153445557226551,8.726
motor,120,16,10,6,2,edge_optimist,s4,0.88,1.0,0.677121552001992,0.005085316127689859,8.726
motor,120,16,10,6,2,over_cautious,s1,0.54,1.0,0.03605403863565618,0.0007203321596411267,8.726
motor,120,16,10,6,2,over_cautious,s2,0.63,1.0,0.09989959549716958,0.001650637379262295,8.726
motor,120,16,10,6,2,over_cautious,s3,0.74,1.0,0.27122814487103947,0.0034468085887298387,8.726
motor,120,16,10,6,2,over_cautious,s4,0.84,1.0,0.5437798407770973,0.00495992967124868,8.726
motor,120,16,10,6,2,localized_sign_error,s1,0.52,1.0,0.027933470326653165,0.0005818901729004335,8.726
motor,120,16,10,6,2,localized_sign_error,s2,0.6,1.0,0.07270594338815979,0.0012810684826087837,8.726
motor,120,16,10,6,2,localized_sign_error,s3,0.7,1.0,0.19415391323461095,0.002733702676596478,8.726
motor,120,16,10,6,2,localized_sign_error,s4,0.8,1.0,0.4218391468441583,0.0044734162876040665,8.726
motor,120,16,10,6,2,path_aware,s1,0.56,1.0,0.04602278178783239,0.000881936840602102,8.726
motor,120,16,10,6,2,path_aware,s2,0.66,1.0,0.1345193707313369,0.002079938135749301,8.726
motor,120,16,10,6,2,path_aware,s3,0.77,1.0,0.34129910349341813,0.003982370210720347,8.726
motor,120,16,10,6,2,path_aware,s4,0.87,1.0,0.6431949076972988,0.005100197443188759,8.726
motor,120,16,10,6,3,edge_optimist,s1,0.58,1.0,0.07191961025251027,0.0013388157196832567,11.018
motor,120,16,10,6,3,edge_optimist,s2,0.68,1.0,0.2129257481329691,0.0032522574785536643,11.018
motor,120,16,10,6,3,edge_optimist,s3,0.78,1.0,0.47262309293622784,0.005164177406200582,11.018
motor,120,16,10,6,3,edge_optimist,s4,0.88,1.0,0.7955956927995946,0.0043625853943771485,11.018
motor,120,16,10,6,3,over_cautious,s1,0.54,1.0,0.04255778226939123,0.0008397739762590514,11.018
motor,120,16,10,6,3,over_cautious,s2,0.63,1.0,0.1285620883290151,0.002192681131659012,11.018
motor,120,16,10,6,3,over_cautious,s3,0.74,1.0,0.35509223433891984,0.004544988796821763,11.018
motor,120,16,10,6,3,over_cautious,s4,0.84,1.0,0.6682853678950986,0.005196906844382941,11.018
motor,120,16,10,6,3,localized_sign_error,s1,0.52,1.0,0.032032433490352036,0.0006488937715657334,11.018
motor,120,16,10,6,3,localized_sign_error,s2,0.6,1.0,0.09160414557319992,0.0016502988941067811,11.018
motor,120,16,10,6,3,localized_sign_error,s3,0.7,1.0,0.2553326515432385,0.003700318903779846,11.018
motor,120,16,10,6,3,localized_sign_error,s4,0.8,1.0,0.5363819256783822,0.005321503910795866,11.018
motor,120,16,10,6,3,path_aware,s1,0.56,1.0,0.055713420249634535,0.0010689524954038412,11.018
motor,120,16,10,6,3,path_aware,s2,0.66,1.0,0.17554930381480477,0.002811502634995355,11.018
motor,120,16,10,6,3,path_aware,s3,0.77,1.0,0.44182561664389747,0.005042157189084119,11.018
motor,120,16,10,6,3,path_aware,s4,0.87,1.0,0.7649926768134363,0.004641132203191762,11.018
motor,120,16,10,6,5,edge_optimist,s1,0.58,1.0,0.09606307779794099,0.0012013088064174277,13.752
motor,120,16,10,6,5,edge_optimist,s2,0.68,1.0,0.29089536452544806,0.002461694474267083,13.752
motor,120,16,10,6,5,edge_optimist,s3,0.78,1.0,0.6135410948593526,0.003025888703102509,13.752
motor,120,16,10,6,5,edge_optimist,s4,0.88,1.0,0.9110450100835926,0.0016755690278553266,13.752
motor,120,16,10,6,5,over_cautious,s1,0.54,1.0,0.05524823313499815,0.0007922217489039505,13.752
motor,120,16,10,6,5,over_cautious,s2,0.63,1.0,0.17520321252846432,0.001822458701368102,13.752
motor,120,16,10,6,5,over_cautious,s3,0.74,1.0,0.47486406432613554,0.0029901777120428757,13.752
motor,120,16,10,6,5,over_cautious,s4,0.84,1.0,0.8108362186907973,0.0024361086669402263,13.752
motor,120,16,10,6,5,localized_sign_error,s1,0.52,1.0,0.040826015176372236,0.0006253104194195832,13.752
motor,120,16,10,6,5,localized_sign_error,s2,0.6,1.0,0.12359879749140493,0.0014388610254314302,13.752
motor,120,16,10,6,5,localized_sign_error,s3,0.7,1.0,0.347403577464565,0.0026831138313981335,13.752
motor,120,16,10,6,5,localized_sign_error,s4,0.8,1.0,0.6828299295360284,0.0029169033717415067,13.752
motor,120,16,10,6,5,path_aware,s1,0.56,1.0,0.07346545577115257,0.0009846972539112515,13.752
motor,120,16,10,6,5,path_aware,s2,0.66,1.0,0.24011076794889083,0.0022141539799769325,13.752
motor,120,16,10,6,5,path_aware,s3,0.77,1.0,0.5785171954891359,0.0030473872761863255,13.752
motor,120,16,10,6,5,path_aware,s4,0.87,1.0,0.8893619415564507,0.0018832150442278381,13.752
motor,120,16,10,12,1,edge_optimist,s1,0.58,1.0,0.05827507945713586,0.001030241542878531,8.832
motor,120,16,10,12,1,edge_optimist,s2,0.68,1.0,0.16362331274689218,0.0022964899723782826,8.832
motor,120,16,10,12,1,edge_optimist,s3,0.78,1.0,0.3711711416204242,0.003928660071123629,8.832
motor,120,16,10,12,1,edge_optimist,s4,0.88,1.0,0.6843930287271079,0.004700765730368248,8.832
motor,120,16,10,12,1,over_cautious,s1,0.54,1.0,0.03603192573185191,0.0006958314694974817,8.832
motor,120,16,10,12,1,over_cautious,s2,0.63,1.0,0.10046440833108394,0.0015874963966646626,8.832
motor,120,16,10,12,1,over_cautious,s3,0.74,1.0,0.2740709129059385,0.003280912520155339,8.832
motor,120,16,10,12,1,over_cautious,s4,0.84,1.0,0.550051837835118,0.0046322641937516645,8.832
motor,120,16,10,12,1,localized_sign_error,s1,0.52,1.0,0.02787031105883165,0.0005625933524179152,8.832
motor,120,16,10,12,1,localized_sign_error,s2,0.6,1.0,0.07298087288831981,0.0012341096284030795,8.832
motor,120,16,10,12,1,localized_sign_error,s3,0.7,1.0,0.19592406395422093,0.0026145659276810645,8.832
motor,120,16,10,12,1,localized_sign_error,s4,0.8,1.0,0.4267183387443179,0.004215253945382395,8.832
motor,120,16,10,12,1,path_aware,s1,0.56,1.0,0.04606626750346981,0.0008511966621014685,8.832
motor,120,16,10,12,1,path_aware,s2,0.66,1.0,0.13550108534410527,0.0019963193985772895,8.832
motor,120,16,10,12,1,path_aware,s3,0.77,1.0,0.34511425315533606,0.0037733898393275856,8.832
motor,120,16,10,12,1,path_aware,s4,0.87,1.0,0.6502829852752336,0.004727057892498308,8.832
motor,120,16,10,12,2,edge_optimist,s1,0.58,1.0,0.09580142632187029,0.001320371015645406,12.802
motor,120,16,10,12,2,edge_optimist,s2,0.68,1.0,0.28099585580155556,0.0029155695055790025,12.802
motor,120,16,10,12,2,edge_optimist,s3,0.78,1.0,0.5882040430150342,0.004011946605509485,12.802
motor,120,16,10,12,2,edge_optimist,s4,0.88,1.0,0.8891782905428287,0.002646359344413861,12.802
motor,120,16,10,12,2,over_cautious,s1,0.54,1.0,0.05616053189222689,0.0008521022457568757,12.802
motor,120,16,10,12,2,over_cautious,s2,0.63,1.0,0.1714661288150093,0.002070940640788676,12.802
motor,120,16,10,12,2,over_cautious,s3,0.74,1.0,0.45521843835020664,0.003769178647005075,12.802
motor,120,16,10,12,2,over_cautious,s4,0.84,1.0,0.7835873834195759,0.0035466295388796643,12.802
motor,120,16,10,12,2,localized_sign_error,s1,0.52,1.0,0.041954614866368846,0.0006663404203105113,12.802
motor,120,16,10,12,2,localized_sign_error,s2,0.6,1.0,0.12225409165452918,0.0016012594678504585,12.802
motor,120,16,10,12,2,localized_sign_error,s3,0.7,1.0,0.33439341396617484,0.003239179552989177,12.802
motor,120,16,10,12,2,localized_sign_error,s4,0.8,1.0,0.6557002317399319,0.003979129500172016,12.802
motor,120,16,10,12,2,path_aware,s1,0.56,1.0,0.07393561788723492,0.0010700903832531255,12.802
motor,120,16,10,12,2,path_aware,s2,0.66,1.0,0.23298932172456027,0.002576601174303433,12.802
motor,120,16,10,12,2,path_aware,s3,0.77,1.0,0.5543953070826092,0.003986696466199985,12.802
motor,120,16,10,12,2,path_aware,s4,0.87,1.0,0.8656484887534857,0.0029080582577158975,12.802
motor,120,16,10,12,3,edge_optimist,s1,0.58,1.0,0.0936315902159967,0.0011898622680466672,14.584
motor,120,16,10,12,3,edge_optimist,s2,0.68,1.0,0.2936371958904144,0.002521885577259994,14.584
motor,120,16,10,12,3,edge_optimist,s3,0.78,1.0,0.6259990355113875,0.002901158723048642,14.584
motor,120,16,10,12,3,edge_optimist,s4,0.88,1.0,0.9215483253863967,0.0012140318921200813,14.584
motor,120,16,10,12,3,over_cautious,s1,0.54,1.0,0.05269452721435408,0.0007627392354902464,14.584
motor,120,16,10,12,3,over_cautious,s2,0.63,1.0,0.17435298549191433,0.0018513617886656058,14.584
motor,120,16,10,12,3,over_cautious,s3,0.74,1.0,0.4837307515885195,0.002994409578178936,14.584
motor,120,16,10,12,3,over_cautious,s4,0.84,1.0,0.8244499597252251,0.0020519934495392346,14.584
motor,120,16,10,12,3,localized_sign_error,s1,0.52,1.0,0.038449448837711085,0.0005925381076207236,14.584
motor,120,16,10,12,3,localized_sign_error,s2,0.6,1.0,0.12157466725711857,0.0014419919123584118,14.584
motor,120,16,10,12,3,localized_sign_error,s3,0.7,1.0,0.35207467195611736,0.0027406658054190095,14.584
motor,120,16,10,12,3,localized_sign_error,s4,0.8,1.0,0.6963945357684241,0.002705433687728768,14.584
motor,120,16,10,12,3,path_aware,s1,0.56,1.0,0.07087524415343478,0.00096225197166481,14.584
motor,120,16,10,12,3,path_aware,s2,0.66,1.0,0.24117813054256088,0.002266216802685632,14.584
motor,120,16,10,12,3,path_aware,s3,0.77,1.0,0.5902145481129425,0.0029615058289583405,14.584
motor,120,16,10,12,3,path_aware,s4,0.87,1.0,0.9009066461589054,0.001425841355109769,14.584
motor,120,16,10,12,5,edge_optimist,s1,0.58,1.0,0.11253928351074854,0.001209320344234277,15.686
motor,120,16,10,12,5,edge_optimist,s2,0.68,1.0,0.3434191407613419,0.0027539585864713553,15.686
motor,120,16,10,12,5,edge_optimist,s3,0.78,1.0,0.6899645085654795,0.0031989933534687987,15.686
motor,120,16,10,12,5,edge_optimist,s4,0.88,1.0,0.948234977398391,0.0012066597340857966,15.686
motor,120,16,10,12,5,over_cautious,s1,0.54,1.0,0.06330184334825384,0.0007378153965284308,15.686
motor,120,16,10,12,5,over_cautious,s2,0.63,1.0,0.20769596938222679,0.0019664928737170555,15.686
motor,120,16,10,12,5,over_cautious,s3,0.74,1.0,0.5475644879781835,0.003315041852657532,15.686
motor,120,16,10,12,5,over_cautious,s4,0.84,1.0,0.8705831281662918,0.002180506333235535,15.686
motor,120,16,10,12,5,localized_sign_error,s1,0.52,1.0,0.04604588450898295,0.0005560859045090784,15.686
motor,120,16,10,12,5,localized_sign_error,s2,0.6,1.0,0.1457801772466174,0.0014948864246526162,15.686
motor,120,16,10,12,5,localized_sign_error,s3,0.7,1.0,0.40778243240700074,0.003013696520748919,15.686
motor,120,16,10,12,5,localized_sign_error,s4,0.8,1.0,0.756720598436024,0.002961896351880204,15.686
motor,120,16,10,12,5,path_aware,s1,0.56,1.0,0.0852424396575854,0.0009557671545396858,15.686
motor,120,16,10,12,5,path_aware,s2,0.66,1.0,0.2844483572594113,0.0024519337781680715,15.686
motor,120,16,10,12,5,path_aware,s3,0.77,1.0,0.6550492419977457,0.0032726164608635985,15.686
motor,120,16,10,12,5,path_aware,s4,0.87,1.0,0.9325598839725983,0.0014487323881120884,15.686
motor,120,16,10,16,1,edge_optimist,s1,0.58,1.0,0.06971154152089418,0.0012914454986801597,10.726
motor,120,16,10,16,1,edge_optimist,s2,0.68,1.0,0.20553761737198012,0.0031537938181258594,10.726
motor,120,16,10,16,1,edge_optimist,s3,0.78,1.0,0.45839683547453236,0.005071003001183581,10.726
motor,120,16,10,16,1,edge_optimist,s4,0.88,1.0,0.7820390216622164,0.0043612738878135585,10.726
motor,120,16,10,16,1,over_cautious,s1,0.54,1.0,0.041426208215157745,0.0008104645277395518,10.726
motor,120,16,10,16,1,over_cautious,s2,0.63,1.0,0.12421844571039062,0.002118515167841262,10.726
motor,120,16,10,16,1,over_cautious,s3,0.74,1.0,0.3433837153246933,0.004437234502225767,10.726
motor,120,16,10,16,1,over_cautious,s4,0.84,1.0,0.652774008383788,0.005156032466043029,10.726
motor,120,16,10,16,1,localized_sign_error,s1,0.52,1.0,0.03126534705863422,0.0006268572714532402,10.726
motor,120,16,10,16,1,localized_sign_error,s2,0.6,1.0,0.08865429685272576,0.0015925048156451742,10.726
motor,120,16,10,16,1,localized_sign_error,s3,0.7,1.0,0.24653254710344,0.0035953963366421706,10.726
motor,120,16,10,16,1,localized_sign_error,s4,0.8,1.0,0.5212859359716949,0.005242456138739882,10.726
motor,120,16,10,16,1,path_aware,s1,0.56,1.0,0.05410691142316534,0.0010311574118783793,10.726
motor,120,16,10,16,1,path_aware,s2,0.66,1.0,0.16947703527059807,0.0027217716438411115,10.726
motor,120,16,10,16,1,path_aware,s3,0.77,1.0,0.4281516001417133,0.004943581602641041,10.726
motor,120,16,10,16,1,path_aware,s4,0.87,1.0,0.7507003007356869,0.00463081570260382,10.726
motor,120,16,10,16,2,edge_optimist,s1,0.58,1.0,0.09571584565979217,0.001154894493069686,14.254
motor,120,16,10,16,2,edge_optimist,s2,0.68,1.0,0.29507301692449756,0.002344858218301699,14.254
motor,120,16,10,16,2,edge_optimist,s3,0.78,1.0,0.6246758235411127,0.002668153703647422,14.254
motor,120,16,10,16,2,edge_optimist,s4,0.88,1.0,0.9198274439592704,0.0011802554244535685,14.254
motor,120,16,10,16,2,over_cautious,s1,0.54,1.0,0.05442511680025999,0.0007575479725183821,14.254
motor,120,16,10,16,2,over_cautious,s2,0.63,1.0,0.1764614216550099,0.00175337278379252,14.254
motor,120,16,10,16,2,over_cautious,s3,0.74,1.0,0.4835490437051421,0.0027520544981782013,14.254
motor,120,16,10,16,2,over_cautious,s4,0.84,1.0,0.8223317373849528,0.0019263974309343547,14.254
motor,120,16,10,16,2,localized_sign_error,s1,0.52,1.0,0.03995086005579762,0.0005957803087089817,14.254
motor,120,16,10,16,2,localized_sign_error,s2,0.6,1.0,0.12373989684491053,0.0013850483108311055,14.254
motor,120,16,10,16,2,localized_sign_error,s3,0.7,1.0,0.3530432229284736,0.002534836070736115,14.254
motor,120,16,10,16,2,localized_sign_error,s4,0.8,1.0,0.6946380315833133,0.002497450677617245,14.254
motor,120,16,10,16,2,path_aware,s1,0.56,1.0,0.07280722661209545,0.0009444861826424017,14.254
motor,120,16,10,16,2,path_aware,s2,0.66,1.0,0.24297280291048973,0.002120933310737571,14.254
motor,120,16,10,16,2,path_aware,s3,0.77,1.0,0.5891525874525544,0.0027210832572225683,14.254
motor,120,16,10,16,2,path_aware,s4,0.87,1.0,0.8990233563758557,0.0013711313082365169,14.254
motor,120,16,10,16,3,edge_optimist,s1,0.58,1.0,0.10573440879336216,0.001262249102404771,15.41
motor,120,16,10,16,3,edge_optimist,s2,0.68,1.0,0.3267216789668189,0.002872075642459107,15.41
motor,120,16,10,16,3,edge_optimist,s3,0.78,1.0,0.6695836478935796,0.0033441282044316127,15.41
motor,120,16,10,16,3,edge_optimist,s4,0.88,1.0,0.9402716512092009,0.0012655382668112628,15.41
motor,120,16,10,16,3,over_cautious,s1,0.54,1.0,0.05931917552114494,0.0007720146942125695,15.41
motor,120,16,10,16,3,over_cautious,s2,0.63,1.0,0.19616156026145085,0.0020503413015911446,15.41
motor,120,16,10,16,3,over_cautious,s3,0.74,1.0,0.5268141562019598,0.003461507001471216,15.41
motor,120,16,10,16,3,over_cautious,s4,0.84,1.0,0.8563758472004052,0.0022838264623197997,15.41
motor,120,16,10,16,3,localized_sign_error,s1,0.52,1.0,0.04311674276305622,0.0005830493069564305,15.41
motor,120,16,10,16,3,localized_sign_error,s2,0.6,1.0,0.13721737727862365,0.0015593100253582192,15.41
motor,120,16,10,16,3,localized_sign_error,s3,0.7,1.0,0.3892997056924528,0.003143983587789801,15.41
motor,120,16,10,16,3,localized_sign_error,s4,0.8,1.0,0.7376993221534052,0.003098197917242306,15.41
motor,120,16,10,16,3,path_aware,s1,0.56,1.0,0.0799691388770043,0.0009986046953278796,15.41
motor,120,16,10,16,3,path_aware,s2,0.66,1.0,0.2697655486317741,0.0025565569632232084,15.41
motor,120,16,10,16,3,path_aware,s3,0.77,1.0,0.6342864956205925,0.0034200679979281686,15.41
motor,120,16,10,16,3,path_aware,s4,0.87,1.0,0.9230281898714099,0.0015189086604043547,15.41
motor,120,16,10,16,5,edge_optimist,s1,0.58,1.0,0.12655665539863428,0.000568424304065747,15.952
motor,120,16,10,16,5,edge_optimist,s2,0.68,1.0,0.37555326439502845,0.001294121792468996,15.952
motor,120,16,10,16,5,edge_optimist,s3,0.78,1.0,0.7274419573397686,0.0015020851366849273,15.952
motor,120,16,10,16,5,edge_optimist,s4,0.88,1.0,0.9624087678064746,0.0005660872333642607,15.952
motor,120,16,10,16,5,over_cautious,s1,0.54,1.0,0.07182031831238966,0.0003467075772030263,15.952
motor,120,16,10,16,5,over_cautious,s2,0.63,1.0,0.230575893364166,0.0009243045343356637,15.952
motor,120,16,10,16,5,over_cautious,s3,0.74,1.0,0.5863473466681264,0.0015570989288573574,15.952
motor,120,16,10,16,5,over_cautious,s4,0.84,1.0,0.8961721219737903,0.001023315089908704,15.952
motor,120,16,10,16,5,localized_sign_error,s1,0.52,1.0,0.05245089813828881,0.000261238091644148,15.952
motor,120,16,10,16,5,localized_sign_error,s2,0.6,1.0,0.16313598594278925,0.0007026705651487894,15.952
motor,120,16,10,16,5,localized_sign_error,s3,0.7,1.0,0.44298105399914633,0.0014159870095635926,15.952
motor,120,16,10,16,5,localized_sign_error,s4,0.8,1.0,0.7914416638127059,0.001390514092663324,15.952
motor,120,16,10,16,5,path_aware,s1,0.56,1.0,0.09630040564165228,0.0004492036779948287,15.952
motor,120,16,10,16,5,path_aware,s2,0.66,1.0,0.3130280334202628,0.0011523291531347405,15.952
motor,120,16,10,16,5,path_aware,s3,0.77,1.0,0.6933766951566033,0.0015367868333245154,15.952
motor,120,16,10,16,5,path_aware,s4,0.87,1.0,0.9495733813365921,0.0006797119891512088,15.952
motor,120,32,10,6,1,edge_optimist,s1,0.58,1.0,0.045666678490368186,0.0006435977055997759,5.648
motor,120,32,10,6,1,edge_optimist,s2,0.68,1.0,0.11092931550412855,0.0012111227673011742,5.648
motor,120,32,10,6,1,edge_optimist,s3,0.78,1.0,0.23968166733388854,0.002071158183005453,5.648
motor,120,32,10,6,1,edge_optimist,s4,0.88,1.0,0.47356551285964477,0.0034350604190050093,5.648
motor,120,32,10,6,1,over_cautious,s1,0.54,1.0,0.030712630125312303,0.00048010341347396807,5.648
motor,120,32,10,6,1,over_cautious,s2,0.63,1.0,0.07238435170024786,0.0008968514049422043,5.648
motor,120,32,10,6,1,over_cautious,s3,0.74,1.0,0.17824836409267228,0.0016836986350220573,5.648
motor,120,32,10,6,1,over_cautious,s4,0.84,1.0,0.3640451316203543,0.0028037494440356922,5.648
motor,120,32,10,6,1,localized_sign_error,s1,0.52,1.0,0.024920093073408124,0.0004102810361305175,5.648
motor,120,32,10,6,1,localized_sign_error,s2,0.6,1.0,0.055147391999999865,0.0007380685824810319,5.648
motor,120,32,10,6,1,localized_sign_error,s3,0.7,1.0,0.1304895480000001,0.001356026762130685,5.648
motor,120,32,10,6,1,localized_sign_error,s4,0.8,1.0,0.27643084800000184,0.0022922604183724478,5.648
motor,120,32,10,6,1,path_aware,s1,0.56,1.0,0.037577530540032086,0.0005577430119538799,5.648
motor,120,32,10,6,1,path_aware,s2,0.66,1.0,0.09386483123635257,0.0010775447274058015,5.648
motor,120,32,10,6,1,path_aware,s3,0.77,1.0,0.22288743462400923,0.0019678980880557906,5.648
motor,120,32,10,6,1,path_aware,s4,0.87,1.0,0.44391360881224634,0.003263806221061798,5.648
motor,120,32,10,6,2,edge_optimist,s1,0.58,1.0,0.061077465762201896,0.0011306541300850615,10.246
motor,120,32,10,6,2,edge_optimist,s2,0.68,1.0,0.18210883433288394,0.00274664532412808,10.246
motor,120,32,10,6,2,edge_optimist,s3,0.78,1.0,0.41831892988922526,0.004562513180767295,10.246
motor,120,32,10,6,2,edge_optimist,s4,0.88,1.0,0.7463508640830296,0.004222465484262049,10.246
motor,120,32,10,6,2,over_cautious,s1,0.54,1.0,0.036333418217151234,0.000719468954130187,10.246
motor,120,32,10,6,2,over_cautious,s2,0.63,1.0,0.10918285162551725,0.0018406302186435941,10.246
motor,120,32,10,6,2,over_cautious,s3,0.74,1.0,0.30903631092616957,0.003923622975577539,10.246
motor,120,32,10,6,2,over_cautious,s4,0.84,1.0,0.611074634054869,0.004816480542685838,10.246
motor,120,32,10,6,2,localized_sign_error,s1,0.52,1.0,0.0274706912001931,0.0005618909635830538,10.246
motor,120,32,10,6,2,localized_sign_error,s2,0.6,1.0,0.07772797034496003,0.0013882367304832155,10.246
motor,120,32,10,6,2,localized_sign_error,s3,0.7,1.0,0.2194146426348106,0.003142561022692854,10.246
motor,120,32,10,6,2,localized_sign_error,s4,0.8,1.0,0.4794921621913584,0.0047683434398485365,10.246
motor,120,32,10,6,2,path_aware,s1,0.56,1.0,0.04741080117941116,0.0009082426989043419,10.246
motor,120,32,10,6,2,path_aware,s2,0.66,1.0,0.14959535296662088,0.0023653993684463388,10.246
motor,120,32,10,6,2,path_aware,s3,0.77,1.0,0.3892659656920131,0.004426219985940119,10.246
motor,120,32,10,6,2,path_aware,s4,0.87,1.0,0.7129144418171613,0.004438177798468407,10.246
motor,120,32,10,6,3,edge_optimist,s1,0.58,1.0,0.09948512679013975,0.0012184848460001388,14.038
motor,120,32,10,6,3,edge_optimist,s2,0.68,1.0,0.30073509745147164,0.002598811290043147,14.038
motor,120,32,10,6,3,edge_optimist,s3,0.78,1.0,0.6273296934608457,0.00323672369355116,14.038
motor,120,32,10,6,3,edge_optimist,s4,0.88,1.0,0.9176152283039667,0.0017124304600821885,14.038
motor,120,32,10,6,3,over_cautious,s1,0.54,1.0,0.05708556115427605,0.0007908824184090717,14.038
motor,120,32,10,6,3,over_cautious,s2,0.63,1.0,0.18152333167978646,0.0018879873242940803,14.038
motor,120,32,10,6,3,over_cautious,s3,0.74,1.0,0.48812967333629714,0.0031994922923688556,14.038
motor,120,32,10,6,3,over_cautious,s4,0.84,1.0,0.8214820237866155,0.0025555848371904212,14.038
motor,120,32,10,6,3,localized_sign_error,s1,0.52,1.0,0.04210814704871012,0.0006198776794744076,14.038
motor,120,32,10,6,3,localized_sign_error,s2,0.6,1.0,0.1280651022908617,0.0014718282990823833,14.038
motor,120,32,10,6,3,localized_sign_error,s3,0.7,1.0,0.3585971593475039,0.0028494524846159417,14.038
motor,120,32,10,6,3,localized_sign_error,s4,0.8,1.0,0.6961012895576655,0.0031084073873758437,14.038
motor,120,32,10,6,3,path_aware,s1,0.56,1.0,0.07601198931196075,0.0009906335052217443,14.038
motor,120,32,10,6,3,path_aware,s2,0.66,1.0,0.24852342158373647,0.002321159534700293,14.038
motor,120,32,10,6,3,path_aware,s3,0.77,1.0,0.5923599637010696,0.003262763017358035,14.038
motor,120,32,10,6,3,path_aware,s4,0.87,1.0,0.8970117772465301,0.0019388120446546602,14.038
motor,120,32,10,6,5,edge_optimist,s1,0.58,1.0,0.12757221751204406,0.001220825197395022,19.724
motor,120,32,10,6,5,edge_optimist,s2,0.68,1.0,0.4105427885203102,0.0025788559255825317,19.724
motor,120,32,10,6,5,edge_optimist,s3,0.78,1.0,0.7847271048974664,0.002310002803890847,19.724
motor,120,32,10,6,5,edge_optimist,s4,0.88,1.0,0.9805922545389243,0.0004827182533052822,19.724
motor,120,32,10,6,5,over_cautious,s1,0.54,1.0,0.06800596325581981,0.0007462787350096651,19.724
motor,120,32,10,6,5,over_cautious,s2,0.63,1.0,0.24523287340353367,0.0019433381518738414,19.724
motor,120,32,10,6,5,over_cautious,s3,0.74,1.0,0.641892875080427,0.0027361336547529077,19.724
motor,120,32,10,6,5,over_cautious,s4,0.84,1.0,0.9336229687124019,0.0011655957530119947,19.724
motor,120,32,10,6,5,localized_sign_error,s1,0.52,1.0,0.04781343274818623,0.0005612986677845785,19.724
motor,120,32,10,6,5,localized_sign_error,s2,0.6,1.0,0.16855448048641736,0.0015009375485622763,19.724
motor,120,32,10,6,5,localized_sign_error,s3,0.7,1.0,0.4862232722529423,0.0027289420403381684,19.724
motor,120,32,10,6,5,localized_sign_error,s4,0.8,1.0,0.8447349680858214,0.001963947664756325,19.724
motor,120,32,10,6,5,path_aware,s1,0.56,1.0,0.09429257048254813,0.0009669935535242832,19.724
motor,120,32,10,6,5,path_aware,s2,0.66,1.0,0.33948576217419774,0.002357136746141386,19.724
motor,120,32,10,6,5,path_aware,s3,0.77,1.0,0.7514360024509649,0.0024541319675231463,19.724
motor,120,32,10,6,5,path_aware,s4,0.87,1.0,0.972336921104162,0.0006282206368639592,19.724
motor,120,32,10,12,1,edge_optimist,s1,0.58,1.0,0.0656229444140813,0.0011092214132617194,10.524
motor,120,32,10,12,1,edge_optimist,s2,0.68,1.0,0.1951419555885975,0.0027075860939754725,10.524
motor,120,32,10,12,1,edge_optimist,s3,0.78,1.0,0.442476577923435,0.00449452391465893,10.524
motor,120,32,10,12,1,edge_optimist,s4,0.88,1.0,0.7705038200067885,0.00409232382457258,10.524
motor,120,32,10,12,1,over_cautious,s1,0.54,1.0,0.03896807431600499,0.0007027965948426849,10.524
motor,120,32,10,12,1,over_cautious,s2,0.63,1.0,0.11729893105207569,0.0018115259210492681,10.524
motor,120,32,10,12,1,over_cautious,s3,0.74,1.0,0.32901375726918614,0.003869075723603516,10.524
motor,120,32,10,12,1,over_cautious,s4,0.84,1.0,0.6378781979202769,0.004718557130737057,10.524
motor,120,32,10,12,1,localized_sign_error,s1,0.52,1.0,0.029417422099639278,0.0005472336673858693,10.524
motor,120,32,10,12,1,localized_sign_error,s2,0.6,1.0,0.08353505230848002,0.001363987929193273,10.524
motor,120,32,10,12,1,localized_sign_error,s3,0.7,1.0,0.2347087749838308,0.003098813375227665,10.524
motor,120,32,10,12,1,localized_sign_error,s4,0.8,1.0,0.5051901594828782,0.004692082967029635,10.524
motor,120,32,10,12,1,path_aware,s1,0.56,1.0,0.05090465002542485,0.0008893239292802029,10.524
motor,120,32,10,12,1,path_aware,s2,0.66,1.0,0.1605153071979835,0.002330614589586655,10.524
motor,120,32,10,12,1,path_aware,s3,0.77,1.0,0.41248524261555525,0.004361921371361781,10.524
motor,120,32,10,12,1,path_aware,s4,0.87,1.0,0.7381404610068376,0.004317330610195598,10.524
motor,120,32,10,12,2,edge_optimist,s1,0.58,1.0,0.11864985096134104,0.0012871442690896837,17.528
motor,120,32,10,12,2,edge_optimist,s2,0.68,1.0,0.37269214672269946,0.002800754074749509,17.528
motor,120,32,10,12,2,edge_optimist,s3,0.78,1.0,0.7343864856784311,0.003005052691111245,17.528
motor,120,32,10,12,2,edge_optimist,s4,0.88,1.0,0.9652333984219281,0.000980039618477034,17.528
motor,120,32,10,12,2,over_cautious,s1,0.54,1.0,0.06502979273679818,0.0007965765587144353,17.528
motor,120,32,10,12,2,over_cautious,s2,0.63,1.0,0.22359313150521465,0.002051056259982063,17.528
motor,120,32,10,12,2,over_cautious,s3,0.74,1.0,0.5903611503721974,0.003234033267394724,17.528
motor,120,32,10,12,2,over_cautious,s4,0.84,1.0,0.902022986407667,0.00189577923050017,17.528
motor,120,32,10,12,2,localized_sign_error,s1,0.52,1.0,0.04655079245012479,0.0006044597839205215,17.528
motor,120,32,10,12,2,localized_sign_error,s2,0.6,1.0,0.15522422485019982,0.0015789122827676082,17.528
motor,120,32,10,12,2,localized_sign_error,s3,0.7,1.0,0.4424110559359424,0.0030277088809192373,17.528
motor,120,32,10,12,2,localized_sign_error,s4,0.8,1.0,0.798760795040867,0.0027197048883100864,17.528
motor,120,32,10,12,2,path_aware,s1,0.56,1.0,0.08880331022358576,0.0010247040824821856,17.528
motor,120,32,10,12,2,path_aware,s2,0.66,1.0,0.30817230087824743,0.0025209075847139276,17.528
motor,120,32,10,12,2,path_aware,s3,0.77,1.0,0.6998390668398767,0.0031062365179906556,17.528
motor,120,32,10,12,2,path_aware,s4,0.87,1.0,0.9531673815095594,0.0011984173527402869,17.528
motor,120,32,10,12,3,edge_optimist,s1,0.58,1.0,0.14018736818444547,0.0012980992183747467,22.3
motor,120,32,10,12,3,edge_optimist,s2,0.68,1.0,0.45688181771226455,0.0027055761442293267,22.3
motor,120,32,10,12,3,edge_optimist,s3,0.78,1.0,0.8343239514446383,0.0021283498381014917,22.3
motor,120,32,10,12,3,edge_optimist,s4,0.88,1.0,0.9900268149701161,0.00031288840737066145,22.3
motor,120,32,10,12,3,over_cautious,s1,0.54,1.0,0.07277232493156684,0.0007724262733723667,22.3
motor,120,32,10,12,3,over_cautious,s2,0.63,1.0,0.2736367004849429,0.0020804145175557886,22.3
motor,120,32,10,12,3,over_cautious,s3,0.74,1.0,0.698296469203761,0.0027000123444821784,22.3
motor,120,32,10,12,3,over_cautious,s4,0.84,1.0,0.9582765980243155,0.0009089894947363482,22.3
motor,120,32,10,12,3,localized_sign_error,s1,0.52,1.0,0.050230665898519,0.0005685703454664864,22.3
motor,120,32,10,12,3,localized_sign_error,s2,0.6,1.0,0.18678644945609005,0.0016056835254066176,22.3
motor,120,32,10,12,3,localized_sign_error,s3,0.7,1.0,0.5381372666741161,0.0028186238644793563,22.3
motor,120,32,10,12,3,localized_sign_error,s4,0.8,1.0,0.8871499828904593,0.0017293041885721033,22.3
motor,120,32,10,12,3,path_aware,s1,0.56,1.0,0.1024205860887174,0.0010170605344176785,22.3
motor,120,32,10,12,3,path_aware,s2,0.66,1.0,0.37896259876026517,0.002500958288060693,22.3
motor,120,32,10,12,3,path_aware,s3,0.77,1.0,0.8037808993433941,0.0023060744196144165,22.3
motor,120,32,10,12,3,path_aware,s4,0.87,1.0,0.9849494878612612,0.00043000390857123077,22.3
motor,120,32,10,12,5,edge_optimist,s1,0.58,1.0,0.16290526770095762,0.001354533082827963,27.56
motor,120,32,10,12,5,edge_optimist,s2,0.68,1.0,0.539964064484462,0.0026053614871916105,27.56
motor,120,32,10,12,5,edge_optimist,s3,0.78,1.0,0.9043077219405635,0.0013811553278916065,27.56
motor,120,32,10,12,5,edge_optimist,s4,0.88,1.0,0.9976738139054236,7.847664364969379e-05,27.56
motor,120,32,10,12,5,over_cautious,s1,0.54,1.0,0.0804941313269574,0.0007729940748203905,27.56
motor,120,32,10,12,5,over_cautious,s2,0.63,1.0,0.3263197724886022,0.002157806816318481,27.56
motor,120,32,10,12,5,over_cautious,s3,0.74,1.0,0.7884917415930243,0.0021474273492588214,27.56
motor,120,32,10,12,5,over_cautious,s4,0.84,1.0,0.984550008983294,0.0003696446187465243,27.56
motor,120,32,10,12,5,localized_sign_error,s1,0.52,1.0,0.0536481978588578,0.0005487705315727305,27.56
motor,120,32,10,12,5,localized_sign_error,s2,0.6,1.0,0.22031472515401868,0.001684691776810702,27.56
motor,120,32,10,12,5,localized_sign_error,s3,0.7,1.0,0.6285479832026809,0.00258078280068576,27.56
motor,120,32,10,12,5,localized_sign_error,s4,0.8,1.0,0.9424157405914004,0.0009848792969954267,27.56
motor,120,32,10,12,5,path_aware,s1,0.56,1.0,0.11650792340493953,0.001044639624597597,27.56
motor,120,32,10,12,5,path_aware,s2,0.66,1.0,0.45119200171754836,0.002502299781453002,27.56
motor,120,32,10,12,5,path_aware,s3,0.77,1.0,0.8802999072602894,0.0015851466261774918,27.56
motor,120,32,10,12,5,path_aware,s4,0.87,1.0,0.9959893613744616,0.00012394959355499518,27.56
motor,120,32,10,16,1,edge_optimist,s1,0.58,1.0,0.09788922803277945,0.0013055058915008688,13.222
motor,120,32,10,16,1,edge_optimist,s2,0.68,1.0,0.28927802047535245,0.002811303682919167,13.222
motor,120,32,10,16,1,edge_optimist,s3,0.78,1.0,0.603689205561982,0.003746971974390255,13.222
motor,120,32,10,16,1,edge_optimist,s4,0.88,1.0,0.9005594202170673,0.002374347998578517,13.222
motor,120,32,10,16,1,over_cautious,s1,0.54,1.0,0.05705740600927553,0.0008496898169866775,13.222
motor,120,32,10,16,1,over_cautious,s2,0.63,1.0,0.1760803912653815,0.0020236410021101654,13.222
motor,120,32,10,16,1,over_cautious,s3,0.74,1.0,0.46839558503839995,0.003568575791981633,13.222
motor,120,32,10,16,1,over_cautious,s4,0.84,1.0,0.7986058087888528,0.003237845180922231,13.222
motor,120,32,10,16,1,localized_sign_error,s1,0.52,1.0,0.04247934395399879,0.000667093749884497,13.222
motor,120,32,10,16,1,localized_sign_error,s2,0.6,1.0,0.12520477855265588,0.0015760520815275819,13.222
motor,120,32,10,16,1,localized_sign_error,s3,0.7,1.0,0.3443404327700999,0.0031052691922397978,13.222
motor,120,32,10,16,1,localized_sign_error,s4,0.8,1.0,0.6716630489261667,0.003689436500925105,13.222
motor,120,32,10,16,1,path_aware,s1,0.56,1.0,0.07534541942706718,0.0010626445677330316,13.222
motor,120,32,10,16,1,path_aware,s2,0.66,1.0,0.2396915718841722,0.002498218911782724,13.222
motor,120,32,10,16,1,path_aware,s3,0.77,1.0,0.5694479359814796,0.0037365154508869733,13.222
motor,120,32,10,16,1,path_aware,s4,0.87,1.0,0.8781638718122452,0.002621157936977348,13.222
motor,120,32,10,16,2,edge_optimist,s1,0.58,1.0,0.13115993233611836,0.0012601395387436994,20.968
motor,120,32,10,16,2,edge_optimist,s2,0.68,1.0,0.42843605143106506,0.0026820117552181955,20.968
motor,120,32,10,16,2,edge_optimist,s3,0.78,1.0,0.8065965679944935,0.00225649681598978,20.968
motor,120,32,10,16,2,edge_optimist,s4,0.88,1.0,0.9854622227038442,0.0003831853664430697,20.968
motor,120,32,10,16,2,over_cautious,s1,0.54,1.0,0.06875456101812788,0.0007539644477097575,20.968
motor,120,32,10,16,2,over_cautious,s2,0.63,1.0,0.2551666213700248,0.0020295873662485283,20.968
motor,120,32,10,16,2,over_cautious,s3,0.74,1.0,0.6655362988746187,0.002768866481496837,20.968
motor,120,32,10,16,2,over_cautious,s4,0.84,1.0,0.9454608619648709,0.001036027257520959,20.968
motor,120,32,10,16,2,localized_sign_error,s1,0.52,1.0,0.04781111295645039,0.0005586878926780743,20.968
motor,120,32,10,16,2,localized_sign_error,s2,0.6,1.0,0.17432720211930286,0.001559603071162679,20.968
motor,120,32,10,16,2,localized_sign_error,s3,0.7,1.0,0.5068705246879653,0.002820523900993112,20.968
motor,120,32,10,16,2,localized_sign_error,s4,0.8,1.0,0.8639392868472003,0.0018716673344700086,20.968
motor,120,32,10,16,2,path_aware,s1,0.56,1.0,0.09621498600656431,0.0009888527482902218,20.968
motor,120,32,10,16,2,path_aware,s2,0.66,1.0,0.3542215335735837,0.002460224705506113,20.968
motor,120,32,10,16,2,path_aware,s3,0.77,1.0,0.7742232931179892,0.0024223997478250003,20.968
motor,120,32,10,16,2,path_aware,s4,0.87,1.0,0.9787193578171267,0.000515922312187261,20.968
motor,120,32,10,16,3,edge_optimist,s1,0.58,1.0,0.14787614849511507,0.0012396987789040264,25.598
motor,120,32,10,16,3,edge_optimist,s2,0.68,1.0,0.4988741431234577,0.002437341738069655,25.598
motor,120,32,10,16,3,edge_optimist,s3,0.78,1.0,0.8770867585997547,0.0014474161458384873,25.598
motor,120,32,10,16,3,edge_optimist,s4,0.88,1.0,0.9958091315465302,0.00010446996351607585,25.598
motor,120,32,10,16,3,over_cautious,s1,0.54,1.0,0.07369530640021739,0.0007231301823750439,25.598
motor,120,32,10,16,3,over_cautious,s2,0.63,1.0,0.2970097386969077,0.0019725280949617484,25.598
motor,120,32,10,16,3,over_cautious,s3,0.74,1.0,0.7494778823809115,0.002126595396690796,25.598
motor,120,32,10,16,3,over_cautious,s4,0.84,1.0,0.9763948044436915,0.00043716143575040325,25.598
motor,120,32,10,16,3,localized_sign_error,s1,0.52,1.0,0.04952467896847566,0.0005233347507928159,25.598
motor,120,32,10,16,3,localized_sign_error,s2,0.6,1.0,0.19987098729624228,0.001536229130077415,25.598
motor,120,32,10,16,3,localized_sign_error,s3,0.7,1.0,0.5857331919999302,0.002451932835397371,25.598
motor,120,32,10,16,3,localized_sign_error,s4,0.8,1.0,0.9222443977043578,0.0010686954248080363,25.598
motor,120,32,10,16,3,path_aware,s1,0.56,1.0,0.10607655041600636,0.0009641115602867195,25.598
motor,120,32,10,16,3,path_aware,s2,0.66,1.0,0.41384766663098427,0.0023131207821245428,25.598
motor,120,32,10,16,3,path_aware,s3,0.77,1.0,0.8496680411914665,0.0016353282645514913,25.598
motor,120,32,10,16,3,path_aware,s4,0.87,1.0,0.9930990884749613,0.00015952415593637406,25.598
motor,120,32,10,16,5,edge_optimist,s1,0.58,1.0,0.18228565357786589,0.0012047757657086277,29.826
motor,120,32,10,16,5,edge_optimist,s2,0.68,1.0,0.5889182661030437,0.0018996240653189806,29.826
motor,120,32,10,16,5,edge_optimist,s3,0.78,1.0,0.9322980175002128,0.0007653498193768767,29.826
motor,120,32,10,16,5,edge_optimist,s4,0.88,1.0,0.9990623355452544,2.8229555706081296e-05,29.826
motor,120,32,10,16,5,over_cautious,s1,0.54,1.0,0.08960897083866286,0.0007310672008330539,29.826
motor,120,32,10,16,5,over_cautious,s2,0.63,1.0,0.36275870709441316,0.0017512932000578129,29.826
motor,120,32,10,16,5,over_cautious,s3,0.74,1.0,0.8316220762379455,0.0013442037785280532,29.826
motor,120,32,10,16,5,over_cautious,s4,0.84,1.0,0.9916880607054197,0.00016258281819412683,29.826
motor,120,32,10,16,5,localized_sign_error,s1,0.52,1.0,0.059351093039082155,0.0005327892624672849,29.826
motor,120,32,10,16,5,localized_sign_error,s2,0.6,1.0,0.24628814808642474,0.0014472551967137815,29.826
motor,120,32,10,16,5,localized_sign_error,s3,0.7,1.0,0.6784800335521892,0.0017942548158581218,29.826
motor,120,32,10,16,5,localized_sign_error,s4,0.8,1.0,0.9622350462665084,0.0005091708914984031,29.826
motor,120,32,10,16,5,path_aware,s1,0.56,1.0,0.1301907394787967,0.0009594644819845387,29.826
motor,120,32,10,16,5,path_aware,s2,0.66,1.0,0.4965174381739709,0.001908068173148396,29.826
motor,120,32,10,16,5,path_aware,s3,0.77,1.0,0.9124414270150256,0.0009073074470022961,29.826
motor,120,32,10,16,5,path_aware,s4,0.87,1.0,0.9982427602080292,4.708354325041797e-05,29.826
f02,160,1,5,4,1,edge_optimist,s1,0.58,1.0,0.0,0.0,1.0
f02,160,1,5,4,1,edge_optimist,s2,0.68,1.0,0.0,0.0,1.0
f02,160,1,5,4,1,edge_optimist,s3,0.78,1.0,0.0,0.0,1.0
f02,160,1,5,4,1,edge_optimist,s4,0.88,1.0,0.0,0.0,1.0
f02,160,1,5,4,1,over_cautious,s1,0.54,1.0,0.0,0.0,1.0
f02,160,1,5,4,1,over_cautious,s2,0.63,1.0,0.0,0.0,1.0
f02,160,1,5,4,1,over_cautious,s3,0.74,1.0,0.0,0.0,1.0
f02,160,1,5,4,1,over_cautious,s4,0.84,1.0,0.0,0.0,1.0
f02,160,1,5,4,1,localized_sign_error,s1,0.52,1.0,0.0,0.0,1.0
f02,160,1,5,4,1,localized_sign_error,s2,0.6,1.0,0.0,0.0,1.0
f02,160,1,5,4,1,localized_sign_error,s3,0.7,1.0,0.0,0.0,1.0
f02,160,1,5,4,1,localized_sign_error,s4,0.8,1.0,0.0,0.0,1.0
f02,160,1,5,4,1,path_aware,s1,0.56,1.0,0.0,0.0,1.0
f02,160,1,5,4,1,path_aware,s2,0.66,1.0,0.0,0.0,1.0
f02,160,1,5,4,1,path_aware,s3,0.77,1.0,0.0,0.0,1.0
f02,160,1,5,4,1,path_aware,s4,0.87,1.0,0.0,0.0,1.0
f02,160,1,5,4,2,edge_optimist,s1,0.58,0.0,,,
f02,160,1,5,4,2,edge_optimist,s2,0.68,0.0,,,
f02,160,1,5,4,2,edge_optimist,s3,0.78,0.0,,,
f02,160,1,5,4,2,edge_optimist,s4,0.88,0.0,,,
f02,160,1,5,4,2,over_cautious,s1,0.54,0.0,,,
f02,160,1,5,4,2,over_cautious,s2,0.63,0.0,,,
f02,160,1,5,4,2,over_cautious,s3,0.74,0.0,,,
f02,160,1,5,4,2,over_cautious,s4,0.84,0.0,,,
f02,160,1,5,4,2,localized_sign_error,s1,0.52,0.0,,,
f02,160,1,5,4,2,localized_sign_error,s2,0.6,0.0,,,
f02,160,1,5,4,2,localized_sign_error,s3,0.7,0.0,,,
f02,160,1,5,4,2,localized_sign_error,s4,0.8,0.0,,,
f02,160,1,5,4,2,path_aware,s1,0.56,0.0,,,
f02,160,1,5,4,2,path_aware,s2,0.66,0.0,,,
f02,160,1,5,4,2,path_aware,s3,0.77,0.0,,,
f02,160,1,5,4,2,path_aware,s4,0.87,0.0,,,
f02,160,1,5,4,3,edge_optimist,s1,0.58,0.0,,,
f02,160,1,5,4,3,edge_optimist,s2,0.68,0.0,,,
f02,160,1,5,4,3,edge_optimist,s3,0.78,0.0,,,
f02,160,1,5,4,3,edge_optimist,s4,0.88,0.0,,,
f02,160,1,5,4,3,over_cautious,s1,0.54,0.0,,,
f02,160,1,5,4,3,over_cautious,s2,0.63,0.0,,,
f02,160,1,5,4,3,over_cautious,s3,0.74,0.0,,,
f02,160,1,5,4,3,over_cautious,s4,0.84,0.0,,,
f02,160,1,5,4,3,localized_sign_error,s1,0.52,0.0,,,
f02,160,1,5,4,3,localized_sign_error,s2,0.6,0.0,,,
f02,160,1,5,4,3,localized_sign_error,s3,0.7,0.0,,,
f02,160,1,5,4,3,localized_sign_error,s4,0.8,0.0,,,
f02,160,1,5,4,3,path_aware,s1,0.56,0.0,,,
f02,160,1,5,4,3,path_aware,s2,0.66,0.0,,,
f02,160,1,5,4,3,path_aware,s3,0.77,0.0,,,
f02,160,1,5,4,3,path_aware,s4,0.87,0.0,,,
f02,160,1,5,4,5,edge_optimist,s1,0.58,0.0,,,
f02,160,1,5,4,5,edge_optimist,s2,0.68,0.0,,,
f02,160,1,5,4,5,edge_optimist,s3,0.78,0.0,,,
f02,160,1,5,4,5,edge_optimist,s4,0.88,0.0,,,
f02,160,1,5,4,5,over_cautious,s1,0.54,0.0,,,
f02,160,1,5,4,5,over_cautious,s2,0.63,0.0,,,
f02,160,1,5,4,5,over_cautious,s3,0.74,0.0,,,
f02,160,1,5,4,5,over_cautious,s4,0.84,0.0,,,
f02,160,1,5,4,5,localized_sign_error,s1,0.52,0.0,,,
f02,160,1,5,4,5,localized_sign_error,s2,0.6,0.0,,,
f02,160,1,5,4,5,localized_sign_error,s3,0.7,0.0,,,
f02,160,1,5,4,5,localized_sign_error,s4,0.8,0.0,,,
f02,160,1,5,4,5,path_aware,s1,0.56,0.0,,,
f02,160,1,5,4,5,path_aware,s2,0.66,0.0,,,
f02,160,1,5,4,5,path_aware,s3,0.77,0.0,,,
f02,160,1,5,4,5,path_aware,s4,0.87,0.0,,,
f02,160,1,5,8,1,edge_optimist,s1,0.58,0.0,,,
f02,160,1,5,8,1,edge_optimist,s2,0.68,0.0,,,
f02,160,1,5,8,1,edge_optimist,s3,0.78,0.0,,,
f02,160,1,5,8,1,edge_optimist,s4,0.88,0.0,,,
f02,160,1,5,8,1,over_cautious,s1,0.54,0.0,,,
f02,160,1,5,8,1,over_cautious,s2,0.63,0.0,,,
f02,160,1,5,8,1,over_cautious,s3,0.74,0.0,,,
f02,160,1,5,8,1,over_cautious,s4,0.84,0.0,,,
f02,160,1,5,8,1,localized_sign_error,s1,0.52,0.0,,,
f02,160,1,5,8,1,localized_sign_error,s2,0.6,0.0,,,
f02,160,1,5,8,1,localized_sign_error,s3,0.7,0.0,,,
f02,160,1,5,8,1,localized_sign_error,s4,0.8,0.0,,,
f02,160,1,5,8,1,path_aware,s1,0.56,0.0,,,
f02,160,1,5,8,1,path_aware,s2,0.66,0.0,,,
f02,160,1,5,8,1,path_aware,s3,0.77,0.0,,,
f02,160,1,5,8,1,path_aware,s4,0.87,0.0,,,
f02,160,1,5,8,2,edge_optimist,s1,0.58,0.0,,,
f02,160,1,5,8,2,edge_optimist,s2,0.68,0.0,,,
f02,160,1,5,8,2,edge_optimist,s3,0.78,0.0,,,
f02,160,1,5,8,2,edge_optimist,s4,0.88,0.0,,,
f02,160,1,5,8,2,over_cautious,s1,0.54,0.0,,,
f02,160,1,5,8,2,over_cautious,s2,0.63,0.0,,,
f02,160,1,5,8,2,over_cautious,s3,0.74,0.0,,,
f02,160,1,5,8,2,over_cautious,s4,0.84,0.0,,,
f02,160,1,5,8,2,localized_sign_error,s1,0.52,0.0,,,
f02,160,1,5,8,2,localized_sign_error,s2,0.6,0.0,,,
f02,160,1,5,8,2,localized_sign_error,s3,0.7,0.0,,,
f02,160,1,5,8,2,localized_sign_error,s4,0.8,0.0,,,
f02,160,1,5,8,2,path_aware,s1,0.56,0.0,,,
f02,160,1,5,8,2,path_aware,s2,0.66,0.0,,,
f02,160,1,5,8,2,path_aware,s3,0.77,0.0,,,
f02,160,1,5,8,2,path_aware,s4,0.87,0.0,,,
f02,160,1,5,8,3,edge_optimist,s1,0.58,0.0,,,
f02,160,1,5,8,3,edge_optimist,s2,0.68,0.0,,,
f02,160,1,5,8,3,edge_optimist,s3,0.78,0.0,,,
f02,160,1,5,8,3,edge_optimist,s4,0.88,0.0,,,
f02,160,1,5,8,3,over_cautious,s1,0.54,0.0,,,
f02,160,1,5,8,3,over_cautious,s2,0.63,0.0,,,
f02,160,1,5,8,3,over_cautious,s3,0.74,0.0,,,
f02,160,1,5,8,3,over_cautious,s4,0.84,0.0,,,
f02,160,1,5,8,3,localized_sign_error,s1,0.52,0.0,,,
f02,160,1,5,8,3,localized_sign_error,s2,0.6,0.0,,,
f02,160,1,5,8,3,localized_sign_error,s3,0.7,0.0,,,
f02,160,1,5,8,3,localized_sign_error,s4,0.8,0.0,,,
f02,160,1,5,8,3,path_aware,s1,0.56,0.0,,,
f02,160,1,5,8,3,path_aware,s2,0.66,0.0,,,
f02,160,1,5,8,3,path_aware,s3,0.77,0.0,,,
f02,160,1,5,8,3,path_aware,s4,0.87,0.0,,,
f02,160,1,5,8,5,edge_optimist,s1,0.58,0.0,,,
f02,160,1,5,8,5,edge_optimist,s2,0.68,0.0,,,
f02,160,1,5,8,5,edge_optimist,s3,0.78,0.0,,,
f02,160,1,5,8,5,edge_optimist,s4,0.88,0.0,,,
f02,160,1,5,8,5,over_cautious,s1,0.54,0.0,,,
f02,160,1,5,8,5,over_cautious,s2,0.63,0.0,,,
f02,160,1,5,8,5,over_cautious,s3,0.74,0.0,,,
f02,160,1,5,8,5,over_cautious,s4,0.84,0.0,,,
f02,160,1,5,8,5,localized_sign_error,s1,0.52,0.0,,,
f02,160,1,5,8,5,localized_sign_error,s2,0.6,0.0,,,
f02,160,1,5,8,5,localized_sign_error,s3,0.7,0.0,,,
f02,160,1,5,8,5,localized_sign_error,s4,0.8,0.0,,,
f02,160,1,5,8,5,path_aware,s1,0.56,0.0,,,
f02,160,1,5,8,5,path_aware,s2,0.66,0.0,,,
f02,160,1,5,8,5,path_aware,s3,0.77,0.0,,,
f02,160,1,5,8,5,path_aware,s4,0.87,0.0,,,
f02,160,1,5,12,1,edge_optimist,s1,0.58,0.0,,,
f02,160,1,5,12,1,edge_optimist,s2,0.68,0.0,,,
f02,160,1,5,12,1,edge_optimist,s3,0.78,0.0,,,
f02,160,1,5,12,1,edge_optimist,s4,0.88,0.0,,,
f02,160,1,5,12,1,over_cautious,s1,0.54,0.0,,,
f02,160,1,5,12,1,over_cautious,s2,0.63,0.0,,,
f02,160,1,5,12,1,over_cautious,s3,0.74,0.0,,,
f02,160,1,5,12,1,over_cautious,s4,0.84,0.0,,,
f02,160,1,5,12,1,localized_sign_error,s1,0.52,0.0,,,
f02,160,1,5,12,1,localized_sign_error,s2,0.6,0.0,,,
f02,160,1,5,12,1,localized_sign_error,s3,0.7,0.0,,,
f02,160,1,5,12,1,localized_sign_error,s4,0.8,0.0,,,
f02,160,1,5,12,1,path_aware,s1,0.56,0.0,,,
f02,160,1,5,12,1,path_aware,s2,0.66,0.0,,,
f02,160,1,5,12,1,path_aware,s3,0.77,0.0,,,
f02,160,1,5,12,1,path_aware,s4,0.87,0.0,,,
f02,160,1,5,12,2,edge_optimist,s1,0.58,0.0,,,
f02,160,1,5,12,2,edge_optimist,s2,0.68,0.0,,,
f02,160,1,5,12,2,edge_optimist,s3,0.78,0.0,,,
f02,160,1,5,12,2,edge_optimist,s4,0.88,0.0,,,
f02,160,1,5,12,2,over_cautious,s1,0.54,0.0,,,
f02,160,1,5,12,2,over_cautious,s2,0.63,0.0,,,
f02,160,1,5,12,2,over_cautious,s3,0.74,0.0,,,
f02,160,1,5,12,2,over_cautious,s4,0.84,0.0,,,
f02,160,1,5,12,2,localized_sign_error,s1,0.52,0.0,,,
f02,160,1,5,12,2,localized_sign_error,s2,0.6,0.0,,,
f02,160,1,5,12,2,localized_sign_error,s3,0.7,0.0,,,
f02,160,1,5,12,2,localized_sign_error,s4,0.8,0.0,,,
f02,160,1,5,12,2,path_aware,s1,0.56,0.0,,,
f02,160,1,5,12,2,path_aware,s2,0.66,0.0,,,
f02,160,1,5,12,2,path_aware,s3,0.77,0.0,,,
f02,160,1,5,12,2,path_aware,s4,0.87,0.0,,,
f02,160,1,5,12,3,edge_optimist,s1,0.58,0.0,,,
f02,160,1,5,12,3,edge_optimist,s2,0.68,0.0,,,
f02,160,1,5,12,3,edge_optimist,s3,0.78,0.0,,,
f02,160,1,5,12,3,edge_optimist,s4,0.88,0.0,,,
f02,160,1,5,12,3,over_cautious,s1,0.54,0.0,,,
f02,160,1,5,12,3,over_cautious,s2,0.63,0.0,,,
f02,160,1,5,12,3,over_cautious,s3,0.74,0.0,,,
f02,160,1,5,12,3,over_cautious,s4,0.84,0.0,,,
f02,160,1,5,12,3,localized_sign_error,s1,0.52,0.0,,,
f02,160,1,5,12,3,localized_sign_error,s2,0.6,0.0,,,
f02,160,1,5,12,3,localized_sign_error,s3,0.7,0.0,,,
f02,160,1,5,12,3,localized_sign_error,s4,0.8,0.0,,,
f02,160,1,5,12,3,path_aware,s1,0.56,0.0,,,
f02,160,1,5,12,3,path_aware,s2,0.66,0.0,,,
f02,160,1,5,12,3,path_aware,s3,0.77,0.0,,,
f02,160,1,5,12,3,path_aware,s4,0.87,0.0,,,
f02,160,1,5,12,5,edge_optimist,s1,0.58,0.0,,,
f02,160,1,5,12,5,edge_optimist,s2,0.68,0.0,,,
f02,160,1,5,12,5,edge_optimist,s3,0.78,0.0,,,
f02,160,1,5,12,5,edge_optimist,s4,0.88,0.0,,,
f02,160,1,5,12,5,over_cautious,s1,0.54,0.0,,,
f02,160,1,5,12,5,over_cautious,s2,0.63,0.0,,,
f02,160,1,5,12,5,over_cautious,s3,0.74,0.0,,,
f02,160,1,5,12,5,over_cautious,s4,0.84,0.0,,,
f02,160,1,5,12,5,localized_sign_error,s1,0.52,0.0,,,
f02,160,1,5,12,5,localized_sign_error,s2,0.6,0.0,,,
f02,160,1,5,12,5,localized_sign_error,s3,0.7,0.0,,,
f02,160,1,5,12,5,localized_sign_error,s4,0.8,0.0,,,
f02,160,1,5,12,5,path_aware,s1,0.56,0.0,,,
f02,160,1,5,12,5,path_aware,s2,0.66,0.0,,,
f02,160,1,5,12,5,path_aware,s3,0.77,0.0,,,
f02,160,1,5,12,5,path_aware,s4,0.87,0.0,,,
f02,160,8,5,4,1,edge_optimist,s1,0.58,1.0,0.0,0.0,3.308
f02,160,8,5,4,1,edge_optimist,s2,0.68,1.0,0.0,0.0,3.308
f02,160,8,5,4,1,edge_optimist,s3,0.78,1.0,0.0,0.0,3.308
f02,160,8,5,4,1,edge_optimist,s4,0.88,1.0,0.0,0.0,3.308
f02,160,8,5,4,1,over_cautious,s1,0.54,1.0,0.0,0.0,3.308
f02,160,8,5,4,1,over_cautious,s2,0.63,1.0,0.0,0.0,3.308
f02,160,8,5,4,1,over_cautious,s3,0.74,1.0,0.0,0.0,3.308
f02,160,8,5,4,1,over_cautious,s4,0.84,1.0,0.0,0.0,3.308
f02,160,8,5,4,1,localized_sign_error,s1,0.52,1.0,0.0,0.0,3.308
f02,160,8,5,4,1,localized_sign_error,s2,0.6,1.0,0.0,0.0,3.308
f02,160,8,5,4,1,localized_sign_error,s3,0.7,1.0,0.0,0.0,3.308
f02,160,8,5,4,1,localized_sign_error,s4,0.8,1.0,0.0,0.0,3.308
f02,160,8,5,4,1,path_aware,s1,0.56,1.0,0.0,0.0,3.308
f02,160,8,5,4,1,path_aware,s2,0.66,1.0,0.0,0.0,3.308
f02,160,8,5,4,1,path_aware,s3,0.77,1.0,0.0,0.0,3.308
f02,160,8,5,4,1,path_aware,s4,0.87,1.0,0.0,0.0,3.308
f02,160,8,5,4,2,edge_optimist,s1,0.58,1.0,0.04061026767600363,0.0010944100016208,5.298
f02,160,8,5,4,2,edge_optimist,s2,0.68,1.0,0.09632099125790003,0.0023888054741437147,5.298
f02,160,8,5,4,2,edge_optimist,s3,0.78,1.0,0.2041769708361556,0.004747927937367011,5.298
f02,160,8,5,4,2,edge_optimist,s4,0.88,1.0,0.3972007962200759,0.008842762578182747,5.298
f02,160,8,5,4,2,over_cautious,s1,0.54,1.0,0.027619575508073983,0.000773208837638702,5.298
f02,160,8,5,4,2,over_cautious,s2,0.63,1.0,0.06356320691664487,0.0016396075063014799,5.298
f02,160,8,5,4,2,over_cautious,s3,0.74,1.0,0.15293485253201478,0.0036405206092626798,5.298
f02,160,8,5,4,2,over_cautious,s4,0.84,1.0,0.30712928326118394,0.006939112087983918,5.298
f02,160,8,5,4,2,localized_sign_error,s1,0.52,1.0,0.022545512670901137,0.00064391820956878,5.298
f02,160,8,5,4,2,localized_sign_error,s2,0.6,1.0,0.048786001919999954,0.0012912465039384682,5.298
f02,160,8,5,4,2,localized_sign_error,s3,0.7,1.0,0.11283480292000003,0.0027582647607834066,5.298
f02,160,8,5,4,2,localized_sign_error,s4,0.8,1.0,0.23469228032000133,0.005400723352686028,5.298
f02,160,8,5,4,2,path_aware,s1,0.56,1.0,0.033599988805350374,0.0009225876431213134,5.298
f02,160,8,5,4,2,path_aware,s2,0.66,1.0,0.08185903341618342,0.0020611894894630098,5.298
f02,160,8,5,4,2,path_aware,s3,0.77,1.0,0.19019995076585425,0.00444749404297692,5.298
f02,160,8,5,4,2,path_aware,s4,0.87,1.0,0.37285848112153,0.008328577446235956,5.298
f02,160,8,5,4,3,edge_optimist,s1,0.58,1.0,0.03949548193644935,0.0008937047847070998,6.366
f02,160,8,5,4,3,edge_optimist,s2,0.68,1.0,0.10201434387046764,0.0019182451938849691,6.366
f02,160,8,5,4,3,edge_optimist,s3,0.78,1.0,0.23083650146216672,0.003348999092919278,6.366
f02,160,8,5,4,3,edge_optimist,s4,0.88,1.0,0.47083528967715477,0.0044138861902787,6.366
f02,160,8,5,4,3,over_cautious,s1,0.54,1.0,0.025801564124024644,0.0006241003089187886,6.366
f02,160,8,5,4,3,over_cautious,s2,0.63,1.0,0.06468151537731755,0.001341228817792877,6.366
f02,160,8,5,4,3,over_cautious,s3,0.74,1.0,0.16882629154745868,0.002754531874252082,6.366
f02,160,8,5,4,3,over_cautious,s4,0.84,1.0,0.3579692949900369,0.004127815647646962,6.366
f02,160,8,5,4,3,localized_sign_error,s1,0.52,1.0,0.020612767069818023,0.0005155079253563572,6.366
f02,160,8,5,4,3,localized_sign_error,s2,0.6,1.0,0.04834556927999971,0.0010572900668390495,6.366
f02,160,8,5,4,3,localized_sign_error,s3,0.7,1.0,0.12125981587999977,0.0021826661061397266,6.366
f02,160,8,5,4,3,localized_sign_error,s4,0.8,1.0,0.2682309836800019,0.0036351069171353086,6.366
f02,160,8,5,4,3,path_aware,s1,0.56,1.0,0.03204128217896084,0.0007497041960175847,6.366
f02,160,8,5,4,3,path_aware,s2,0.66,1.0,0.08537433296074716,0.0016722564207689234,6.366
f02,160,8,5,4,3,path_aware,s3,0.77,1.0,0.2138137646827641,0.003201373580954934,6.366
f02,160,8,5,4,3,path_aware,s4,0.87,1.0,0.44022828651827656,0.0043691084031215145,6.366
f02,160,8,5,4,5,edge_optimist,s1,0.58,1.0,0.05858046954615547,0.001409786259311868,7.49
f02,160,8,5,4,5,edge_optimist,s2,0.68,1.0,0.15159090100583789,0.003280255366627902,7.49
f02,160,8,5,4,5,edge_optimist,s3,0.78,1.0,0.32676858413447646,0.005906324559543319,7.49
f02,160,8,5,4,5,edge_optimist,s4,0.88,1.0,0.6000293993349346,0.007509997023807198,7.49
f02,160,8,5,4,5,over_cautious,s1,0.54,1.0,0.037676919018511154,0.0009350204676384122,7.49
f02,160,8,5,4,5,over_cautious,s2,0.63,1.0,0.09663830075690023,0.0022190795913611186,7.49
f02,160,8,5,4,5,over_cautious,s3,0.74,1.0,0.24518104553312467,0.0048243491681421394,7.49
f02,160,8,5,4,5,over_cautious,s4,0.84,1.0,0.47946504339393187,0.007224959267240718,7.49
f02,160,8,5,4,5,localized_sign_error,s1,0.52,1.0,0.029760809442633217,0.0007486008547373966,7.49
f02,160,8,5,4,5,localized_sign_error,s2,0.6,1.0,0.07202939903999955,0.0017033646991613063,7.49
f02,160,8,5,4,5,localized_sign_error,s3,0.7,1.0,0.17917472104000104,0.003769016963247269,7.49
f02,160,8,5,4,5,localized_sign_error,s4,0.8,1.0,0.3736495718399998,0.006413207952055543,7.49
f02,160,8,5,4,5,path_aware,s1,0.56,1.0,0.047208607999485716,0.0011544712146775162,7.49
f02,160,8,5,4,5,path_aware,s2,0.66,1.0,0.12732993083232752,0.002826483959714642,7.49
f02,160,8,5,4,5,path_aware,s3,0.77,1.0,0.3048584982977096,0.005640284568395485,7.49
f02,160,8,5,4,5,path_aware,s4,0.87,1.0,0.5686537575431144,0.007508969461080681,7.49
f02,160,8,5,8,1,edge_optimist,s1,0.58,1.0,0.04358030830547436,0.0010927916991446654,5.228
f02,160,8,5,8,1,edge_optimist,s2,0.68,1.0,0.10209113017320748,0.002364537906336965,5.228
f02,160,8,5,8,1,edge_optimist,s3,0.78,1.0,0.2139478618193159,0.004653535276000918,5.228
f02,160,8,5,8,1,edge_optimist,s4,0.88,1.0,0.41182868058270516,0.008576309223997668,5.228
f02,160,8,5,8,1,over_cautious,s1,0.54,1.0,0.029795907522228254,0.0007744681058450651,5.228
f02,160,8,5,8,1,over_cautious,s2,0.63,1.0,0.06778139965281933,0.0016303177622973089,5.228
f02,160,8,5,8,1,over_cautious,s3,0.74,1.0,0.16097067435990353,0.003582659079293028,5.228
f02,160,8,5,8,1,over_cautious,s4,0.84,1.0,0.3197599530607724,0.0067585997309075165,5.228
f02,160,8,5,8,1,localized_sign_error,s1,0.52,1.0,0.024387768495715268,0.0006459124367229398,5.228
f02,160,8,5,8,1,localized_sign_error,s2,0.6,1.0,0.05221988352000002,0.001287224845308337,5.228
f02,160,8,5,8,1,localized_sign_error,s3,0.7,1.0,0.11931222072000004,0.0027250756480903075,5.228
f02,160,8,5,8,1,localized_sign_error,s4,0.8,1.0,0.2453877555200013,0.005282391997294514,5.228
f02,160,8,5,8,1,path_aware,s1,0.56,1.0,0.0361515070942873,0.0009226825908330631,5.228
f02,160,8,5,8,1,path_aware,s2,0.66,1.0,0.08697125536462771,0.002044025088774268,5.228
f02,160,8,5,8,1,path_aware,s3,0.77,1.0,0.19952195299551295,0.004363551441436003,5.228
f02,160,8,5,8,1,path_aware,s4,0.87,1.0,0.38698542464529817,0.008086177791619175,5.228
f02,160,8,5,8,2,edge_optimist,s1,0.58,1.0,0.048248650543643114,0.0013119749148868068,7.13
f02,160,8,5,8,2,edge_optimist,s2,0.68,1.0,0.12649700327586533,0.0030496420973275345,7.13
f02,160,8,5,8,2,edge_optimist,s3,0.78,1.0,0.2802609769877914,0.005497290885250214,7.13
f02,160,8,5,8,2,edge_optimist,s4,0.88,1.0,0.5396576110995553,0.007001938720156689,7.13
f02,160,8,5,8,2,over_cautious,s1,0.54,1.0,0.03098385853765688,0.0008717500896602954,7.13
f02,160,8,5,8,2,over_cautious,s2,0.63,1.0,0.07998436782606519,0.002063186516996908,7.13
f02,160,8,5,8,2,over_cautious,s3,0.74,1.0,0.20758369201893095,0.004487672678227531,7.13
f02,160,8,5,8,2,over_cautious,s4,0.84,1.0,0.4218201545939881,0.006731374608682669,7.13
f02,160,8,5,8,2,localized_sign_error,s1,0.52,1.0,0.02447520203989312,0.0006989744686395332,7.13
f02,160,8,5,8,2,localized_sign_error,s2,0.6,1.0,0.059418593279999515,0.001584367387134023,7.13
f02,160,8,5,8,2,localized_sign_error,s3,0.7,1.0,0.15014936818000046,0.0035044959450757497,7.13
f02,160,8,5,8,2,localized_sign_error,s4,0.8,1.0,0.322914222080001,0.005970990137633952,7.13
f02,160,8,5,8,2,path_aware,s1,0.56,1.0,0.03884194725342752,0.0010751936258615953,7.13
f02,160,8,5,8,2,path_aware,s2,0.66,1.0,0.10586236366151887,0.0026276326071185564,7.13
f02,160,8,5,8,2,path_aware,s3,0.77,1.0,0.26055457576187624,0.00524887044951979,7.13
f02,160,8,5,8,2,path_aware,s4,0.87,1.0,0.5083987762157133,0.006999720623738063,7.13
f02,160,8,5,8,3,edge_optimist,s1,0.58,1.0,0.07407558469981651,0.0011575347721569647,7.796
f02,160,8,5,8,3,edge_optimist,s2,0.68,1.0,0.18783239818838082,0.0026867556815566326,7.796
f02,160,8,5,8,3,edge_optimist,s3,0.78,1.0,0.39226167249025645,0.004828126196123616,7.796
f02,160,8,5,8,3,edge_optimist,s4,0.88,1.0,0.6835285110921567,0.006129096245818443,7.796
f02,160,8,5,8,3,over_cautious,s1,0.54,1.0,0.04792558814581282,0.000768588598071758,7.796
f02,160,8,5,8,3,over_cautious,s2,0.63,1.0,0.12109802001847969,0.001819680480667382,7.796
f02,160,8,5,8,3,over_cautious,s3,0.74,1.0,0.29860621825525246,0.003946597226661662,7.796
f02,160,8,5,8,3,over_cautious,s4,0.84,1.0,0.5597161278131415,0.005900080058235618,7.796
f02,160,8,5,8,3,localized_sign_error,s1,0.52,1.0,0.03795324395978766,0.0006157227322947279,7.796
f02,160,8,5,8,3,localized_sign_error,s2,0.6,1.0,0.09077391359999958,0.0013978409755582156,7.796
f02,160,8,5,8,3,localized_sign_error,s3,0.7,1.0,0.2208507028000014,0.0030857612374842035,7.796
f02,160,8,5,8,3,localized_sign_error,s4,0.8,1.0,0.44480593919999817,0.005240643681645253,7.796
f02,160,8,5,8,3,path_aware,s1,0.56,1.0,0.05988084571176995,0.000948428639079403,7.796
f02,160,8,5,8,3,path_aware,s2,0.66,1.0,0.15853027613068718,0.0023161216058774138,7.796
f02,160,8,5,8,3,path_aware,s3,0.77,1.0,0.3673819609352809,0.004611482899584552,7.796
f02,160,8,5,8,3,path_aware,s4,0.87,1.0,0.6521217711734141,0.006129169356179276,7.796
f02,160,8,5,8,5,edge_optimist,s1,0.58,1.0,0.08699457620154813,2.857773480031811e-17,8.0
f02,160,8,5,8,5,edge_optimist,s2,0.68,1.0,0.2178248377171986,7.703563293998795e-17,8.0
f02,160,8,5,8,5,edge_optimist,s3,0.78,1.0,0.44616544891476745,1.1679595961869142e-16,8.0
f02,160,8,5,8,5,edge_optimist,s4,0.88,1.0,0.7519630973206451,3.4293281760381737e-16,8.0
f02,160,8,5,8,5,over_cautious,s1,0.54,1.0,0.056502643861325134,1.3978239847981685e-17,8.0
f02,160,8,5,8,5,over_cautious,s2,0.63,1.0,0.14140940494609494,1.615263271322328e-17,8.0
f02,160,8,5,8,5,over_cautious,s3,0.74,1.0,0.34266610369927825,6.461053085289312e-17,8.0
f02,160,8,5,8,5,over_cautious,s4,0.84,1.0,0.6255915347017728,4.970040834837932e-18,8.0
f02,160,8,5,8,5,localized_sign_error,s1,0.52,1.0,0.04482392623022115,1.5220750056691167e-17,8.0
f02,160,8,5,8,5,localized_sign_error,s2,0.6,1.0,0.10637567999999943,2.422894906983492e-17,8.0
f02,160,8,5,8,5,localized_sign_error,s3,0.7,1.0,0.2552983300000015,7.206559210515002e-17,8.0
f02,160,8,5,8,5,localized_sign_error,s4,0.8,1.0,0.5033164799999966,1.5904130671481383e-16,8.0
f02,160,8,5,8,5,path_aware,s1,0.56,1.0,0.07046546986106941,2.6092714382899145e-17,8.0
f02,160,8,5,8,5,path_aware,s2,0.66,1.0,0.1843844316956914,6.461053085289312e-17,8.0
f02,160,8,5,8,5,path_aware,s3,0.77,1.0,0.418866457264867,1.6401134754965177e-16,8.0
f02,160,8,5,8,5,path_aware,s4,0.87,1.0,0.7205566582166522,1.4413118421030004e-16,8.0
f02,160,8,5,12,1,edge_optimist,s1,0.58,1.0,0.03991409788171309,0.0009681208661921879,6.538
f02,160,8,5,12,1,edge_optimist,s2,0.68,1.0,0.10421993085130535,0.002153168984653857,6.538
f02,160,8,5,12,1,edge_optimist,s3,0.78,1.0,0.23643949986403515,0.0038145372415110588,6.538
f02,160,8,5,12,1,edge_optimist,s4,0.88,1.0,0.47997773429121954,0.004917390506893479,6.538
f02,160,8,5,12,1,over_cautious,s1,0.54,1.0,0.025892514797314508,0.0006624639600735882,6.538
f02,160,8,5,12,1,over_cautious,s2,0.63,1.0,0.06579631755968363,0.00148287526270188,6.538
f02,160,8,5,12,1,over_cautious,s3,0.74,1.0,0.17290290495023683,0.0031274735152873943,6.538
f02,160,8,5,12,1,over_cautious,s4,0.84,1.0,0.3659271255094988,0.00467713565446172,6.538
f02,160,8,5,12,1,localized_sign_error,s1,0.52,1.0,0.020599461753677367,0.0005409428112893055,6.538
f02,160,8,5,12,1,localized_sign_error,s2,0.6,1.0,0.048999997439999686,0.0011554757995279404,6.538
f02,160,8,5,12,1,localized_sign_error,s3,0.7,1.0,0.12402255053999978,0.002461355061296886,6.538
f02,160,8,5,12,1,localized_sign_error,s4,0.8,1.0,0.2746377830400017,0.00414001888216534,6.538
f02,160,8,5,12,1,path_aware,s1,0.56,1.0,0.032274136860878676,0.0008042783129633196,6.538
f02,160,8,5,12,1,path_aware,s2,0.66,1.0,0.08709245510946635,0.0018668709754905725,6.538
f02,160,8,5,12,1,path_aware,s3,0.77,1.0,0.21902110257048554,0.0036448979022286974,6.538
f02,160,8,5,12,1,path_aware,s4,0.87,1.0,0.44913353223790825,0.004896512394975322,6.538
f02,160,8,5,12,2,edge_optimist,s1,0.58,1.0,0.07378202939787123,0.0011633126707208546,7.784
f02,160,8,5,12,2,edge_optimist,s2,0.68,1.0,0.18711865405782174,0.00270221879367899,7.784
f02,160,8,5,12,2,edge_optimist,s3,0.78,1.0,0.39093587740099184,0.004858799314798865,7.784
f02,160,8,5,12,2,edge_optimist,s4,0.88,1.0,0.6818031570289373,0.006170971063958709,7.784
f02,160,8,5,12,2,over_cautious,s1,0.54,1.0,0.04773534175042086,0.0007721428273648098,7.784
f02,160,8,5,12,2,over_cautious,s2,0.63,1.0,0.12062470460205715,0.0018295031422475862,7.784
f02,160,8,5,12,2,over_cautious,s3,0.74,1.0,0.29753546057411284,0.0039707913436429374,7.784
f02,160,8,5,12,2,over_cautious,s4,0.84,1.0,0.5580703667946274,0.0059393298803378,7.784
f02,160,8,5,12,2,localized_sign_error,s1,0.52,1.0,0.037802924060390326,0.0006184471186869146,7.784
f02,160,8,5,12,2,localized_sign_error,s2,0.6,1.0,0.09041559551999954,0.001405054714307787,7.784
f02,160,8,5,12,2,localized_sign_error,s3,0.7,1.0,0.22002480682000145,0.0031039250138925655,7.784
f02,160,8,5,12,2,localized_sign_error,s4,0.8,1.0,0.4433589043199983,0.005274483182183232,7.784
f02,160,8,5,12,2,path_aware,s1,0.56,1.0,0.05964309876933953,0.0009529934681348887,7.784
f02,160,8,5,12,2,path_aware,s2,0.66,1.0,0.15791989324060896,0.0023291329706409667,7.784
f02,160,8,5,12,2,path_aware,s3,0.77,1.0,0.36611929647222585,0.004640531580267795,7.784
f02,160,8,5,12,2,path_aware,s4,0.87,1.0,0.6504001884301681,0.006170777635493403,7.784
f02,160,8,5,12,3,edge_optimist,s1,0.58,1.0,0.08699457620154813,2.857773480031811e-17,8.0
f02,160,8,5,12,3,edge_optimist,s2,0.68,1.0,0.2178248377171986,7.703563293998795e-17,8.0
f02,160,8,5,12,3,edge_optimist,s3,0.78,1.0,0.44616544891476745,1.1679595961869142e-16,8.0
f02,160,8,5,12,3,edge_optimist,s4,0.88,1.0,0.7519630973206451,3.4293281760381737e-16,8.0
f02,160,8,5,12,3,over_cautious,s1,0.54,1.0,0.056502643861325134,1.3978239847981685e-17,8.0
f02,160,8,5,12,3,over_cautious,s2,0.63,1.0,0.14140940494609494,1.615263271322328e-17,8.0
f02,160,8,5,12,3,over_cautious,s3,0.74,1.0,0.34266610369927825,6.461053085289312e-17,8.0
f02,160,8,5,12,3,over_cautious,s4,0.84,1.0,0.6255915347017728,4.970040834837932e-18,8.0
f02,160,8,5,12,3,localized_sign_error,s1,0.52,1.0,0.04482392623022115,1.5220750056691167e-17,8.0
f02,160,8,5,12,3,localized_sign_error,s2,0.6,1.0,0.10637567999999943,2.422894906983492e-17,8.0
f02,160,8,5,12,3,localized_sign_error,s3,0.7,1.0,0.2552983300000015,7.206559210515002e-17,8.0
f02,160,8,5,12,3,localized_sign_error,s4,0.8,1.0,0.5033164799999966,1.5904130671481383e-16,8.0
f02,160,8,5,12,3,path_aware,s1,0.56,1.0,0.07046546986106941,2.6092714382899145e-17,8.0
f02,160,8,5,12,3,path_aware,s2,0.66,1.0,0.1843844316956914,6.461053085289312e-17,8.0
f02,160,8,5,12,3,path_aware,s3,0.77,1.0,0.418866457264867,1.6401134754965177e-16,8.0
f02,160,8,5,12,3,path_aware,s4,0.87,1.0,0.7205566582166522,1.4413118421030004e-16,8.0
f02,160,8,5,12,5,edge_optimist,s1,0.58,0.0,,,
f02,160,8,5,12,5,edge_optimist,s2,0.68,0.0,,,
f02,160,8,5,12,5,edge_optimist,s3,0.78,0.0,,,
f02,160,8,5,12,5,edge_optimist,s4,0.88,0.0,,,
f02,160,8,5,12,5,over_cautious,s1,0.54,0.0,,,
f02,160,8,5,12,5,over_cautious,s2,0.63,0.0,,,
f02,160,8,5,12,5,over_cautious,s3,0.74,0.0,,,
f02,160,8,5,12,5,over_cautious,s4,0.84,0.0,,,
f02,160,8,5,12,5,localized_sign_error,s1,0.52,0.0,,,
f02,160,8,5,12,5,localized_sign_error,s2,0.6,0.0,,,
f02,160,8,5,12,5,localized_sign_error,s3,0.7,0.0,,,
f02,160,8,5,12,5,localized_sign_error,s4,0.8,0.0,,,
f02,160,8,5,12,5,path_aware,s1,0.56,0.0,,,
f02,160,8,5,12,5,path_aware,s2,0.66,0.0,,,
f02,160,8,5,12,5,path_aware,s3,0.77,0.0,,,
f02,160,8,5,12,5,path_aware,s4,0.87,0.0,,,
f02,160,16,5,4,1,edge_optimist,s1,0.58,1.0,0.0,0.0,3.664
f02,160,16,5,4,1,edge_optimist,s2,0.68,1.0,0.0,0.0,3.664
f02,160,16,5,4,1,edge_optimist,s3,0.78,1.0,0.0,0.0,3.664
f02,160,16,5,4,1,edge_optimist,s4,0.88,1.0,0.0,0.0,3.664
f02,160,16,5,4,1,over_cautious,s1,0.54,1.0,0.0,0.0,3.664
f02,160,16,5,4,1,over_cautious,s2,0.63,1.0,0.0,0.0,3.664
f02,160,16,5,4,1,over_cautious,s3,0.74,1.0,0.0,0.0,3.664
f02,160,16,5,4,1,over_cautious,s4,0.84,1.0,0.0,0.0,3.664
f02,160,16,5,4,1,localized_sign_error,s1,0.52,1.0,0.0,0.0,3.664
f02,160,16,5,4,1,localized_sign_error,s2,0.6,1.0,0.0,0.0,3.664
f02,160,16,5,4,1,localized_sign_error,s3,0.7,1.0,0.0,0.0,3.664
f02,160,16,5,4,1,localized_sign_error,s4,0.8,1.0,0.0,0.0,3.664
f02,160,16,5,4,1,path_aware,s1,0.56,1.0,0.0,0.0,3.664
f02,160,16,5,4,1,path_aware,s2,0.66,1.0,0.0,0.0,3.664
f02,160,16,5,4,1,path_aware,s3,0.77,1.0,0.0,0.0,3.664
f02,160,16,5,4,1,path_aware,s4,0.87,1.0,0.0,0.0,3.664
f02,160,16,5,4,2,edge_optimist,s1,0.58,1.0,0.03987849709061676,0.0009865649790100413,6.492
f02,160,16,5,4,2,edge_optimist,s2,0.68,1.0,0.10381887781590829,0.002207581617508048,6.492
f02,160,16,5,4,2,edge_optimist,s3,0.78,1.0,0.23491091426664137,0.003975459297970783,6.492
f02,160,16,5,4,2,edge_optimist,s4,0.88,1.0,0.47567650807653233,0.005435738764866165,6.492
f02,160,16,5,4,2,over_cautious,s1,0.54,1.0,0.025904195955525084,0.000674376974971606,6.492
f02,160,16,5,4,2,over_cautious,s2,0.63,1.0,0.06563649557879893,0.0015146042474468698,6.492
f02,160,16,5,4,2,over_cautious,s3,0.74,1.0,0.17196169110060094,0.003231428095062817,6.492
f02,160,16,5,4,2,over_cautious,s4,0.84,1.0,0.3630123555557476,0.004994977040346208,6.492
f02,160,16,5,4,2,localized_sign_error,s1,0.52,1.0,0.020623551481144874,0.0005505041492030446,6.492
f02,160,16,5,4,2,localized_sign_error,s2,0.6,1.0,0.048925347839999744,0.0011784002945569414,6.492
f02,160,16,5,4,2,localized_sign_error,s3,0.7,1.0,0.12347800373999977,0.0025288470438889973,6.492
f02,160,16,5,4,2,localized_sign_error,s4,0.8,1.0,0.2727241318400018,0.0043410047737452275,6.492
f02,160,16,5,4,2,path_aware,s1,0.56,1.0,0.03226655879164093,0.0008191073142472935,6.492
f02,160,16,5,4,2,path_aware,s2,0.66,1.0,0.08680572104286531,0.0019107352875772615,6.492
f02,160,16,5,4,2,path_aware,s3,0.77,1.0,0.217660564581811,0.0037890544735795424,6.492
f02,160,16,5,4,2,path_aware,s4,0.87,1.0,0.44522072864204465,0.0053533859433178765,6.492
f02,160,16,5,4,3,edge_optimist,s1,0.58,1.0,0.057920715074946394,0.0010613934487649645,8.698
f02,160,16,5,4,3,edge_optimist,s2,0.68,1.0,0.16165905137445852,0.0023856757370889327,8.698
f02,160,16,5,4,3,edge_optimist,s3,0.78,1.0,0.36567341909192846,0.004157266253598344,8.698
f02,160,16,5,4,3,edge_optimist,s4,0.88,1.0,0.6752696735304805,0.0051407446097083784,8.698
f02,160,16,5,4,3,over_cautious,s1,0.54,1.0,0.035923638230170404,0.000715301201839456,8.698
f02,160,16,5,4,3,over_cautious,s2,0.63,1.0,0.09952148795158869,0.0016409983425364491,8.698
f02,160,16,5,4,3,over_cautious,s3,0.74,1.0,0.2702018820598629,0.0034405494666609614,8.698
f02,160,16,5,4,3,over_cautious,s4,0.84,1.0,0.5420390983721773,0.004992021612172356,8.698
f02,160,16,5,4,3,localized_sign_error,s1,0.52,1.0,0.027832874820360686,0.000577697654336958,8.698
f02,160,16,5,4,3,localized_sign_error,s2,0.6,1.0,0.07243501510655964,0.0012729705768337216,8.698
f02,160,16,5,4,3,localized_sign_error,s3,0.7,1.0,0.1934082017709111,0.0027233039578331572,8.698
f02,160,16,5,4,3,localized_sign_error,s4,0.8,1.0,0.42035331465215836,0.004484976297342801,8.698
f02,160,16,5,4,3,path_aware,s1,0.56,1.0,0.045854952185831264,0.0008759573680555308,8.698
f02,160,16,5,4,3,path_aware,s2,0.66,1.0,0.13400449163536285,0.0020692160040829814,8.698
f02,160,16,5,4,3,path_aware,s3,0.77,1.0,0.34004222840457554,0.003983015581683251,8.698
f02,160,16,5,4,3,path_aware,s4,0.87,1.0,0.6413510579743021,0.005149993157456564,8.698
f02,160,16,5,4,5,edge_optimist,s1,0.58,1.0,0.08235352298598508,0.001383311169484366,11.76
f02,160,16,5,4,5,edge_optimist,s2,0.68,1.0,0.24253184984517037,0.00328703865107531,11.76
f02,160,16,5,4,5,edge_optimist,s3,0.78,1.0,0.5237231594574724,0.004982983222490773,11.76
f02,160,16,5,4,5,edge_optimist,s4,0.88,1.0,0.8393059582313487,0.0038834338014899824,11.76
f02,160,16,5,4,5,over_cautious,s1,0.54,1.0,0.048535798685098705,0.0008704548535856619,11.76
f02,160,16,5,4,5,over_cautious,s2,0.63,1.0,0.14722658983416678,0.002246459576809925,11.76
f02,160,16,5,4,5,over_cautious,s3,0.74,1.0,0.39892783138313004,0.004483414891624901,11.76
f02,160,16,5,4,5,over_cautious,s4,0.84,1.0,0.7206185395758082,0.004799619380718567,11.76
f02,160,16,5,4,5,localized_sign_error,s1,0.52,1.0,0.03640883795676882,0.0006727999218701289,11.76
f02,160,16,5,4,5,localized_sign_error,s2,0.6,1.0,0.10496623669228354,0.0017003846667310119,11.76
f02,160,16,5,4,5,localized_sign_error,s3,0.7,1.0,0.2897625068124768,0.003713659728484806,11.76
f02,160,16,5,4,5,localized_sign_error,s4,0.8,1.0,0.5895039580960191,0.005067978260872172,11.76
f02,160,16,5,4,5,path_aware,s1,0.56,1.0,0.06369609268852358,0.001106696777635591,11.76
f02,160,16,5,4,5,path_aware,s2,0.66,1.0,0.20052056226439494,0.002858934004877586,11.76
f02,160,16,5,4,5,path_aware,s3,0.77,1.0,0.49144848912902417,0.004894601371059795,11.76
f02,160,16,5,4,5,path_aware,s4,0.87,1.0,0.8116207296076812,0.004171845079606297,11.76
f02,160,16,5,8,1,edge_optimist,s1,0.58,1.0,0.04145583057171619,0.001040495066118263,6.554
f02,160,16,5,8,1,edge_optimist,s2,0.68,1.0,0.10763820543736574,0.002343660566560848,6.554
f02,160,16,5,8,1,edge_optimist,s3,0.78,1.0,0.24212579209155052,0.004215270135426583,6.554
f02,160,16,5,8,1,edge_optimist,s4,0.88,1.0,0.4857124323787271,0.005640848009307791,6.554
f02,160,16,5,8,1,over_cautious,s1,0.54,1.0,0.026933435294746164,0.0007080673641361179,6.554
f02,160,16,5,8,1,over_cautious,s2,0.63,1.0,0.06816883516845547,0.001604005204106966,6.554
f02,160,16,5,8,1,over_cautious,s3,0.74,1.0,0.17773077458440473,0.0034322530106038313,6.554
f02,160,16,5,8,1,over_cautious,s4,0.84,1.0,0.3722315935901814,0.005253285455007169,6.554
f02,160,16,5,8,1,localized_sign_error,s1,0.52,1.0,0.021440626370727085,0.0005764938475211389,6.554
f02,160,16,5,8,1,localized_sign_error,s2,0.6,1.0,0.05084633087999962,0.0012451140420644026,6.554
f02,160,16,5,8,1,localized_sign_error,s3,0.7,1.0,0.12790362297999974,0.002686044794175836,6.554
f02,160,16,5,8,1,localized_sign_error,s4,0.8,1.0,0.28065660928000163,0.004594770931922149,6.554
f02,160,16,5,8,1,path_aware,s1,0.56,1.0,0.0335478728370948,0.0008620651504827202,6.554
f02,160,16,5,8,1,path_aware,s2,0.66,1.0,0.09006994894512887,0.002026931776632186,6.554
f02,160,16,5,8,1,path_aware,s3,0.77,1.0,0.22451120033431335,0.004020145618724057,6.554
f02,160,16,5,8,1,path_aware,s4,0.87,1.0,0.45511887568727716,0.0055795745128457315,6.554
f02,160,16,5,8,2,edge_optimist,s1,0.58,1.0,0.06531408379907759,0.0012463116459436655,10.404
f02,160,16,5,8,2,edge_optimist,s2,0.68,1.0,0.19286961284799792,0.0030449458295063333,10.404
f02,160,16,5,8,2,edge_optimist,s3,0.78,1.0,0.4355419184492901,0.004977737126649333,10.404
f02,160,16,5,8,2,edge_optimist,s4,0.88,1.0,0.7601699257247208,0.004477878749052865,10.404
f02,160,16,5,8,2,over_cautious,s1,0.54,1.0,0.03891722174876854,0.0007861458163114458,10.404
f02,160,16,5,8,2,over_cautious,s2,0.63,1.0,0.11630858812492509,0.002040678530403955,10.404
f02,160,16,5,8,2,over_cautious,s3,0.74,1.0,0.32422248707957557,0.004317976827632266,10.404
f02,160,16,5,8,2,over_cautious,s4,0.84,1.0,0.6280592701826399,0.0051670869664266,10.404
f02,160,16,5,8,2,localized_sign_error,s1,0.52,1.0,0.029434245260230953,0.0006105047209971838,10.404
f02,160,16,5,8,2,localized_sign_error,s2,0.6,1.0,0.0830117955431301,0.0015348688705912102,10.404
f02,160,16,5,8,2,localized_sign_error,s3,0.7,1.0,0.2317164140276308,0.0034782594293909772,10.404
f02,160,16,5,8,2,localized_sign_error,s4,0.8,1.0,0.4971679508479327,0.005175151067646303,10.404
f02,160,16,5,8,2,path_aware,s1,0.56,1.0,0.050748985791228274,0.0009972130971477187,10.404
f02,160,16,5,8,2,path_aware,s2,0.66,1.0,0.15884062897280427,0.002624181760778647,10.404
f02,160,16,5,8,2,path_aware,s3,0.77,1.0,0.40610212762726144,0.004840695741465845,10.404
f02,160,16,5,8,2,path_aware,s4,0.87,1.0,0.7277583586425461,0.004719435784709225,10.404
f02,160,16,5,8,3,edge_optimist,s1,0.58,1.0,0.09335495876922657,0.00134199313758846,12.702
f02,160,16,5,8,3,edge_optimist,s2,0.68,1.0,0.2748597318696347,0.002990500349182583,12.702
f02,160,16,5,8,3,edge_optimist,s3,0.78,1.0,0.5791148283652929,0.004160338990651269,12.702
f02,160,16,5,8,3,edge_optimist,s4,0.88,1.0,0.8832528181552172,0.00279393222963275,12.702
f02,160,16,5,8,3,over_cautious,s1,0.54,1.0,0.05468016401529091,0.0008631062115806545,12.702
f02,160,16,5,8,3,over_cautious,s2,0.63,1.0,0.1673514047687374,0.0021142218840070922,12.702
f02,160,16,5,8,3,over_cautious,s3,0.74,1.0,0.44686640075580475,0.0038900546745449746,12.702
f02,160,16,5,8,3,over_cautious,s4,0.84,1.0,0.7754814259067078,0.003711547987074647,12.702
f02,160,16,5,8,3,localized_sign_error,s1,0.52,1.0,0.040836795372566397,0.0006738257604828571,12.702
f02,160,16,5,8,3,localized_sign_error,s2,0.6,1.0,0.11919874319843343,0.0016303342681754927,12.702
f02,160,16,5,8,3,localized_sign_error,s3,0.7,1.0,0.32744264904409337,0.003329001203893015,12.702
f02,160,16,5,8,3,localized_sign_error,s4,0.8,1.0,0.6466247510951193,0.004137444841565521,12.702
f02,160,16,5,8,3,path_aware,s1,0.56,1.0,0.07201390573380251,0.0010857438709951615,12.702
f02,160,16,5,8,3,path_aware,s2,0.66,1.0,0.22768196414415168,0.0026377675712478945,12.702
f02,160,16,5,8,3,path_aware,s3,0.77,1.0,0.5454039453723076,0.00412896214136815,12.702
f02,160,16,5,8,3,path_aware,s4,0.87,1.0,0.8590842290961106,0.003062501184806737,12.702
f02,160,16,5,8,5,edge_optimist,s1,0.58,1.0,0.0932944158977808,0.0012144378855979666,14.894
f02,160,16,5,8,5,edge_optimist,s2,0.68,1.0,0.2957755405781881,0.0026539024246549528,14.894
f02,160,16,5,8,5,edge_optimist,s3,0.78,1.0,0.6313599242841746,0.003043463394745193,14.894
f02,160,16,5,8,5,edge_optimist,s4,0.88,1.0,0.9250148737545068,0.0011750399236686105,14.894
f02,160,16,5,8,5,over_cautious,s1,0.54,1.0,0.05209651840939075,0.0007624404416987285,14.894
f02,160,16,5,8,5,over_cautious,s2,0.63,1.0,0.17491519063568092,0.0019260146301031285,14.894
f02,160,16,5,8,5,over_cautious,s3,0.74,1.0,0.48809239283777384,0.0031608681919408324,14.894
f02,160,16,5,8,5,over_cautious,s4,0.84,1.0,0.829458311014791,0.002087543200967509,14.894
f02,160,16,5,8,5,localized_sign_error,s1,0.52,1.0,0.03783125054500949,0.0005850700310582211,14.894
f02,160,16,5,8,5,localized_sign_error,s2,0.6,1.0,0.1215123474300271,0.001484415887312061,14.894
f02,160,16,5,8,5,localized_sign_error,s3,0.7,1.0,0.3549667066203728,0.0028911102735880126,14.894
f02,160,16,5,8,5,localized_sign_error,s4,0.8,1.0,0.701922038419291,0.0028194270998784313,14.894
f02,160,16,5,8,5,path_aware,s1,0.56,1.0,0.0703648049055725,0.000972555997867168,14.894
f02,160,16,5,8,5,path_aware,s2,0.66,1.0,0.2426171611440542,0.0023760868915581345,14.894
f02,160,16,5,8,5,path_aware,s3,0.77,1.0,0.5953983767795081,0.003114030577715975,14.894
f02,160,16,5,8,5,path_aware,s4,0.87,1.0,0.9048278667417883,0.0014024062001222852,14.894
f02,160,16,5,12,1,edge_optimist,s1,0.58,1.0,0.05593422228474705,0.001025259183489576,8.826
f02,160,16,5,12,1,edge_optimist,s2,0.68,1.0,0.15826071160610358,0.0022671290365338507,8.826
f02,160,16,5,12,1,edge_optimist,s3,0.78,1.0,0.3624072850554154,0.0038869895960987285,8.826
f02,160,16,5,12,1,edge_optimist,s4,0.88,1.0,0.6756174491561692,0.004757266297689793,8.826
f02,160,16,5,12,1,over_cautious,s1,0.54,1.0,0.03449377459858482,0.0006947825640229034,8.826
f02,160,16,5,12,1,over_cautious,s2,0.63,1.0,0.09677910460384427,0.0015726962297042152,8.826
f02,160,16,5,12,1,over_cautious,s3,0.74,1.0,0.26653621014776085,0.003236772018848943,8.826
f02,160,16,5,12,1,over_cautious,s4,0.84,1.0,0.5405384370843489,0.004633083725573326,8.826
f02,160,16,5,12,1,localized_sign_error,s1,0.52,1.0,0.026647575405833835,0.0005624923015426144,8.826
f02,160,16,5,12,1,localized_sign_error,s2,0.6,1.0,0.07014757220351972,0.001225893581718938,8.826
f02,160,16,5,12,1,localized_sign_error,s3,0.7,1.0,0.18983360043802097,0.0025791563177265486,8.826
f02,160,16,5,12,1,localized_sign_error,s4,0.8,1.0,0.4175147774771185,0.004181785048961125,8.826
f02,160,16,5,12,1,path_aware,s1,0.56,1.0,0.04415653716434491,0.0008485673230688406,8.826
f02,160,16,5,12,1,path_aware,s2,0.66,1.0,0.13084115443180702,0.0019731217423654525,8.826
f02,160,16,5,12,1,path_aware,s3,0.77,1.0,0.3366217861506629,0.0037295612799234453,8.826
f02,160,16,5,12,1,path_aware,s4,0.87,1.0,0.6412083711008215,0.004768349702111434,8.826
f02,160,16,5,12,2,edge_optimist,s1,0.58,1.0,0.09688241298832657,0.001350317489487906,12.78
f02,160,16,5,12,2,edge_optimist,s2,0.68,1.0,0.2828823674380774,0.0029674708195115036,12.78
f02,160,16,5,12,2,edge_optimist,s3,0.78,1.0,0.5900506183731883,0.0040393674996488825,12.78
f02,160,16,5,12,2,edge_optimist,s4,0.88,1.0,0.8900505474778826,0.00260697936761711,12.78
f02,160,16,5,12,2,over_cautious,s1,0.54,1.0,0.056904636533519536,0.000871868004167413,12.78
f02,160,16,5,12,2,over_cautious,s2,0.63,1.0,0.17299398962237197,0.002114246143484345,12.78
f02,160,16,5,12,2,over_cautious,s3,0.74,1.0,0.4572285578007815,0.003814760996978004,12.78
f02,160,16,5,12,2,over_cautious,s4,0.84,1.0,0.7848919424456074,0.003531720173126443,12.78
f02,160,16,5,12,2,localized_sign_error,s1,0.52,1.0,0.042551933190703314,0.0006817833374948972,12.78
f02,160,16,5,12,2,localized_sign_error,s2,0.6,1.0,0.12351558514035922,0.001636690934776636,12.78
f02,160,16,5,12,2,localized_sign_error,s3,0.7,1.0,0.3363668623964777,0.0032915073647339123,12.78
f02,160,16,5,12,2,localized_sign_error,s4,0.8,1.0,0.657396782476558,0.003993652258371853,12.78
f02,160,16,5,12,2,path_aware,s1,0.56,1.0,0.07484227187270721,0.0010947392252710804,12.78
f02,160,16,5,12,2,path_aware,s2,0.66,1.0,0.23475216050831219,0.002626105465323912,12.78
f02,160,16,5,12,2,path_aware,s3,0.77,1.0,0.5563009651305264,0.004019698526723343,12.78
f02,160,16,5,12,2,path_aware,s4,0.87,1.0,0.8666272613378048,0.002873534503593666,12.78
f02,160,16,5,12,3,edge_optimist,s1,0.58,1.0,0.09235491490101906,0.0011497652808214456,14.696
f02,160,16,5,12,3,edge_optimist,s2,0.68,1.0,0.2922330156160594,0.002492402833882661,14.696
f02,160,16,5,12,3,edge_optimist,s3,0.78,1.0,0.6257287429369212,0.002884824449318339,14.696
f02,160,16,5,12,3,edge_optimist,s4,0.88,1.0,0.9220496699038537,0.0011815463319155579,14.696
f02,160,16,5,12,3,over_cautious,s1,0.54,1.0,0.05170302123089272,0.0007270085091866085,14.696
f02,160,16,5,12,3,over_cautious,s2,0.63,1.0,0.17286126985428413,0.0018129132149536293,14.696
f02,160,16,5,12,3,over_cautious,s3,0.74,1.0,0.4829037941855533,0.0029766381009000056,14.696
f02,160,16,5,12,3,over_cautious,s4,0.84,1.0,0.8248486881424245,0.00202548982462604,14.696
f02,160,16,5,12,3,localized_sign_error,s1,0.52,1.0,0.037609732814230565,0.0005603483241626084,14.696
f02,160,16,5,12,3,localized_sign_error,s2,0.6,1.0,0.1201848907388681,0.0014015312309137219,14.696
f02,160,16,5,12,3,localized_sign_error,s3,0.7,1.0,0.3508096812883511,0.0027156365089473005,14.696
f02,160,16,5,12,3,localized_sign_error,s4,0.8,1.0,0.6963936080554879,0.0026869902495446673,14.696
f02,160,16,5,12,3,path_aware,s1,0.56,1.0,0.06973489815915525,0.000923797044165702,14.696
f02,160,16,5,12,3,path_aware,s2,0.66,1.0,0.23969522955612912,0.00223253333015057,14.696
f02,160,16,5,12,3,path_aware,s3,0.77,1.0,0.5898027477958202,0.0029455188763384743,14.696
f02,160,16,5,12,3,path_aware,s4,0.87,1.0,0.901412974738173,0.0013940439908814272,14.696
f02,160,16,5,12,5,edge_optimist,s1,0.58,1.0,0.12094026125692876,0.0009375147444565457,15.852
f02,160,16,5,12,5,edge_optimist,s2,0.68,1.0,0.36273119718281105,0.0021351965275131558,15.852
f02,160,16,5,12,5,edge_optimist,s3,0.78,1.0,0.712531042661092,0.0024791397198677123,15.852
f02,160,16,5,12,5,edge_optimist,s4,0.88,1.0,0.9567815338557009,0.000934579682393771,15.852
f02,160,16,5,12,5,over_cautious,s1,0.54,1.0,0.06839967956917017,0.0005717490876651401,15.852
f02,160,16,5,12,5,over_cautious,s2,0.63,1.0,0.22142931108290045,0.0015247555759981353,15.852
f02,160,16,5,12,5,over_cautious,s3,0.74,1.0,0.5709009092036234,0.002569609842195859,15.852
f02,160,16,5,12,5,over_cautious,s4,0.84,1.0,0.8860049261159826,0.0016892495072056831,15.852
f02,160,16,5,12,5,localized_sign_error,s1,0.52,1.0,0.04987569289023104,0.00043077252832290555,15.852
f02,160,16,5,12,5,localized_sign_error,s2,0.6,1.0,0.15618867192476413,0.0011590154061479978,15.852
f02,160,16,5,12,5,localized_sign_error,s3,0.7,1.0,0.428945448967131,0.002336426058787484,15.852
f02,160,16,5,12,5,localized_sign_error,s4,0.8,1.0,0.7776339967910932,0.0022951365864593543,15.852
f02,160,16,5,12,5,path_aware,s1,0.56,1.0,0.09186511259008938,0.0007408271754522377,15.852
f02,160,16,5,12,5,path_aware,s2,0.66,1.0,0.3016161831149779,0.0019011159385495795,15.852
f02,160,16,5,12,5,path_aware,s3,0.77,1.0,0.6781237913752076,0.002536334209123552,15.852
f02,160,16,5,12,5,path_aware,s4,0.87,1.0,0.9428174707779209,0.0011221373488126175,15.852
f02,160,32,5,4,1,edge_optimist,s1,0.58,1.0,0.0,0.0,3.812
f02,160,32,5,4,1,edge_optimist,s2,0.68,1.0,0.0,0.0,3.812
f02,160,32,5,4,1,edge_optimist,s3,0.78,1.0,0.0,0.0,3.812
f02,160,32,5,4,1,edge_optimist,s4,0.88,1.0,0.0,0.0,3.812
f02,160,32,5,4,1,over_cautious,s1,0.54,1.0,0.0,0.0,3.812
f02,160,32,5,4,1,over_cautious,s2,0.63,1.0,0.0,0.0,3.812
f02,160,32,5,4,1,over_cautious,s3,0.74,1.0,0.0,0.0,3.812
f02,160,32,5,4,1,over_cautious,s4,0.84,1.0,0.0,0.0,3.812
f02,160,32,5,4,1,localized_sign_error,s1,0.52,1.0,0.0,0.0,3.812
f02,160,32,5,4,1,localized_sign_error,s2,0.6,1.0,0.0,0.0,3.812
f02,160,32,5,4,1,localized_sign_error,s3,0.7,1.0,0.0,0.0,3.812
f02,160,32,5,4,1,localized_sign_error,s4,0.8,1.0,0.0,0.0,3.812
f02,160,32,5,4,1,path_aware,s1,0.56,1.0,0.0,0.0,3.812
f02,160,32,5,4,1,path_aware,s2,0.66,1.0,0.0,0.0,3.812
f02,160,32,5,4,1,path_aware,s3,0.77,1.0,0.0,0.0,3.812
f02,160,32,5,4,1,path_aware,s4,0.87,1.0,0.0,0.0,3.812
f02,160,32,5,4,2,edge_optimist,s1,0.58,1.0,0.05008389757892916,0.0013137520245897222,7.112
f02,160,32,5,4,2,edge_optimist,s2,0.68,1.0,0.13047617519064186,0.0030600695048835255,7.112
f02,160,32,5,4,2,edge_optimist,s3,0.78,1.0,0.2869891095506092,0.005533289537162106,7.112
f02,160,32,5,4,2,edge_optimist,s4,0.88,1.0,0.5475349176566918,0.007103167635533171,7.112
f02,160,32,5,4,2,over_cautious,s1,0.54,1.0,0.03224262455441107,0.0008724443725537118,7.112
f02,160,32,5,4,2,over_cautious,s2,0.63,1.0,0.082767777188167,0.0020679072567142596,7.112
f02,160,32,5,4,2,over_cautious,s3,0.74,1.0,0.21321993333978503,0.0045105291496944765,7.112
f02,160,32,5,4,2,over_cautious,s4,0.84,1.0,0.429702880939987,0.006798446342477787,7.112
f02,160,32,5,4,2,localized_sign_error,s1,0.52,1.0,0.02550174075976412,0.0006994015257413451,7.112
f02,160,32,5,4,2,localized_sign_error,s2,0.6,1.0,0.0616020940799995,0.001587063989000301,7.112
f02,160,32,5,4,2,localized_sign_error,s3,0.7,1.0,0.15466372838000034,0.0035182709122032773,7.112
f02,160,32,5,4,2,localized_sign_error,s4,0.8,1.0,0.33012318208000074,0.006015529376839469,7.112
f02,160,32,5,4,2,path_aware,s1,0.56,1.0,0.04036950977759167,0.0010763217243249636,7.112
f02,160,32,5,4,2,path_aware,s2,0.66,1.0,0.10933605370484592,0.0026353666244437117,7.112
f02,160,32,5,4,2,path_aware,s3,0.77,1.0,0.2670211318350642,0.005281132193373732,7.112
f02,160,32,5,4,2,path_aware,s4,0.87,1.0,0.51636472877029,0.007090825917900607,7.112
f02,160,32,5,4,3,edge_optimist,s1,0.58,1.0,0.06126321195266603,0.0011012224431345718,10.11
f02,160,32,5,4,3,edge_optimist,s2,0.68,1.0,0.18152990480165512,0.0026715426840550976,10.11
f02,160,32,5,4,3,edge_optimist,s3,0.78,1.0,0.4159678698333319,0.004444131894848571,10.11
f02,160,32,5,4,3,edge_optimist,s4,0.88,1.0,0.7430596592349198,0.004144446590744311,10.11
f02,160,32,5,4,3,over_cautious,s1,0.54,1.0,0.036577444045007484,0.000701964348908443,10.11
f02,160,32,5,4,3,over_cautious,s2,0.63,1.0,0.10912099807420673,0.00179076763578012,10.11
f02,160,32,5,4,3,over_cautious,s3,0.74,1.0,0.3074657276485046,0.0038183258207641277,10.11
f02,160,32,5,4,3,over_cautious,s4,0.84,1.0,0.6078188690412094,0.004705563799929713,10.11
f02,160,32,5,4,3,localized_sign_error,s1,0.52,1.0,0.02771365924330559,0.0005489174477037335,10.11
f02,160,32,5,4,3,localized_sign_error,s2,0.6,1.0,0.07784245297152002,0.001351347699464194,10.11
f02,160,32,5,4,3,localized_sign_error,s3,0.7,1.0,0.21854569770922072,0.0030568645391010935,10.11
f02,160,32,5,4,3,localized_sign_error,s4,0.8,1.0,0.47677358211071796,0.004647914946407302,10.11
f02,160,32,5,4,3,path_aware,s1,0.56,1.0,0.04763769489011108,0.0008852680979525659,10.11
f02,160,32,5,4,3,path_aware,s2,0.66,1.0,0.14925897255840673,0.0023007731258129498,10.11
f02,160,32,5,4,3,path_aware,s3,0.77,1.0,0.3871092227620627,0.0043101546792475055,10.11
f02,160,32,5,4,3,path_aware,s4,0.87,1.0,0.7095699501361097,0.004349525174066399,10.11
f02,160,32,5,4,5,edge_optimist,s1,0.58,1.0,0.10151601794751805,0.0012929548175217213,15.102
f02,160,32,5,4,5,edge_optimist,s2,0.68,1.0,0.31484412664510564,0.002892104257246065,15.102
f02,160,32,5,4,5,edge_optimist,s3,0.78,1.0,0.6532488102477344,0.003420907211155459,15.102
f02,160,32,5,4,5,edge_optimist,s4,0.88,1.0,0.9323821712898629,0.0014191975212600723,15.102
f02,160,32,5,4,5,over_cautious,s1,0.54,1.0,0.057075736782095765,0.000807829487448587,15.102
f02,160,32,5,4,5,over_cautious,s2,0.63,1.0,0.18842730779051556,0.002072089108272992,15.102
f02,160,32,5,4,5,over_cautious,s3,0.74,1.0,0.5110257615105976,0.0035044954885415608,15.102
f02,160,32,5,4,5,over_cautious,s4,0.84,1.0,0.8437219644466034,0.0024212230857802424,15.102
f02,160,32,5,4,5,localized_sign_error,s1,0.52,1.0,0.04157561776882132,0.0006195484277185724,15.102
f02,160,32,5,4,5,localized_sign_error,s2,0.6,1.0,0.131719352371714,0.0015863273295209832,15.102
f02,160,32,5,4,5,localized_sign_error,s3,0.7,1.0,0.37586027882245876,0.003167999823334152,15.102
f02,160,32,5,4,5,localized_sign_error,s4,0.8,1.0,0.7219831190549825,0.0031957314177948983,15.102
f02,160,32,5,4,5,path_aware,s1,0.56,1.0,0.07683653778168549,0.0010323967301756384,15.102
f02,160,32,5,4,5,path_aware,s2,0.66,1.0,0.2595532358016564,0.002575624336659061,15.102
f02,160,32,5,4,5,path_aware,s3,0.77,1.0,0.6178760160899005,0.003487210353148823,15.102
f02,160,32,5,4,5,path_aware,s4,0.87,1.0,0.9138714697324464,0.0016723688883023948,15.102
f02,160,32,5,8,1,edge_optimist,s1,0.58,1.0,0.05415235178473318,0.0013728501084715801,7.3
f02,160,32,5,8,1,edge_optimist,s2,0.68,1.0,0.14065084417279258,0.0031997595857101435,7.3
f02,160,32,5,8,1,edge_optimist,s3,0.78,1.0,0.3062645693142674,0.0057738794899890086,7.3
f02,160,32,5,8,1,edge_optimist,s4,0.88,1.0,0.5732015014005413,0.007356820324615639,7.3
f02,160,32,5,8,1,over_cautious,s1,0.54,1.0,0.034835794658656986,0.0009103422243658107,7.3
f02,160,32,5,8,1,over_cautious,s2,0.63,1.0,0.08943233076653194,0.00216250554705745,7.3
f02,160,32,5,8,1,over_cautious,s3,0.74,1.0,0.22867123505416728,0.004712059304548965,7.3
f02,160,32,5,8,1,over_cautious,s4,0.84,1.0,0.45392234418269123,0.007071904276246722,7.3
f02,160,32,5,8,1,localized_sign_error,s1,0.52,1.0,0.027529896281453282,0.0007289259187855243,7.3
f02,160,32,5,8,1,localized_sign_error,s2,0.6,1.0,0.06660237311999948,0.0016591416502321956,7.3
f02,160,32,5,8,1,localized_sign_error,s3,0.7,1.0,0.1664877890200008,0.003678088913848673,7.3
f02,160,32,5,8,1,localized_sign_error,s4,0.8,1.0,0.3512415027200004,0.006272089193108901,7.3
f02,160,32,5,8,1,path_aware,s1,0.56,1.0,0.043638991969530784,0.0011240472757598665,7.3
f02,160,32,5,8,1,path_aware,s2,0.66,1.0,0.11799719381539023,0.0027559932857286608,7.3
f02,160,32,5,8,1,path_aware,s3,0.77,1.0,0.2853444559963056,0.005512610810130677,7.3
f02,160,32,5,8,1,path_aware,s4,0.87,1.0,0.5418961171405755,0.007354359641807117,7.3
f02,160,32,5,8,2,edge_optimist,s1,0.58,1.0,0.09517326691192388,0.001297558719856871,12.964
f02,160,32,5,8,2,edge_optimist,s2,0.68,1.0,0.2813597206006859,0.002874997208306924,12.964
f02,160,32,5,8,2,edge_optimist,s3,0.78,1.0,0.5907424855657282,0.003972582608293491,12.964
f02,160,32,5,8,2,edge_optimist,s4,0.88,1.0,0.8915752566315971,0.0026337336971189217,12.964
f02,160,32,5,8,2,over_cautious,s1,0.54,1.0,0.05554461377109529,0.000836796905573128,12.964
f02,160,32,5,8,2,over_cautious,s2,0.63,1.0,0.17111474253460845,0.002038203523358553,12.964
f02,160,32,5,8,2,over_cautious,s3,0.74,1.0,0.4569045904274959,0.0037259812039837953,12.964
f02,160,32,5,8,2,over_cautious,s4,0.84,1.0,0.786569099592311,0.003521422035130701,12.964
f02,160,32,5,8,2,localized_sign_error,s1,0.52,1.0,0.04139106900488621,0.0006542766664170164,12.964
f02,160,32,5,8,2,localized_sign_error,s2,0.6,1.0,0.12168958072533828,0.0015744238903199978,12.964
f02,160,32,5,8,2,localized_sign_error,s3,0.7,1.0,0.33516102298222034,0.0031967324875575506,12.964
f02,160,32,5,8,2,localized_sign_error,s4,0.8,1.0,0.6585376417544926,0.0039434565677578986,12.964
f02,160,32,5,8,2,path_aware,s1,0.56,1.0,0.07329427124293178,0.0010511682574328891,12.964
f02,160,32,5,8,2,path_aware,s2,0.66,1.0,0.2330126479284329,0.002538713707306075,12.964
f02,160,32,5,8,2,path_aware,s3,0.77,1.0,0.5567442956450951,0.003945926239863375,12.964
f02,160,32,5,8,2,path_aware,s4,0.87,1.0,0.868257390240178,0.00289229844073483,12.964
f02,160,32,5,8,3,edge_optimist,s1,0.58,1.0,0.11859479334437292,0.001332805552659462,17.252
f02,160,32,5,8,3,edge_optimist,s2,0.68,1.0,0.36978101464269986,0.0029267555719622875,17.252
f02,160,32,5,8,3,edge_optimist,s3,0.78,1.0,0.728775387260874,0.0031775596381412993,17.252
f02,160,32,5,8,3,edge_optimist,s4,0.88,1.0,0.9628319426023838,0.0010720279231491785,17.252
f02,160,32,5,8,3,over_cautious,s1,0.54,1.0,0.06533030239661518,0.0008211868954765348,17.252
f02,160,32,5,8,3,over_cautious,s2,0.63,1.0,0.22245327013940064,0.002134012921636125,17.252
f02,160,32,5,8,3,over_cautious,s3,0.74,1.0,0.5853096513280046,0.0033999615386400006,17.252
f02,160,32,5,8,3,over_cautious,s4,0.84,1.0,0.8977572215533548,0.0020348025701222524,17.252
f02,160,32,5,8,3,localized_sign_error,s1,0.52,1.0,0.04690570605348054,0.0006216296952765774,17.252
f02,160,32,5,8,3,localized_sign_error,s2,0.6,1.0,0.15482879619713866,0.0016382060997870063,17.252
f02,160,32,5,8,3,localized_sign_error,s3,0.7,1.0,0.43871283813160883,0.003169666540248207,17.252
f02,160,32,5,8,3,localized_sign_error,s4,0.8,1.0,0.793306868621362,0.0028870286214402216,17.252
f02,160,32,5,8,3,path_aware,s1,0.56,1.0,0.08897429223779972,0.001058781400931889,17.252
f02,160,32,5,8,3,path_aware,s2,0.66,1.0,0.3060284534596202,0.0026297424336790363,17.252
f02,160,32,5,8,3,path_aware,s3,0.77,1.0,0.6942650934178366,0.0032791114615651476,17.252
f02,160,32,5,8,3,path_aware,s4,0.87,1.0,0.9502857308343557,0.0013032417167807688,17.252
f02,160,32,5,8,5,edge_optimist,s1,0.58,1.0,0.14120357655481805,0.0012231479979308124,23.25
f02,160,32,5,8,5,edge_optimist,s2,0.68,1.0,0.4672901050216295,0.002423051234837382,23.25
f02,160,32,5,8,5,edge_optimist,s3,0.78,1.0,0.8473293438587567,0.0017838733065773209,23.25
f02,160,32,5,8,5,edge_optimist,s4,0.88,1.0,0.99225457650751,0.00023422392345134253,23.25
f02,160,32,5,8,5,over_cautious,s1,0.54,1.0,0.0723329268442633,0.000740390237958302,23.25
f02,160,32,5,8,5,over_cautious,s2,0.63,1.0,0.27861166073746213,0.0019134808527968695,23.25
f02,160,32,5,8,5,over_cautious,s3,0.74,1.0,0.7126701336778754,0.0023307585860158444,23.25
f02,160,32,5,8,5,over_cautious,s4,0.84,1.0,0.9645653908920455,0.0007191409579388042,23.25
f02,160,32,5,8,5,localized_sign_error,s1,0.52,1.0,0.04951913805015763,0.0005490523099481056,23.25
f02,160,32,5,8,5,localized_sign_error,s2,0.6,1.0,0.18909977150524018,0.0014988684977322623,23.25
f02,160,32,5,8,5,localized_sign_error,s3,0.7,1.0,0.5504687616651138,0.0024953660217667656,23.25
f02,160,32,5,8,5,localized_sign_error,s4,0.8,1.0,0.898277806133228,0.0014249599761525645,23.25
f02,160,32,5,8,5,path_aware,s1,0.56,1.0,0.1025336819920324,0.0009668761689001899,23.25
f02,160,32,5,8,5,path_aware,s2,0.66,1.0,0.38718209422526967,0.0022645372025679868,23.25
f02,160,32,5,8,5,path_aware,s3,0.77,1.0,0.8174566836654924,0.0019481244521200394,23.25
f02,160,32,5,8,5,path_aware,s4,0.87,1.0,0.988003380732582,0.0003270283193838205,23.25
f02,160,32,5,12,1,edge_optimist,s1,0.58,1.0,0.06719745005364713,0.0011102964991968316,10.55
f02,160,32,5,12,1,edge_optimist,s2,0.68,1.0,0.1989201125243242,0.0027039574326108576,10.55
f02,160,32,5,12,1,edge_optimist,s3,0.78,1.0,0.44855082364386434,0.004478196200150612,10.55
f02,160,32,5,12,1,edge_optimist,s4,0.88,1.0,0.775803728314403,0.004068546628128178,10.55
f02,160,32,5,12,1,over_cautious,s1,0.54,1.0,0.039966728296398635,0.000704136273456541,10.55
f02,160,32,5,12,1,over_cautious,s2,0.63,1.0,0.11985413325892828,0.0018111898247668815,10.55
f02,160,32,5,12,1,over_cautious,s3,0.74,1.0,0.33431781822224177,0.0038585413718047598,10.55
f02,160,32,5,12,1,over_cautious,s4,0.84,1.0,0.6441009162926381,0.004695149329529662,10.55
f02,160,32,5,12,1,localized_sign_error,s1,0.52,1.0,0.030194170855551185,0.000548540447701209,10.55
f02,160,32,5,12,1,localized_sign_error,s2,0.6,1.0,0.0854674617139199,0.0013646789980410773,10.55
f02,160,32,5,12,1,localized_sign_error,s3,0.7,1.0,0.2390096706533208,0.003093228929626502,10.55
f02,160,32,5,12,1,localized_sign_error,s4,0.8,1.0,0.5114822865715178,0.004672932608132613,10.55
f02,160,32,5,12,1,path_aware,s1,0.56,1.0,0.05216831859965742,0.0008905998910703387,10.55
f02,160,32,5,12,1,path_aware,s2,0.66,1.0,0.16378305787011024,0.0023285680850566007,10.55
f02,160,32,5,12,1,path_aware,s3,0.77,1.0,0.4184023156949663,0.004347061638045994,10.55
f02,160,32,5,12,1,path_aware,s4,0.87,1.0,0.7437578587400087,0.0042931491145457605,10.55
f02,160,32,5,12,2,edge_optimist,s1,0.58,1.0,0.1196986389915872,0.0013345541790853919,17.502
f02,160,32,5,12,2,edge_optimist,s2,0.68,1.0,0.3742734363951622,0.002901482235138495,17.502
f02,160,32,5,12,2,edge_optimist,s3,0.78,1.0,0.7352042321810317,0.003097451698213357,17.502
f02,160,32,5,12,2,edge_optimist,s4,0.88,1.0,0.9651976429105377,0.001008356853544193,17.502
f02,160,32,5,12,2,over_cautious,s1,0.54,1.0,0.0657405207339168,0.0008243450814443678,17.502
f02,160,32,5,12,2,over_cautious,s2,0.63,1.0,0.22502442916948776,0.002127607436935782,17.502
f02,160,32,5,12,2,over_cautious,s3,0.74,1.0,0.5916279013252428,0.0033404114800821686,17.502
f02,160,32,5,12,2,over_cautious,s4,0.84,1.0,0.9021915181823911,0.0019502723559342784,17.502
f02,160,32,5,12,2,localized_sign_error,s1,0.52,1.0,0.04710953892591179,0.000624600841204608,17.502
f02,160,32,5,12,2,localized_sign_error,s2,0.6,1.0,0.15644061558189365,0.0016377760832894895,17.502
f02,160,32,5,12,2,localized_sign_error,s3,0.7,1.0,0.4439495729785553,0.0031338273835636106,17.502
f02,160,32,5,12,2,localized_sign_error,s4,0.8,1.0,0.7993361280091407,0.002800893935796202,17.502
f02,160,32,5,12,2,path_aware,s1,0.56,1.0,0.0896800163045748,0.0010616234734733424,17.502
f02,160,32,5,12,2,path_aware,s2,0.66,1.0,0.30973382486676093,0.002613405951877795,17.502
f02,160,32,5,12,2,path_aware,s3,0.77,1.0,0.7007778713909738,0.0032033156523517776,17.502
f02,160,32,5,12,2,path_aware,s4,0.87,1.0,0.9531616351293739,0.0012328400761349658,17.502
f02,160,32,5,12,3,edge_optimist,s1,0.58,1.0,0.1369513710730522,0.0013092600815263207,22.18
f02,160,32,5,12,3,edge_optimist,s2,0.68,1.0,0.4497611007848137,0.0027044663659482773,22.18
f02,160,32,5,12,3,edge_optimist,s3,0.78,1.0,0.8290172826813459,0.0021438839715390763,22.18
f02,160,32,5,12,3,edge_optimist,s4,0.88,1.0,0.9893659753413799,0.0003201437181014485,22.18
f02,160,32,5,12,3,over_cautious,s1,0.54,1.0,0.07096120675368645,0.0007839575792680365,22.18
f02,160,32,5,12,3,over_cautious,s2,0.63,1.0,0.2682241629719477,0.0020854688646408485,22.18
f02,160,32,5,12,3,over_cautious,s3,0.74,1.0,0.6913370252275107,0.0027055080892179795,22.18
f02,160,32,5,12,3,over_cautious,s4,0.84,1.0,0.9561872617899684,0.0009256973447455301,22.18
f02,160,32,5,12,3,localized_sign_error,s1,0.52,1.0,0.04895148601627564,0.0005789789564884311,22.18
f02,160,32,5,12,3,localized_sign_error,s2,0.6,1.0,0.18269783483309512,0.0016150341879340095,22.18
f02,160,32,5,12,3,localized_sign_error,s3,0.7,1.0,0.5307411246715713,0.0028176444049534616,22.18
f02,160,32,5,12,3,localized_sign_error,s4,0.8,1.0,0.8829343915047726,0.0017479671072981235,22.18
f02,160,32,5,12,3,path_aware,s1,0.56,1.0,0.09995347501115699,0.0010289242762508684,22.18
f02,160,32,5,12,3,path_aware,s2,0.66,1.0,0.3723884792455446,0.002501563782605948,22.18
f02,160,32,5,12,3,path_aware,s3,0.77,1.0,0.7979747323193648,0.0023193147811814583,22.18
f02,160,32,5,12,3,path_aware,s4,0.87,1.0,0.9840187538642018,0.00043974433344241316,22.18
f02,160,32,5,12,5,edge_optimist,s1,0.58,1.0,0.16489392713408677,0.0013080346619313353,27.76
f02,160,32,5,12,5,edge_optimist,s2,0.68,1.0,0.5450535658826321,0.002493389566497548,27.76
f02,160,32,5,12,5,edge_optimist,s3,0.78,1.0,0.9074826457423371,0.0013082703917260718,27.76
f02,160,32,5,12,5,edge_optimist,s4,0.88,1.0,0.9978627745025906,7.276077675092495e-05,27.76
f02,160,32,5,12,5,over_cautious,s1,0.54,1.0,0.08145367367347776,0.0007502977024197585,27.76
f02,160,32,5,12,5,over_cautious,s2,0.63,1.0,0.33004432248856136,0.002073558721528272,27.76
f02,160,32,5,12,5,over_cautious,s3,0.74,1.0,0.7931748332886706,0.002044043148593048,27.76
f02,160,32,5,12,5,over_cautious,s4,0.84,1.0,0.9854391845132336,0.00034634896096601565,27.76
f02,160,32,5,12,5,localized_sign_error,s1,0.52,1.0,0.05426367104702364,0.0005343186926381708,27.76
f02,160,32,5,12,5,localized_sign_error,s2,0.6,1.0,0.22296784181137233,0.0016234188142327047,27.76
f02,160,32,5,12,5,localized_sign_error,s3,0.7,1.0,0.6338003215694846,0.0024657757932439314,27.76
f02,160,32,5,12,5,localized_sign_error,s4,0.8,1.0,0.9447253877938413,0.0009300499705476454,27.76
f02,160,32,5,12,5,path_aware,s1,0.56,1.0,0.11792542821488049,0.001011201086901035,27.76
f02,160,32,5,12,5,path_aware,s2,0.66,1.0,0.4558621815545871,0.0023986218745529276,27.76
f02,160,32,5,12,5,path_aware,s3,0.77,1.0,0.8839016794988328,0.0015035399202807693,27.76
f02,160,32,5,12,5,path_aware,s4,0.87,1.0,0.9962885735036378,0.00011525630914853263,27.76
